HEB_01_001,1.43211139769326,0.98918098698409,1.07669071282967,1.03134802860191,0.274309332939018,0.948158162492915,0.285638842826814,0.495245337755292,0.92091523287459,0.428673024993222,0.551970341892077,0.341906160112943,0.418850361044511,0.181944605808398,0.274309332939018,0.274309332939018,0.274309332939018,0.274309332939018,0.345124050739868,0.541827297147906,0.546421768994884,0.274309332939018,0.274309332939018,0.274309332939018,0.274309332939018,0.274309332939018,0.274309332939018,0.274309332939018,0.678386970711562,1.10627840739059,0.274309332939018,0.798853670472509,0.798853670472509,0.613215883846118,1.03506233342839,1.03723810630305,0.930667483461661,0.957318940842214,1.185792696022,0.534680340941497,0.884659392966409,1.34128300186243,1.23083964413087,0.960153078648204,0.274309332939018,0.756464826765527,0.957318940842214,0.432774603308723,0.957318940842214,0.432774603308723,0.957318940842214,0.274309332939018,0.957318940842214,0.255332931977172,0.766005837267679,0.813499649693525,0.766005837267679,0.274309332939018,0.493611747765256,0.274309332939018,0.79146026750036,0.838844939215665,0.227026760598091,0.788027616120435,0.215584589331671,0.257850209655784,0.270876681559092,0.270876681559092,0.26128286103571,0.257850209655784,0.512320577952872,0.903716769294141,0.578160591753891,0.765565753757433,0.27969595510444,0.976031291697912,0.970789016923851,0.412935638666793,0.250051929854209,1.14092178131722,0.914771667071543,0.906058013568655,0.719247844470966,0.934945095181261,0.921957350626855,0.643873861503959,0.274309332939018,0.274309332939018,0.274309332939018,0.270876681559092,0.580466629347585,0.719251365139048,0.957318940842214,0.184919570337667,0.701260751240155,0.274309332939018,0.414995229494749,0.437175438411193,0.263958568778011,0.388026911986818,0.517235430595309,0.427775254632319,0.388026911986818,0.274309332939018,0.737840492611878,0.404045951759805,0.144343870692902,0.595640708780898,0.41822368212592,0.221270468284061,0.964571517091083,0.61241669219151,0.997137696849354,0.513014149565021,0.674200896362093,0.55835683379278,0.749557275988691,1.04128687459732,0.626798621306379,0.551329580301157
HEB_01_003,0.98918098698409,1.15027714231941,0.583233874460017,0.888549731196992,0.414572749324911,0.480050134313487,0.320282216753451,0.635508754141185,0.427458394504941,0.526688424395413,0.0585135035224282,0.313177508564025,0.221129641560782,0.322208022194291,0.414572749324911,0.414572749324911,0.414572749324911,0.414572749324911,0.31639539919095,0.6820907135338,0.686685185380777,0.414572749324911,0.414572749324911,0.414572749324911,0.414572749324911,0.414572749324911,0.414572749324911,0.414572749324911,0.51235226396561,0.781813636955748,0.414572749324911,0.939117086858402,0.939117086858402,0.753479300232012,0.710597562993553,0.712773335868214,1.07093089984755,1.09758235722811,0.966947968046416,0.52707569788443,0.790446315092752,0.890074180476487,0.948622890679735,1.04760647380447,0.414572749324911,0.89672824315142,1.09758235722811,0.573038019694617,1.09758235722811,0.573038019694617,1.09758235722811,0.414572749324911,1.09758235722811,0.395596348363065,0.906269253653573,0.953763066079419,0.906269253653573,0.414572749324911,0.633875164151149,0.414572749324911,0.889475666902551,0.936860338617856,0.325042160000281,0.886043015522625,0.313599988733862,0.398113626041677,0.411140097944986,0.411140097944986,0.401546277421603,0.398113626041677,0.468805120459658,1.04398018568003,0.718424008139784,0.398852966338892,0.388273358752556,1.0740466911001,0.60407622950531,0.553199055052686,0.337505325010474,0.922077053341642,1.05503508345744,1.04632142995455,0.787689631984565,0.885092435140492,0.428500512257206,0.784137277889852,0.414572749324911,0.414572749324911,0.414572749324911,0.411140097944986,0.720730045733478,0.859514781524942,1.09758235722811,0.32518298672356,0.440168006280871,0.414572749324911,0.428514594929533,0.471818812337829,0.404221985163904,0.528290328372712,0.509630787538243,0.335674577607846,0.528290328372712,0.414572749324911,0.371127705193337,0.523185359653848,0.284607287078796,0.102183870411249,0.43385544840989,0.361533884669955,0.597858729672542,0.752680108577403,0.630424909430813,0.146301362146481,0.307488108943553,0.698620250178674,0.477902526783482,0.674574087178783,0.260085833887838,0.184616792882617
HEB_01_004,1.07669071282967,0.583233874460017,1.13413900324194,0.756369768727313,0.514756880265599,0.922443202822167,0.526086390153395,0.539239606107655,0.899425074902213,0.485341698440696,0.792417889218658,0.582353707439523,0.659297908371092,0.422392153134979,0.514756880265599,0.514756880265599,0.514756880265599,0.514756880265599,0.53276157683682,0.431616303509754,0.393962758373028,0.514756880265599,0.514756880265599,0.514756880265599,0.514756880265599,0.514756880265599,0.514756880265599,0.514756880265599,0.686470424627777,0.831300147515992,0.514756880265599,0.523875410597915,0.523875410597915,0.533000982266394,0.828103380897559,0.863655087189345,0.524720370937589,0.551371828318141,0.779845583497924,0.458267760890306,0.651929150075518,0.977583906322063,0.824892531606798,0.554205966124131,0.514756880265599,0.58288180765182,0.551371828318141,0.542253297985825,0.551371828318141,0.542253297985825,0.551371828318141,0.514756880265599,0.551371828318141,0.474656470811901,0.55017480117027,0.597668613596116,0.55017480117027,0.514756880265599,0.506342483549678,0.514756880265599,0.470009188943694,0.557529476793516,0.467474307924672,0.466576537563768,0.456032136658252,0.498297756982365,0.511324228885673,0.511324228885673,0.50173040836229,0.498297756982365,0.590113259892197,0.529455669507846,0.535546425289663,0.906730461172312,0.520143502431021,0.57008417917384,0.839454014793847,0.522414333343895,0.49049947718079,0.73497466879315,0.551072571531173,0.500110901044582,0.376672757422448,0.528997982657189,0.846812211085175,0.406918816914697,0.514756880265599,0.514756880265599,0.514756880265599,0.511324228885673,0.563201273073578,0.549893147723712,0.551371828318141,0.425367117664248,0.768491428933554,0.514756880265599,0.613194759837626,0.508630917802962,0.419910082137186,0.459482391378588,0.588690909987079,0.668222801958899,0.459482391378588,0.514756880265599,0.893792005971053,0.475501431151575,0.384791418019483,0.836088256107479,0.50657836831117,0.461718015610642,0.812112506469227,0.459957681569654,0.844678686227498,0.753461696891602,0.856768660421001,0.536866675820403,0.806225949436165,0.888827863975468,0.86724616863296,0.791777127627738
HEB_01_005,1.03134802860191,0.888549731196992,0.756369768727313,1.11484639874033,0.448290187545988,0.778240158852543,0.402584874505786,0.584730158394857,0.744237546516827,0.484359432045825,0.375292655534314,0.439840584149248,0.421726746867485,0.366487464661294,0.448290187545988,0.448290187545988,0.448290187545988,0.448290187545988,0.337438432316916,0.546816083820065,0.466914521699637,0.448290187545988,0.448290187545988,0.448290187545988,0.448290187545988,0.448290187545988,0.448290187545988,0.448290187545988,0.672813753137795,1.00564715160349,0.448290187545988,0.972834525079479,0.972834525079479,0.66467748920035,0.811911828388555,0.683118748613736,0.851160236166415,0.877811693546967,0.895045363808236,0.643176769223728,0.944570601717382,0.923791618697564,0.908406299179332,0.84895981861518,0.448290187545988,0.67695757947028,0.877811693546967,0.353267356013477,0.877811693546967,0.353267356013477,0.877811693546967,0.448290187545988,0.877811693546967,0.429313786584142,0.686498589972433,0.733992402398279,0.686498589972433,0.448290187545988,0.536623749722747,0.448290187545988,0.868270683044814,0.966352975140562,0.38833321010995,0.864838031664888,0.37689103884353,0.431831064262754,0.444857536166062,0.444857536166062,0.43526371564268,0.431831064262754,0.322968486499998,0.887581547474448,0.752141446360861,0.45369441305182,0.432552801219559,0.875400035910814,0.840584149248161,0.333428391371546,0.392346771723402,0.850174449103462,0.835264419776296,0.826550766273408,0.607632104268105,0.758267408823498,0.631210018413094,0.680548660913895,0.448290187545988,0.448290187545988,0.448290187545988,0.444857536166062,0.500959382052338,0.639744117843802,0.877811693546967,0.358900424944637,0.389389410534543,0.448290187545988,0.525604058626164,0.547784267542609,0.437939423384981,0.562007766593788,0.606720251234874,0.47501205828818,0.562007766593788,0.448290187545988,0.616085228332928,0.56746480212085,0.318324725299872,0.418963022423135,0.279146730883652,0.395251322891031,0.589328150909916,0.532909444896263,0.621894330668187,0.391258885286071,0.438375986227146,0.73233768839975,0.574991990480113,0.666043508416157,0.505043357027429,0.429574316022208
HEB_01_013,0.274309332939018,0.414572749324911,0.514756880265599,0.448290187545988,0.948550403851099,0.348201114643514,0.724983012776504,0.685326207501135,0.304058978231709,0.593405084548844,0.44209029105363,0.739002313078929,0.625830437583836,0.748032826709196,0.840397553839816,0.840397553839816,0.840397553839816,0.840397553839816,0.636600161246598,0.431947246309459,0.352045684189031,0.840397553839816,0.840397553839816,0.840397553839816,0.840397553839816,0.840397553839816,0.840397553839816,0.840397553839816,0.631878945348669,0.320430084812894,0.840397553839816,0.51998155169925,0.51998155169925,0.63430468565715,0.380182863500177,0.293637800709062,0.398307262786186,0.424958720166739,0.273200322493196,0.467048307086753,0.44524480965508,0.217450543415118,0.254875245126515,0.364420832497174,0.840397553839816,0.519840724975971,0.424958720166739,0.745374722307305,0.424958720166739,0.745374722307305,0.424958720166739,0.840397553839816,0.424958720166739,0.779173135894267,0.444885701510718,0.492379513936564,0.444885701510718,0.840397553839816,0.616095790337174,0.840397553839816,0.385844097775994,0.505050398363593,0.750866964515186,0.382411446396068,0.739424793248766,0.823938430556582,0.83696490245989,0.83696490245989,0.827371081936508,0.823938430556582,0.567207793350866,0.43472857409422,0.595024591866552,0.592313677443431,0.803536159021535,0.401423054038734,0.429979192851635,0.725535757665374,0.752768125279453,0.228329407788422,0.424659463379771,0.373697792893179,0.220686037382453,0.191344789587272,0.275527484095382,0.3650017427307,0.840397553839816,0.840397553839816,0.840397553839816,0.83696490245989,0.639578646443949,0.567123297316898,0.424958720166739,0.751007791238465,0.506884666434302,0.840397553839816,0.769843365477032,0.707527540426071,0.745550755711403,0.785123064952805,0.745339515626485,0.7403753736309,0.785123064952805,0.840397553839816,0.670208458757133,0.780018096233941,0.7104320915937,0.485760657942451,0.553382129792949,0.787358689184859,0.220971211497093,0.418040607385657,0.253537391255364,0.529878149677682,0.576995250618757,0.617468850889144,0.512933174199136,0.297686569003334,0.64366262141904,0.568193580413819
HEB_01_021,0.948158162492915,0.480050134313487,0.922443202822167,0.778240158852543,0.348201114643514,1.76732238901716,0.976351672493372,0.484641085492383,1.46376000309819,0.941944183328228,1.52996968704781,0.643937233529434,1.41374891299373,0.720564574333625,0.348201114643514,0.348201114643514,0.348201114643514,0.348201114643514,1.09498410418361,1.33816016927372,0.966747289965743,0.348201114643514,0.348201114643514,0.348201114643514,0.348201114643514,0.348201114643514,0.348201114643514,0.348201114643514,0.456542633530138,0.842186053225459,0.348201114643514,0.534761316307382,0.534761316307382,0.399821150061436,0.652675531708897,0.823843372518369,0.421536630791058,0.448188088171611,0.676661843351394,0.963455465309097,1.01769839844809,0.857500959382052,0.713259188063526,0.451022225977601,0.348201114643514,0.543070092980844,0.448188088171611,0.261627886507743,0.448188088171611,0.261627886507743,0.448188088171611,0.348201114643514,0.448188088171611,0.286976696697965,0.468115069515591,0.515608881941437,0.468115069515591,0.348201114643514,0.377387453043089,0.348201114643514,1.06814253072663,0.577287466069561,0.841693159693983,1.08583388783856,0.914747022394969,0.352865999852132,0.36589247175544,0.36589247175544,0.335174642740206,0.352865999852132,0.341173861151892,0.453733140400722,0.609804356474684,0.653566260733636,0.353587736808937,0.466900439027309,0.699936980041332,0.241788921865813,0.323943711558705,0.63179092864662,0.447888831384643,0.396927160898052,0.677380059640117,1.3299218059619,1.62111978369015,0.671292824526382,0.348201114643514,0.348201114643514,0.348201114643514,0.36589247175544,0.409319912546604,0.379112580403257,0.448188088171611,0.279935360534014,0.530114034439175,0.348201114643514,0.510011019691096,0.342075152180878,0.253354316515102,0.292926625756503,0.422135144364994,0.501667036336815,0.292926625756503,0.348201114643514,0.727236240348968,0.308945665529491,0.68296383921813,1.15115988409961,0.701665628069582,0.654270394350032,0.793424800290102,0.44126997539053,0.825990980048373,0.586905931269517,0.638247833908962,0.632248615497276,0.7220538169323,0.870140157796343,0.700690403010875,0.625221362005654
HEB_01_022,0.285638842826814,0.320282216753451,0.526086390153395,0.402584874505786,0.724983012776504,0.976351672493372,1.27352926363113,0.569911666437823,0.651260223139943,0.714579438594267,1.07024084890349,0.733432616173245,1.19060896995814,0.941028809626914,0.724983012776504,0.724983012776504,0.724983012776504,0.724983012776504,1.01126261719424,0.920679348113098,0.70135932994645,0.724983012776504,0.724983012776504,0.724983012776504,0.724983012776504,0.724983012776504,0.724983012776504,0.724983012776504,0.579836429760911,0.33175959470069,0.724983012776504,0.404567010635938,0.404567010635938,0.518890144593838,0.391512373387974,0.304967310596858,0.282892721722874,0.309544179103426,0.157785781429884,0.736090720575136,0.545295155208652,0.228780053302915,0.202832729538757,0.312378316909416,0.724983012776504,0.404426183912659,0.309544179103426,0.629960181243992,0.309544179103426,0.629960181243992,0.309544179103426,0.724983012776504,0.309544179103426,0.663758594830955,0.329471160447406,0.376964972873252,0.329471160447406,0.724983012776504,0.500681249273862,0.724983012776504,0.591514485788823,0.410759865792132,0.893165327052461,0.609205842900749,0.945095181261596,0.729647897985121,0.742674369888429,0.742674369888429,0.711956540873196,0.729647897985121,0.515165277763108,0.319314033030908,0.47961005080324,0.603643187331228,0.688121617958223,0.286008512975422,0.441308702739431,0.610121216602062,0.700725609691695,0.239658917676218,0.309244922316458,0.258283251829867,0.41114713928115,0.692751296486021,0.90367804194524,0.448152881490791,0.724983012776504,0.724983012776504,0.724983012776504,0.742674369888429,0.524164105380637,0.451708756253586,0.309544179103426,0.656717258667004,0.518214176322098,0.724983012776504,0.675552832905572,0.592112999362759,0.630136214648091,0.669708523889493,0.629924974563173,0.688332858043142,0.669708523889493,0.724983012776504,0.68153796864493,0.664603555170629,1.03862172885927,0.953368751254237,0.877346965360146,0.794463397374285,0.232300721384889,0.302626066322345,0.26486690114316,0.541207659565479,0.588324760506553,0.502054309825832,0.524262684086932,0.30901607889113,0.654992131306836,0.579523090301615
HEB_01_023,0.495245337755292,0.635508754141185,0.539239606107655,0.584730158394857,0.685326207501135,0.484641085492383,0.569911666437823,0.918935540222085,0.440498949080578,0.605213405295789,0.287018944714949,0.583930966740248,0.470759091245154,0.592961480370515,0.685326207501135,0.685326207501135,0.685326207501135,0.685326207501135,0.502652823399768,0.652883251125733,0.572981689005305,0.685326207501135,0.685326207501135,0.685326207501135,0.685326207501135,0.685326207501135,0.685326207501135,0.685326207501135,0.476807599009988,0.456870055661762,0.685326207501135,0.656421522548118,0.656421522548118,0.663012213197576,0.408890391040604,0.514573805525336,0.61924326760246,0.645894724983012,0.49413632730947,0.392248193017107,0.497188746536542,0.438386548231392,0.475811249942789,0.585356837313448,0.685326207501135,0.740776729792245,0.645894724983012,0.674799409936029,0.645894724983012,0.674799409936029,0.645894724983012,0.685326207501135,0.645894724983012,0.624101789555586,0.665821706326992,0.713315518752838,0.665821706326992,0.685326207501135,0.651140520425155,0.685326207501135,0.606780102592268,0.641490369212461,0.595795618176505,0.603347451212342,0.584353446910085,0.668867084217901,0.681893556121209,0.681893556121209,0.672299735597827,0.668867084217901,0.560004506455145,0.655664578910494,0.73146456271542,0.521738365072156,0.648464812682854,0.622359058855008,0.376303087273841,0.654960445294099,0.597696778940771,0.449265412604695,0.645595468196044,0.594633797709453,0.357126008231322,0.412280794403545,0.295785408239067,0.52256572207142,0.685326207501135,0.685326207501135,0.685326207501135,0.681893556121209,0.737995402007484,0.6845516605231,0.645894724983012,0.595936444899784,0.520805388030432,0.685326207501135,0.699268053105757,0.55245619408739,0.590479409372722,0.630051718614124,0.590268169287804,0.585304027292219,0.630051718614124,0.685326207501135,0.515137112418452,0.62494674989526,0.555360745255019,0.33068931160377,0.525054834405376,0.632287342846178,0.441907216313367,0.638976612201931,0.474473396071638,0.374806803339001,0.451497516168668,0.753908821738013,0.524741494946081,0.518622573819608,0.488591275080359,0.413122234075138
HEB_01_025,0.92091523287459,0.427458394504941,0.899425074902213,0.744237546516827,0.304058978231709,1.46376000309819,0.651260223139943,0.440498949080578,1.5974690053891,0.720360375584871,1.37175790478001,0.582895890324148,0.964025813538377,0.45884515045575,0.304058978231709,0.304058978231709,0.304058978231709,0.304058978231709,0.805803469266328,0.854638656231406,0.702915465238683,0.304058978231709,0.304058978231709,0.304058978231709,0.304058978231709,0.304058978231709,0.304058978231709,0.304058978231709,0.551818953164552,1.09378003569957,0.304058978231709,0.490619179895577,0.490619179895577,0.35145421195126,0.90004471248464,1.19373180254685,0.495688941933621,0.395596348363065,0.877558205445065,0.921425729746477,0.838362607688435,1.11754454525291,0.922605153553938,0.567422554103866,0.304058978231709,0.490478353172298,0.395596348363065,0.209036146699197,0.395596348363065,0.209036146699197,0.395596348363065,0.304058978231709,0.395596348363065,0.411826628220971,0.584515397641856,0.463017142132891,0.584515397641856,0.304058978231709,0.540260599851428,0.304058978231709,0.745163482222386,0.528498047789548,0.571524132419368,0.752292835088386,0.591767973890725,0.340409876178103,0.311188331097709,0.311188331097709,0.333280523312104,0.340409876178103,0.711062291180374,0.468738227766101,0.650158254030285,0.774191390558272,0.43618965134824,0.477680724694318,0.949841041836098,0.273693216024673,0.554413685540968,1.0016793586751,0.458669117051651,0.55557550600802,0.839830726278618,0.994268352362544,1.22631910631361,0.612786362340117,0.304058978231709,0.304058978231709,0.304058978231709,0.311188331097709,0.356728172738058,0.326520840594711,0.395596348363065,0.520967338762203,0.836630438992103,0.304058978231709,0.455306879033365,0.466925083703883,0.462700282005513,0.248784489344698,0.377993007953189,0.605392959367969,0.248784489344698,0.304058978231709,0.725342120920866,0.264803529117685,0.42758161788781,1.21686259184543,0.574717378369719,0.396775772170527,1.16331323031859,0.790034396927161,1.06913535912575,0.952569559599629,0.94053943676352,0.588106479085471,0.960973394311304,1.24002858782483,0.910036368501286,1.00355939543088
HEB_01_030,0.428673024993222,0.526688424395413,0.485341698440696,0.484359432045825,0.593405084548844,0.941944183328228,0.714579438594267,0.605213405295789,0.720360375584871,1.18100004506379,0.786570059534497,0.787745962673876,0.970310206064703,0.775652467812291,0.593405084548844,0.593405084548844,0.593405084548844,0.593405084548844,1.08669997218672,1.00879110820069,0.738773469653601,0.593405084548844,0.593405084548844,0.593405084548844,0.593405084548844,0.593405084548844,0.593405084548844,0.593405084548844,0.384886476057696,0.326925717424138,0.593405084548844,0.526477184310494,0.526477184310494,0.566866288546914,0.312744466389942,0.469125501255118,0.573794963332242,0.53707439523724,0.448688023039252,0.853776092551322,0.874220612103352,0.32956621848562,0.366990920197016,0.476536507567676,0.593405084548844,0.631956400046472,0.53707439523724,0.604002295475589,0.53707439523724,0.604002295475589,0.53707439523724,0.593405084548844,0.53707439523724,0.532180666603294,0.55700137658122,0.604495189007066,0.55700137658122,0.593405084548844,0.609917017853307,0.593405084548844,1.00493597665093,0.560131250506096,1.0319747075205,1.001503325271,1.08390456172963,0.576945961265609,0.589972433168918,0.589972433168918,0.580378612645535,0.576945961265609,0.520893404732482,0.546844249164721,0.633206237215574,0.419255237873939,0.619915715206117,0.545224741847013,0.29283156771829,0.615849343571436,0.50577565598848,0.403817108334477,0.568461151188049,0.549185493439235,0.628537831338875,0.958304727905168,0.831247337494763,0.669345895077049,0.593405084548844,0.593405084548844,0.593405084548844,0.589972433168918,0.624950270563342,0.573618929928143,0.53707439523724,0.504015321947492,0.439446269324067,0.593405084548844,0.565098913169763,0.460535071135098,0.498558286420431,0.538130595661832,0.498347046335512,0.493382904339927,0.538130595661832,0.593405084548844,0.423215989466161,0.533025626942968,0.547935656270134,0.407760256586289,0.589451374292785,0.87835035576351,0.396458912043149,0.593528307931713,0.42902509180142,0.339920503314709,0.41449881529519,0.623964483500389,0.4454947770889,0.473174269549389,0.396670152128068,0.384573136598401
HEB_01_031,0.551970341892077,0.0585135035224282,0.792417889218658,0.375292655534314,0.44209029105363,1.52996968704781,1.07024084890349,0.287018944714949,1.37175790478001,0.786570059534497,2,0.908930878723546,1.53721170129244,0.994007822924478,0.44209029105363,0.44209029105363,0.44209029105363,0.44209029105363,1.21210968993476,1.00534437414844,0.92121801032964,0.44209029105363,0.44209029105363,0.44209029105363,0.44209029105363,0.44209029105363,0.44209029105363,0.44209029105363,0.689850265986473,0.724835144717061,0.44209029105363,0.121674288913064,0.121674288913064,0.235997422870964,0.784587923404345,0.69804286061323,0,0.0266514573805524,0.381869263511444,1.20943750286054,0.714456215211398,0.748599654270394,0.553660262571425,0.198477663121354,0.44209029105363,0.121533462189785,0.0266514573805524,0.347067459521118,0.0266514573805524,0.347067459521118,0.0266514573805524,0.44209029105363,0.0266514573805524,0.549857941042892,0.215570506659343,0.094072251150378,0.215570506659343,0.44209029105363,0.302284561518393,0.44209029105363,0.663505106729052,0.170115161052961,0.944031939500839,0.681196463840978,1.01708580220183,0.48900319324595,0.459781648165555,0.459781648165555,0.471311836134024,0.48900319324595,0.658977527575632,0.0364213113080336,0.217841337572217,0.912222703380193,0.447476913219052,0.0453638082362508,0.876632269739506,0.348352503371039,0.692444998362889,0.50599041674148,0.0263522005935845,0.0598865640743986,0.937726422966022,1.12173766093854,1.85865221784486,0.672236363572351,0.44209029105363,0.44209029105363,0.44209029105363,0.459781648165555,0.241271383657762,0.168816034530712,0.0266514573805524,0.66956065583005,0.826793692371063,0.44209029105363,0.519404162133806,0.604956396525804,0.600731594827434,0.386815802166619,0.51602432077511,0.74342427218989,0.386815802166619,0.44209029105363,0.863373433742787,0.402834841939606,1.1528603667832,1.94214134074082,1.1310040593303,0.748159570760147,1.04363163953992,0.294345454993539,0.949453768347081,1.35253857772051,1.01519872410989,0.324781630562215,0.845516605231008,0.744339645891204,1.04806768132321,1.18510616574601
HEB_01_032,0.341906160112943,0.313177508564025,0.582353707439523,0.439840584149248,0.739002313078929,0.643937233529434,0.733432616173245,0.583930966740248,0.582895890324148,0.787745962673876,0.908930878723546,1.24119996925059,0.904667349676274,0.879001679358674,0.739002313078929,0.739002313078929,0.739002313078929,0.739002313078929,0.959797491171924,0.541792090467087,0.588634579297767,0.739002313078929,0.739002313078929,0.739002313078929,0.739002313078929,0.739002313078929,0.739002313078929,0.739002313078929,0.530483704587782,0.219034844052007,0.739002313078929,0.418586310938363,0.418586310938363,0.532909444896263,0.278787622739291,0.192242559948175,0.296912022025299,0.323563479405852,0.171805081732309,0.767009227671042,0.724081721747518,0.24279935360534,0.216852029841182,0.263025591736287,0.739002313078929,0.418445484215084,0.323563479405852,0.643979481546418,0.323563479405852,0.643979481546418,0.323563479405852,0.739002313078929,0.323563479405852,0.67777789513338,0.343490460749831,0.390984273175677,0.343490460749831,0.739002313078929,0.514700549576287,0.739002313078929,0.580184975901026,0.445903174586409,0.945207842640219,0.576752324521101,0.9337656713738,0.722543189795695,0.735569661699004,0.735569661699004,0.725975841175621,0.722543189795695,0.465812552589979,0.333333333333333,0.493629351105665,0.533166453666247,0.7232649267525,0.34227583026155,0.370831969074451,0.624140516904487,0.651372884518566,0.126934167027535,0.323264222618884,0.272302552132292,0.647391008917852,0.681421786598224,0.881786527811517,0.728334688790545,0.739002313078929,0.739002313078929,0.739002313078929,0.735569661699004,0.538183405683062,0.465728056556012,0.323563479405852,0.702422571707207,0.458299446903044,0.739002313078929,0.668448124716146,0.648380316648887,0.644155514950517,0.683727824191918,0.686192291849301,0.660104141361864,0.683727824191918,0.739002313078929,0.611061234979949,0.699746863964906,0.93645898245651,0.870217612494147,0.798420628298425,0.812707499375081,0.499808123589532,0.422265409084027,0.532374303347803,0.808715061770121,0.517848026841573,0.547759622866035,0.411537933438249,0.23853934522615,0.584515397641856,0.671701222023891
HEB_01_033,0.418850361044511,0.221129641560782,0.659297908371092,0.421726746867485,0.625830437583836,1.41374891299373,1.19060896995814,0.470759091245154,0.964025813538377,0.970310206064703,1.53721170129244,0.904667349676274,1.51611560718158,0.998193897273946,0.625830437583836,0.625830437583836,0.625830437583836,0.625830437583836,1.35148941863208,1.10458848671124,0.72895080570489,0.625830437583836,0.625830437583836,0.625830437583836,0.625830437583836,0.625830437583836,0.625830437583836,0.625830437583836,0.565179888535648,0.35935107045913,0.625830437583836,0.305414435443269,0.305414435443269,0.419737569401169,0.419103849146414,0.332558786355298,0.183740146530205,0.210391603910758,0.227625274172027,1.07631752201298,0.796801120980717,0.34086756302876,0.251548213789048,0.192101733224897,0.625830437583836,0.30527360871999,0.210391603910758,0.530807606051324,0.210391603910758,0.530807606051324,0.210391603910758,0.625830437583836,0.210391603910758,0.564606019638286,0.230318585254738,0.277812397680584,0.230318585254738,0.625830437583836,0.401528674081193,0.625830437583836,0.847245253259258,0.353855307583167,1.12777208603104,0.864936610371184,1.20082594873203,0.630495322792453,0.643521794695761,0.643521794695761,0.612803965680527,0.630495322792453,0.458260719554142,0.220161457838239,0.380457475610571,0.67348268007337,0.620655055503332,0.229103954766456,0.511148195481574,0.510968641409393,0.580449026007175,0.203878367959104,0.21009234712379,0.159130676637198,0.534219133422758,1.05410210641571,1.34952488584234,0.479969158947602,0.625830437583836,0.625830437583836,0.625830437583836,0.643521794695761,0.425011530187968,0.352556181060918,0.210391603910758,0.578688691966187,0.503557635096836,0.625830437583836,0.639772283188457,0.577456458137496,0.530983639455423,0.570555948696824,0.636392441829761,0.673676316817879,0.570555948696824,0.625830437583836,0.751377461387072,0.586574988469812,0.960593162158451,1.15840189834423,0.88592683347592,0.931899717290353,0.302140214127032,0.224597499621528,0.324144389639378,0.611047152307621,0.658164253248696,0.402901734633164,0.520168147107595,0.378855571633273,0.724831624048979,0.649362583043758
HEB_01_038,0.181944605808398,0.322208022194291,0.422392153134979,0.366487464661294,0.748032826709196,0.720564574333625,0.941028809626914,0.592961480370515,0.45884515045575,0.775652467812291,0.994007822924478,0.879001679358674,0.998193897273946,1.07984508658875,0.748032826709196,0.748032826709196,0.748032826709196,0.748032826709196,0.947703996310339,0.825434714491421,0.808905177846548,0.748032826709196,0.748032826709196,0.748032826709196,0.748032826709196,0.748032826709196,0.748032826709196,0.748032826709196,0.539514218218049,0.228065357682273,0.748032826709196,0.42761682456863,0.42761682456863,0.54193995852653,0.287818136369557,0.201273073578442,0.305942535655566,0.332593993036118,0.180835595362576,0.723229720071681,0.564120167442974,0.125085816284498,0.162510517995895,0.272056105366554,0.748032826709196,0.427475997845351,0.332593993036118,0.653009995176684,0.332593993036118,0.653009995176684,0.332593993036118,0.748032826709196,0.332593993036118,0.686808408763646,0.352520974380098,0.400014786805944,0.352520974380098,0.748032826709196,0.523731063206554,0.748032826709196,0.610339498023144,0.423247675478899,0.933114347778634,0.617468850889144,0.963920193495917,0.742135707671888,0.755162179575196,0.755162179575196,0.735006354805888,0.742135707671888,0.474843066220246,0.342363846963599,0.502659864735932,0.499948950312811,0.711171431890915,0.309058326908114,0.337614465721015,0.633171030534754,0.660403398148832,0.135964680657802,0.33229473624915,0.281333065762559,0.567700686882342,0.690452300228491,0.90137904568771,0.690892383738738,0.748032826709196,0.748032826709196,0.748032826709196,0.755162179575196,0.547213919313329,0.474758570186278,0.332593993036118,0.66920506835377,0.414519939303682,0.748032826709196,0.688040642592338,0.615162813295451,0.653186028580783,0.692758337822185,0.652974788495865,0.64801064650028,0.692758337822185,0.748032826709196,0.577843731626513,0.687653369103321,1.10391955977566,0.900372134616264,0.946869597974911,0.874548034234976,0.38209458626869,0.325675880255037,0.414660766026961,0.691001524449279,0.484630523488137,0.577914144988153,0.420568447068515,0.205321841872713,0.55129789428842,0.596235701686752
HEB_01_041,0.274309332939018,0.414572749324911,0.514756880265599,0.448290187545988,0.840397553839816,0.348201114643514,0.724983012776504,0.685326207501135,0.304058978231709,0.593405084548844,0.44209029105363,0.739002313078929,0.625830437583836,0.748032826709196,0.948550403851099,0.840397553839816,0.840397553839816,0.840397553839816,0.636600161246598,0.431947246309459,0.352045684189031,0.840397553839816,0.840397553839816,0.840397553839816,0.840397553839816,0.840397553839816,0.840397553839816,0.840397553839816,0.631878945348669,0.320430084812894,0.840397553839816,0.51998155169925,0.51998155169925,0.63430468565715,0.380182863500177,0.293637800709062,0.398307262786186,0.424958720166739,0.273200322493196,0.467048307086753,0.44524480965508,0.217450543415118,0.254875245126515,0.364420832497174,0.840397553839816,0.519840724975971,0.424958720166739,0.745374722307305,0.424958720166739,0.745374722307305,0.424958720166739,0.840397553839816,0.424958720166739,0.779173135894267,0.444885701510718,0.492379513936564,0.444885701510718,0.840397553839816,0.616095790337174,0.840397553839816,0.385844097775994,0.505050398363593,0.750866964515186,0.382411446396068,0.739424793248766,0.823938430556582,0.83696490245989,0.83696490245989,0.827371081936508,0.823938430556582,0.567207793350866,0.43472857409422,0.595024591866552,0.592313677443431,0.803536159021535,0.401423054038734,0.429979192851635,0.725535757665374,0.752768125279453,0.228329407788422,0.424659463379771,0.373697792893179,0.220686037382453,0.191344789587272,0.275527484095382,0.3650017427307,0.840397553839816,0.840397553839816,0.840397553839816,0.83696490245989,0.639578646443949,0.567123297316898,0.424958720166739,0.751007791238465,0.506884666434302,0.840397553839816,0.769843365477032,0.707527540426071,0.745550755711403,0.785123064952805,0.745339515626485,0.7403753736309,0.785123064952805,0.840397553839816,0.670208458757133,0.780018096233941,0.7104320915937,0.485760657942451,0.553382129792949,0.787358689184859,0.220971211497093,0.418040607385657,0.253537391255364,0.529878149677682,0.576995250618757,0.617468850889144,0.512933174199136,0.297686569003334,0.64366262141904,0.568193580413819
HEB_01_042,0.274309332939018,0.414572749324911,0.514756880265599,0.448290187545988,0.840397553839816,0.348201114643514,0.724983012776504,0.685326207501135,0.304058978231709,0.593405084548844,0.44209029105363,0.739002313078929,0.625830437583836,0.748032826709196,0.840397553839816,0.948550403851099,0.840397553839816,0.840397553839816,0.636600161246598,0.431947246309459,0.352045684189031,0.840397553839816,0.840397553839816,0.840397553839816,0.840397553839816,0.840397553839816,0.840397553839816,0.840397553839816,0.631878945348669,0.320430084812894,0.840397553839816,0.51998155169925,0.51998155169925,0.63430468565715,0.380182863500177,0.293637800709062,0.398307262786186,0.424958720166739,0.273200322493196,0.467048307086753,0.44524480965508,0.217450543415118,0.254875245126515,0.364420832497174,0.840397553839816,0.519840724975971,0.424958720166739,0.745374722307305,0.424958720166739,0.745374722307305,0.424958720166739,0.840397553839816,0.424958720166739,0.779173135894267,0.444885701510718,0.492379513936564,0.444885701510718,0.840397553839816,0.616095790337174,0.840397553839816,0.385844097775994,0.505050398363593,0.750866964515186,0.382411446396068,0.739424793248766,0.823938430556582,0.83696490245989,0.83696490245989,0.827371081936508,0.823938430556582,0.567207793350866,0.43472857409422,0.595024591866552,0.592313677443431,0.803536159021535,0.401423054038734,0.429979192851635,0.725535757665374,0.752768125279453,0.228329407788422,0.424659463379771,0.373697792893179,0.220686037382453,0.191344789587272,0.275527484095382,0.3650017427307,0.840397553839816,0.840397553839816,0.840397553839816,0.83696490245989,0.639578646443949,0.567123297316898,0.424958720166739,0.751007791238465,0.506884666434302,0.840397553839816,0.769843365477032,0.707527540426071,0.745550755711403,0.785123064952805,0.745339515626485,0.7403753736309,0.785123064952805,0.840397553839816,0.670208458757133,0.780018096233941,0.7104320915937,0.485760657942451,0.553382129792949,0.787358689184859,0.220971211497093,0.418040607385657,0.253537391255364,0.529878149677682,0.576995250618757,0.617468850889144,0.512933174199136,0.297686569003334,0.64366262141904,0.568193580413819
HEB_01_047,0.274309332939018,0.414572749324911,0.514756880265599,0.448290187545988,0.840397553839816,0.348201114643514,0.724983012776504,0.685326207501135,0.304058978231709,0.593405084548844,0.44209029105363,0.739002313078929,0.625830437583836,0.748032826709196,0.840397553839816,0.840397553839816,0.948550403851099,0.840397553839816,0.636600161246598,0.431947246309459,0.352045684189031,0.840397553839816,0.840397553839816,0.840397553839816,0.840397553839816,0.840397553839816,0.840397553839816,0.840397553839816,0.631878945348669,0.320430084812894,0.840397553839816,0.51998155169925,0.51998155169925,0.63430468565715,0.380182863500177,0.293637800709062,0.398307262786186,0.424958720166739,0.273200322493196,0.467048307086753,0.44524480965508,0.217450543415118,0.254875245126515,0.364420832497174,0.840397553839816,0.519840724975971,0.424958720166739,0.745374722307305,0.424958720166739,0.745374722307305,0.424958720166739,0.840397553839816,0.424958720166739,0.779173135894267,0.444885701510718,0.492379513936564,0.444885701510718,0.840397553839816,0.616095790337174,0.840397553839816,0.385844097775994,0.505050398363593,0.750866964515186,0.382411446396068,0.739424793248766,0.823938430556582,0.83696490245989,0.83696490245989,0.827371081936508,0.823938430556582,0.567207793350866,0.43472857409422,0.595024591866552,0.592313677443431,0.803536159021535,0.401423054038734,0.429979192851635,0.725535757665374,0.752768125279453,0.228329407788422,0.424659463379771,0.373697792893179,0.220686037382453,0.191344789587272,0.275527484095382,0.3650017427307,0.840397553839816,0.840397553839816,0.840397553839816,0.83696490245989,0.639578646443949,0.567123297316898,0.424958720166739,0.751007791238465,0.506884666434302,0.840397553839816,0.769843365477032,0.707527540426071,0.745550755711403,0.785123064952805,0.745339515626485,0.7403753736309,0.785123064952805,0.840397553839816,0.670208458757133,0.780018096233941,0.7104320915937,0.485760657942451,0.553382129792949,0.787358689184859,0.220971211497093,0.418040607385657,0.253537391255364,0.529878149677682,0.576995250618757,0.617468850889144,0.512933174199136,0.297686569003334,0.64366262141904,0.568193580413819
HEB_01_050,0.274309332939018,0.414572749324911,0.514756880265599,0.448290187545988,0.840397553839816,0.348201114643514,0.724983012776504,0.685326207501135,0.304058978231709,0.593405084548844,0.44209029105363,0.739002313078929,0.625830437583836,0.748032826709196,0.840397553839816,0.840397553839816,0.840397553839816,0.948550403851099,0.636600161246598,0.431947246309459,0.352045684189031,0.840397553839816,0.840397553839816,0.840397553839816,0.840397553839816,0.840397553839816,0.840397553839816,0.840397553839816,0.631878945348669,0.320430084812894,0.840397553839816,0.51998155169925,0.51998155169925,0.63430468565715,0.380182863500177,0.293637800709062,0.398307262786186,0.424958720166739,0.273200322493196,0.467048307086753,0.44524480965508,0.217450543415118,0.254875245126515,0.364420832497174,0.840397553839816,0.519840724975971,0.424958720166739,0.745374722307305,0.424958720166739,0.745374722307305,0.424958720166739,0.840397553839816,0.424958720166739,0.779173135894267,0.444885701510718,0.492379513936564,0.444885701510718,0.840397553839816,0.616095790337174,0.840397553839816,0.385844097775994,0.505050398363593,0.750866964515186,0.382411446396068,0.739424793248766,0.823938430556582,0.83696490245989,0.83696490245989,0.827371081936508,0.823938430556582,0.567207793350866,0.43472857409422,0.595024591866552,0.592313677443431,0.803536159021535,0.401423054038734,0.429979192851635,0.725535757665374,0.752768125279453,0.228329407788422,0.424659463379771,0.373697792893179,0.220686037382453,0.191344789587272,0.275527484095382,0.3650017427307,0.840397553839816,0.840397553839816,0.840397553839816,0.83696490245989,0.639578646443949,0.567123297316898,0.424958720166739,0.751007791238465,0.506884666434302,0.840397553839816,0.769843365477032,0.707527540426071,0.745550755711403,0.785123064952805,0.745339515626485,0.7403753736309,0.785123064952805,0.840397553839816,0.670208458757133,0.780018096233941,0.7104320915937,0.485760657942451,0.553382129792949,0.787358689184859,0.220971211497093,0.418040607385657,0.253537391255364,0.529878149677682,0.576995250618757,0.617468850889144,0.512933174199136,0.297686569003334,0.64366262141904,0.568193580413819
HEB_01_053,0.345124050739868,0.31639539919095,0.53276157683682,0.337438432316916,0.636600161246598,1.09498410418361,1.01126261719424,0.502652823399768,0.805803469266328,1.08669997218672,1.21210968993476,0.959797491171924,1.35148941863208,0.947703996310339,0.636600161246598,0.636600161246598,0.636600161246598,0.636600161246598,1.4849367648969,1.05198618489845,0.828441365033428,0.636600161246598,0.636600161246598,0.636600161246598,0.636600161246598,0.636600161246598,0.636600161246598,0.636600161246598,0.428081552755451,0.116632692219676,0.636600161246598,0.316184159106032,0.316184159106032,0.48331731429356,0.229195492136588,0.301080493034358,0.405749955111482,0.326781370032777,0.280643014818492,1.04483922869204,0.790671637849998,0.246017244232265,0.220069920468108,0.266243482363213,0.636600161246598,0.42166337484201,0.326781370032777,0.647197372173343,0.326781370032777,0.647197372173343,0.326781370032777,0.636600161246598,0.326781370032777,0.575375743301048,0.346708351376757,0.394202163802603,0.346708351376757,0.636600161246598,0.570728461432841,0.636600161246598,0.879138985413872,0.349838225301633,1.11741780120196,0.875706334033946,1.21159567239479,0.620141037963364,0.633167509866672,0.633167509866672,0.623573689343289,0.620141037963364,0.574650485676162,0.35767523245211,0.444037220502962,0.504698331555396,0.726482817379425,0.398303742118104,0.27265461894049,0.680168428761041,0.548970732686234,0.235772100113717,0.379292134475438,0.381140485218475,0.69708171822685,1.17260427338692,1.15327932628496,0.526649697046511,0.636600161246598,0.636600161246598,0.636600161246598,0.633167509866672,0.541401296309987,0.468945947182937,0.326781370032777,0.547210398645247,0.461517337529969,0.636600161246598,0.566045972883814,0.545978164816555,0.541753363118185,0.581325672359587,0.583790140016969,0.557701989529533,0.581325672359587,0.636600161246598,0.508659083147618,0.597344712132574,0.848843636568475,0.835412287835739,0.974855388558532,0.921545432461263,0.274886722504462,0.425483299710953,0.307452902262733,0.471836415678239,0.521065917468498,0.413671458295926,0.361945802835546,0.347377278312332,0.482113245809524,0.514376648112745
HEB_01_055,0.541827297147906,0.6820907135338,0.431616303509754,0.546816083820065,0.431947246309459,1.33816016927372,0.920679348113098,0.652883251125733,0.854638656231406,1.00879110820069,1.00534437414844,0.541792090467087,1.10458848671124,0.825434714491421,0.431947246309459,0.431947246309459,0.431947246309459,0.431947246309459,1.05198618489845,1.54225260641019,1.29553192013716,0.431947246309459,0.431947246309459,0.431947246309459,0.431947246309459,0.431947246309459,0.431947246309459,0.431947246309459,0.223428637818312,0.418955981086971,0.431947246309459,0.618507447973327,0.618507447973327,0.559613712298045,0.305491890141073,0.56115576491795,0.665825226995074,0.692476684375627,0.540718286702084,0.882434330738601,0.839506824815077,0.484968507624006,0.522393209335403,0.631938796706063,0.431947246309459,0.787358689184859,0.692476684375627,0.505916482711759,0.692476684375627,0.505916482711759,0.692476684375627,0.431947246309459,0.692476684375627,0.37072282836391,0.712403665719607,0.759897478145452,0.712403665719607,0.431947246309459,0.54562961867644,0.431947246309459,1.16033826578932,0.631037505677077,0.849392860789263,1.17802962290124,0.922446723490249,0.436612131518076,0.449638603421385,0.449638603421385,0.418920774406151,0.436612131518076,0.391121579230875,0.670560525565331,0.693550488140629,0.321169425110108,0.395085851491179,0.668941018247622,0.236993771938163,0.486077518069829,0.344317817749096,0.49584737199731,0.692177427588659,0.641215757102067,0.847312145952815,1.38831912743762,1.1640912979647,0.919806222428767,0.431947246309459,0.431947246309459,0.431947246309459,0.449638603421385,0.65360850875062,0.623401176607273,0.692476684375627,0.363681492199959,0.351922460806162,0.431947246309459,0.467013100405933,0.299077232895714,0.337100448181047,0.376672757422448,0.336889208096128,0.331925066100543,0.376672757422448,0.431947246309459,0.261758151226776,0.371567788703584,0.851206004851481,0.62653457120023,0.884272119477392,0.738016526015977,0.572985209673387,0.685558571594545,0.605551389431658,0.205923876114731,0.240366571960695,0.758242764146924,0.42134299404655,0.565204533212222,0.235212313888683,0.189316884772054
HEB_01_057,0.546421768994884,0.686685185380777,0.393962758373028,0.466914521699637,0.352045684189031,0.966747289965743,0.70135932994645,0.572981689005305,0.702915465238683,0.738773469653601,0.92121801032964,0.588634579297767,0.72895080570489,0.808905177846548,0.352045684189031,0.352045684189031,0.352045684189031,0.352045684189031,0.828441365033428,1.29553192013716,1.89907831291767,0.352045684189031,0.352045684189031,0.352045684189031,0.352045684189031,0.352045684189031,0.352045684189031,0.352045684189031,0.143527075697884,0.339054418966543,0.352045684189031,0.538605885852899,0.538605885852899,0.52196016716132,0.267838345004348,0.692494287716036,0.79716374979316,0.697071156222605,0.67205680950017,0.506796649732253,0.463869143808729,0.489562979470984,0.526987681182381,0.63653326855304,0.352045684189031,0.791953161031837,0.697071156222605,0.510510954558737,0.697071156222605,0.510510954558737,0.697071156222605,0.352045684189031,0.697071156222605,0.290821266243482,0.716998137566584,0.76449194999243,0.716998137566584,0.352045684189031,0.634720124490823,0.352045684189031,0.784700584782968,0.557473146104204,0.473755179782915,0.802391941894893,0.546809042483901,0.356710569397649,0.369737041300957,0.369737041300957,0.339019212285723,0.356710569397649,0.522460102028961,0.706841010150086,0.677020951495755,0.294077884219309,0.441928340321859,0.736907515570154,0.161317011516105,0.55404401539236,0.264416255628668,0.627185894795396,0.760143924911191,0.772554279900153,1.50675088104719,1.56190566721941,1.4644218886976,1.54544654393618,0.352045684189031,0.352045684189031,0.352045684189031,0.369737041300957,0.658202980597598,0.62799564845425,0.697071156222605,0.389399972538789,0.525509000587951,0.352045684189031,0.387111538285505,0.219175670775286,0.257198886060618,0.29677119530202,0.2569876459757,0.252023503980115,0.29677119530202,0.352045684189031,0.181856589106348,0.291666226583156,1.29940465502734,0.969113178916831,1.45921482060436,0.446874878977034,1.38029200421072,1.02813717931115,1.41285818396899,0.916060231589546,0.266085052299524,0.74171322750205,0.383689448909825,0.696543056010308,0.155310751768255,0.561469104377246
HEB_01_071,0.274309332939018,0.414572749324911,0.514756880265599,0.448290187545988,0.840397553839816,0.348201114643514,0.724983012776504,0.685326207501135,0.304058978231709,0.593405084548844,0.44209029105363,0.739002313078929,0.625830437583836,0.748032826709196,0.840397553839816,0.840397553839816,0.840397553839816,0.840397553839816,0.636600161246598,0.431947246309459,0.352045684189031,0.948550403851099,0.840397553839816,0.840397553839816,0.840397553839816,0.840397553839816,0.840397553839816,0.840397553839816,0.631878945348669,0.320430084812894,0.840397553839816,0.51998155169925,0.51998155169925,0.63430468565715,0.380182863500177,0.293637800709062,0.398307262786186,0.424958720166739,0.273200322493196,0.467048307086753,0.44524480965508,0.217450543415118,0.254875245126515,0.364420832497174,0.840397553839816,0.519840724975971,0.424958720166739,0.745374722307305,0.424958720166739,0.745374722307305,0.424958720166739,0.840397553839816,0.424958720166739,0.779173135894267,0.444885701510718,0.492379513936564,0.444885701510718,0.840397553839816,0.616095790337174,0.840397553839816,0.385844097775994,0.505050398363593,0.750866964515186,0.382411446396068,0.739424793248766,0.823938430556582,0.83696490245989,0.83696490245989,0.827371081936508,0.823938430556582,0.567207793350866,0.43472857409422,0.595024591866552,0.592313677443431,0.803536159021535,0.401423054038734,0.429979192851635,0.725535757665374,0.752768125279453,0.228329407788422,0.424659463379771,0.373697792893179,0.220686037382453,0.191344789587272,0.275527484095382,0.3650017427307,0.840397553839816,0.840397553839816,0.840397553839816,0.83696490245989,0.639578646443949,0.567123297316898,0.424958720166739,0.751007791238465,0.506884666434302,0.840397553839816,0.769843365477032,0.707527540426071,0.745550755711403,0.785123064952805,0.745339515626485,0.7403753736309,0.785123064952805,0.840397553839816,0.670208458757133,0.780018096233941,0.7104320915937,0.485760657942451,0.553382129792949,0.787358689184859,0.220971211497093,0.418040607385657,0.253537391255364,0.529878149677682,0.576995250618757,0.617468850889144,0.512933174199136,0.297686569003334,0.64366262141904,0.568193580413819
HEB_01_072,0.274309332939018,0.414572749324911,0.514756880265599,0.448290187545988,0.840397553839816,0.348201114643514,0.724983012776504,0.685326207501135,0.304058978231709,0.593405084548844,0.44209029105363,0.739002313078929,0.625830437583836,0.748032826709196,0.840397553839816,0.840397553839816,0.840397553839816,0.840397553839816,0.636600161246598,0.431947246309459,0.352045684189031,0.840397553839816,0.948550403851099,0.840397553839816,0.840397553839816,0.840397553839816,0.840397553839816,0.840397553839816,0.631878945348669,0.320430084812894,0.840397553839816,0.51998155169925,0.51998155169925,0.63430468565715,0.380182863500177,0.293637800709062,0.398307262786186,0.424958720166739,0.273200322493196,0.467048307086753,0.44524480965508,0.217450543415118,0.254875245126515,0.364420832497174,0.840397553839816,0.519840724975971,0.424958720166739,0.745374722307305,0.424958720166739,0.745374722307305,0.424958720166739,0.840397553839816,0.424958720166739,0.779173135894267,0.444885701510718,0.492379513936564,0.444885701510718,0.840397553839816,0.616095790337174,0.840397553839816,0.385844097775994,0.505050398363593,0.750866964515186,0.382411446396068,0.739424793248766,0.823938430556582,0.83696490245989,0.83696490245989,0.827371081936508,0.823938430556582,0.567207793350866,0.43472857409422,0.595024591866552,0.592313677443431,0.803536159021535,0.401423054038734,0.429979192851635,0.725535757665374,0.752768125279453,0.228329407788422,0.424659463379771,0.373697792893179,0.220686037382453,0.191344789587272,0.275527484095382,0.3650017427307,0.840397553839816,0.840397553839816,0.840397553839816,0.83696490245989,0.639578646443949,0.567123297316898,0.424958720166739,0.751007791238465,0.506884666434302,0.840397553839816,0.769843365477032,0.707527540426071,0.745550755711403,0.785123064952805,0.745339515626485,0.7403753736309,0.785123064952805,0.840397553839816,0.670208458757133,0.780018096233941,0.7104320915937,0.485760657942451,0.553382129792949,0.787358689184859,0.220971211497093,0.418040607385657,0.253537391255364,0.529878149677682,0.576995250618757,0.617468850889144,0.512933174199136,0.297686569003334,0.64366262141904,0.568193580413819
HEB_01_074,0.274309332939018,0.414572749324911,0.514756880265599,0.448290187545988,0.840397553839816,0.348201114643514,0.724983012776504,0.685326207501135,0.304058978231709,0.593405084548844,0.44209029105363,0.739002313078929,0.625830437583836,0.748032826709196,0.840397553839816,0.840397553839816,0.840397553839816,0.840397553839816,0.636600161246598,0.431947246309459,0.352045684189031,0.840397553839816,0.840397553839816,0.948550403851099,0.840397553839816,0.840397553839816,0.840397553839816,0.840397553839816,0.631878945348669,0.320430084812894,0.840397553839816,0.51998155169925,0.51998155169925,0.63430468565715,0.380182863500177,0.293637800709062,0.398307262786186,0.424958720166739,0.273200322493196,0.467048307086753,0.44524480965508,0.217450543415118,0.254875245126515,0.364420832497174,0.840397553839816,0.519840724975971,0.424958720166739,0.745374722307305,0.424958720166739,0.745374722307305,0.424958720166739,0.840397553839816,0.424958720166739,0.779173135894267,0.444885701510718,0.492379513936564,0.444885701510718,0.840397553839816,0.616095790337174,0.840397553839816,0.385844097775994,0.505050398363593,0.750866964515186,0.382411446396068,0.739424793248766,0.823938430556582,0.83696490245989,0.83696490245989,0.827371081936508,0.823938430556582,0.567207793350866,0.43472857409422,0.595024591866552,0.592313677443431,0.803536159021535,0.401423054038734,0.429979192851635,0.725535757665374,0.752768125279453,0.228329407788422,0.424659463379771,0.373697792893179,0.220686037382453,0.191344789587272,0.275527484095382,0.3650017427307,0.840397553839816,0.840397553839816,0.840397553839816,0.83696490245989,0.639578646443949,0.567123297316898,0.424958720166739,0.751007791238465,0.506884666434302,0.840397553839816,0.769843365477032,0.707527540426071,0.745550755711403,0.785123064952805,0.745339515626485,0.7403753736309,0.785123064952805,0.840397553839816,0.670208458757133,0.780018096233941,0.7104320915937,0.485760657942451,0.553382129792949,0.787358689184859,0.220971211497093,0.418040607385657,0.253537391255364,0.529878149677682,0.576995250618757,0.617468850889144,0.512933174199136,0.297686569003334,0.64366262141904,0.568193580413819
HEB_01_075,0.274309332939018,0.414572749324911,0.514756880265599,0.448290187545988,0.840397553839816,0.348201114643514,0.724983012776504,0.685326207501135,0.304058978231709,0.593405084548844,0.44209029105363,0.739002313078929,0.625830437583836,0.748032826709196,0.840397553839816,0.840397553839816,0.840397553839816,0.840397553839816,0.636600161246598,0.431947246309459,0.352045684189031,0.840397553839816,0.840397553839816,0.840397553839816,0.948550403851099,0.840397553839816,0.840397553839816,0.840397553839816,0.631878945348669,0.320430084812894,0.840397553839816,0.51998155169925,0.51998155169925,0.63430468565715,0.380182863500177,0.293637800709062,0.398307262786186,0.424958720166739,0.273200322493196,0.467048307086753,0.44524480965508,0.217450543415118,0.254875245126515,0.364420832497174,0.840397553839816,0.519840724975971,0.424958720166739,0.745374722307305,0.424958720166739,0.745374722307305,0.424958720166739,0.840397553839816,0.424958720166739,0.779173135894267,0.444885701510718,0.492379513936564,0.444885701510718,0.840397553839816,0.616095790337174,0.840397553839816,0.385844097775994,0.505050398363593,0.750866964515186,0.382411446396068,0.739424793248766,0.823938430556582,0.83696490245989,0.83696490245989,0.827371081936508,0.823938430556582,0.567207793350866,0.43472857409422,0.595024591866552,0.592313677443431,0.803536159021535,0.401423054038734,0.429979192851635,0.725535757665374,0.752768125279453,0.228329407788422,0.424659463379771,0.373697792893179,0.220686037382453,0.191344789587272,0.275527484095382,0.3650017427307,0.840397553839816,0.840397553839816,0.840397553839816,0.83696490245989,0.639578646443949,0.567123297316898,0.424958720166739,0.751007791238465,0.506884666434302,0.840397553839816,0.769843365477032,0.707527540426071,0.745550755711403,0.785123064952805,0.745339515626485,0.7403753736309,0.785123064952805,0.840397553839816,0.670208458757133,0.780018096233941,0.7104320915937,0.485760657942451,0.553382129792949,0.787358689184859,0.220971211497093,0.418040607385657,0.253537391255364,0.529878149677682,0.576995250618757,0.617468850889144,0.512933174199136,0.297686569003334,0.64366262141904,0.568193580413819
HEB_01_077,0.274309332939018,0.414572749324911,0.514756880265599,0.448290187545988,0.840397553839816,0.348201114643514,0.724983012776504,0.685326207501135,0.304058978231709,0.593405084548844,0.44209029105363,0.739002313078929,0.625830437583836,0.748032826709196,0.840397553839816,0.840397553839816,0.840397553839816,0.840397553839816,0.636600161246598,0.431947246309459,0.352045684189031,0.840397553839816,0.840397553839816,0.840397553839816,0.840397553839816,0.948550403851099,0.840397553839816,0.840397553839816,0.631878945348669,0.320430084812894,0.840397553839816,0.51998155169925,0.51998155169925,0.63430468565715,0.380182863500177,0.293637800709062,0.398307262786186,0.424958720166739,0.273200322493196,0.467048307086753,0.44524480965508,0.217450543415118,0.254875245126515,0.364420832497174,0.840397553839816,0.519840724975971,0.424958720166739,0.745374722307305,0.424958720166739,0.745374722307305,0.424958720166739,0.840397553839816,0.424958720166739,0.779173135894267,0.444885701510718,0.492379513936564,0.444885701510718,0.840397553839816,0.616095790337174,0.840397553839816,0.385844097775994,0.505050398363593,0.750866964515186,0.382411446396068,0.739424793248766,0.823938430556582,0.83696490245989,0.83696490245989,0.827371081936508,0.823938430556582,0.567207793350866,0.43472857409422,0.595024591866552,0.592313677443431,0.803536159021535,0.401423054038734,0.429979192851635,0.725535757665374,0.752768125279453,0.228329407788422,0.424659463379771,0.373697792893179,0.220686037382453,0.191344789587272,0.275527484095382,0.3650017427307,0.840397553839816,0.840397553839816,0.840397553839816,0.83696490245989,0.639578646443949,0.567123297316898,0.424958720166739,0.751007791238465,0.506884666434302,0.840397553839816,0.769843365477032,0.707527540426071,0.745550755711403,0.785123064952805,0.745339515626485,0.7403753736309,0.785123064952805,0.840397553839816,0.670208458757133,0.780018096233941,0.7104320915937,0.485760657942451,0.553382129792949,0.787358689184859,0.220971211497093,0.418040607385657,0.253537391255364,0.529878149677682,0.576995250618757,0.617468850889144,0.512933174199136,0.297686569003334,0.64366262141904,0.568193580413819
HEB_01_079,0.274309332939018,0.414572749324911,0.514756880265599,0.448290187545988,0.840397553839816,0.348201114643514,0.724983012776504,0.685326207501135,0.304058978231709,0.593405084548844,0.44209029105363,0.739002313078929,0.625830437583836,0.748032826709196,0.840397553839816,0.840397553839816,0.840397553839816,0.840397553839816,0.636600161246598,0.431947246309459,0.352045684189031,0.840397553839816,0.840397553839816,0.840397553839816,0.840397553839816,0.840397553839816,0.948550403851099,0.840397553839816,0.631878945348669,0.320430084812894,0.840397553839816,0.51998155169925,0.51998155169925,0.63430468565715,0.380182863500177,0.293637800709062,0.398307262786186,0.424958720166739,0.273200322493196,0.467048307086753,0.44524480965508,0.217450543415118,0.254875245126515,0.364420832497174,0.840397553839816,0.519840724975971,0.424958720166739,0.745374722307305,0.424958720166739,0.745374722307305,0.424958720166739,0.840397553839816,0.424958720166739,0.779173135894267,0.444885701510718,0.492379513936564,0.444885701510718,0.840397553839816,0.616095790337174,0.840397553839816,0.385844097775994,0.505050398363593,0.750866964515186,0.382411446396068,0.739424793248766,0.823938430556582,0.83696490245989,0.83696490245989,0.827371081936508,0.823938430556582,0.567207793350866,0.43472857409422,0.595024591866552,0.592313677443431,0.803536159021535,0.401423054038734,0.429979192851635,0.725535757665374,0.752768125279453,0.228329407788422,0.424659463379771,0.373697792893179,0.220686037382453,0.191344789587272,0.275527484095382,0.3650017427307,0.840397553839816,0.840397553839816,0.840397553839816,0.83696490245989,0.639578646443949,0.567123297316898,0.424958720166739,0.751007791238465,0.506884666434302,0.840397553839816,0.769843365477032,0.707527540426071,0.745550755711403,0.785123064952805,0.745339515626485,0.7403753736309,0.785123064952805,0.840397553839816,0.670208458757133,0.780018096233941,0.7104320915937,0.485760657942451,0.553382129792949,0.787358689184859,0.220971211497093,0.418040607385657,0.253537391255364,0.529878149677682,0.576995250618757,0.617468850889144,0.512933174199136,0.297686569003334,0.64366262141904,0.568193580413819
HEB_01_080,0.274309332939018,0.414572749324911,0.514756880265599,0.448290187545988,0.840397553839816,0.348201114643514,0.724983012776504,0.685326207501135,0.304058978231709,0.593405084548844,0.44209029105363,0.739002313078929,0.625830437583836,0.748032826709196,0.840397553839816,0.840397553839816,0.840397553839816,0.840397553839816,0.636600161246598,0.431947246309459,0.352045684189031,0.840397553839816,0.840397553839816,0.840397553839816,0.840397553839816,0.840397553839816,0.840397553839816,0.948550403851099,0.631878945348669,0.320430084812894,0.840397553839816,0.51998155169925,0.51998155169925,0.63430468565715,0.380182863500177,0.293637800709062,0.398307262786186,0.424958720166739,0.273200322493196,0.467048307086753,0.44524480965508,0.217450543415118,0.254875245126515,0.364420832497174,0.840397553839816,0.519840724975971,0.424958720166739,0.745374722307305,0.424958720166739,0.745374722307305,0.424958720166739,0.840397553839816,0.424958720166739,0.779173135894267,0.444885701510718,0.492379513936564,0.444885701510718,0.840397553839816,0.616095790337174,0.840397553839816,0.385844097775994,0.505050398363593,0.750866964515186,0.382411446396068,0.739424793248766,0.823938430556582,0.83696490245989,0.83696490245989,0.827371081936508,0.823938430556582,0.567207793350866,0.43472857409422,0.595024591866552,0.592313677443431,0.803536159021535,0.401423054038734,0.429979192851635,0.725535757665374,0.752768125279453,0.228329407788422,0.424659463379771,0.373697792893179,0.220686037382453,0.191344789587272,0.275527484095382,0.3650017427307,0.840397553839816,0.840397553839816,0.840397553839816,0.83696490245989,0.639578646443949,0.567123297316898,0.424958720166739,0.751007791238465,0.506884666434302,0.840397553839816,0.769843365477032,0.707527540426071,0.745550755711403,0.785123064952805,0.745339515626485,0.7403753736309,0.785123064952805,0.840397553839816,0.670208458757133,0.780018096233941,0.7104320915937,0.485760657942451,0.553382129792949,0.787358689184859,0.220971211497093,0.418040607385657,0.253537391255364,0.529878149677682,0.576995250618757,0.617468850889144,0.512933174199136,0.297686569003334,0.64366262141904,0.568193580413819
HEB_01_082,0.678386970711562,0.51235226396561,0.686470424627777,0.672813753137795,0.631878945348669,0.456542633530138,0.579836429760911,0.476807599009988,0.551818953164552,0.384886476057696,0.689850265986473,0.530483704587782,0.565179888535648,0.539514218218049,0.631878945348669,0.631878945348669,0.631878945348669,0.631878945348669,0.428081552755451,0.223428637818312,0.143527075697884,0.631878945348669,0.631878945348669,0.631878945348669,0.631878945348669,0.631878945348669,0.631878945348669,0.631878945348669,1.12251254496439,0.863926178631657,0.631878945348669,0.607199062094023,0.607199062094023,0.573654136608962,0.923678957318941,0.541397775641905,0.485524773180958,0.512176230561511,0.673053158567369,0.672560265035893,0.597946746374592,0.718698620250178,0.745561317715649,0.563595587898759,0.631878945348669,0.311322116484824,0.512176230561511,0.536856113816157,0.512176230561511,0.536856113816157,0.512176230561511,0.631878945348669,0.512176230561511,0.688948974957488,0.396909557557642,0.368356939412823,0.396909557557642,0.631878945348669,0.487848414115062,0.631878945348669,0.473061608170766,0.592267908758366,0.542348356024039,0.46962895679084,0.530906184757619,0.636543830557286,0.628446293968743,0.628446293968743,0.639976481937212,0.636543830557286,0.660762506293194,0.521946084488992,0.397067987621331,0.780926428599091,0.595017550530388,0.488640564433507,0.973475286670398,0.527579153420153,0.704791981326376,0.771825501607185,0.46962895679084,0.494713716874914,0.426197995331594,0.278562299982044,0.531737062424965,0.346599210666216,0.631878945348669,0.631878945348669,0.631878945348669,0.628446293968743,0.431060037952802,0.506472748268711,0.512176230561511,0.681907638793537,0.754644641367145,0.631878945348669,0.666944799445142,0.7440474304404,0.73982262874203,0.745596524396469,0.705812975070149,0.738872048359896,0.745596524396469,0.631878945348669,0.884170020103014,0.740491555677605,0.501913483102553,0.733520632875294,0.344863521301802,0.578840080693712,0.468731186429937,0.342603252393174,0.437925340712653,0.777638124610526,0.822220344532578,0.408950242397997,0.758158268112957,0.545446543936177,0.870298587860032,0.815953555346662
HEB_01_085,1.10627840739059,0.781813636955748,0.831300147515992,1.00564715160349,0.320430084812894,0.842186053225459,0.33175959470069,0.456870055661762,1.09378003569957,0.326925717424138,0.724835144717061,0.219034844052007,0.35935107045913,0.228065357682273,0.320430084812894,0.320430084812894,0.320430084812894,0.320430084812894,0.116632692219676,0.418955981086971,0.339054418966543,0.320430084812894,0.320430084812894,0.320430084812894,0.320430084812894,0.320430084812894,0.320430084812894,0.320430084812894,0.863926178631657,1.4061334471415,0.320430084812894,0.844974422346384,0.844974422346384,0.536817386467256,1.25439995493545,1.12560687516063,0.72330013343332,0.749951590813873,1.10516939694476,0.728669152258332,0.804036093889176,1.3029077197689,1.21358837052919,0.921777796554674,0.320430084812894,0.549097476737185,0.749951590813873,0.225407253280382,0.749951590813873,0.225407253280382,0.749951590813873,0.320430084812894,0.749951590813873,0.470445751785859,0.72763055517415,0.606132299665184,0.72763055517415,0.320430084812894,0.493259680957058,0.320430084812894,0.710836968423128,0.830043269010727,0.230899495488264,0.707404317043202,0.219457324221844,0.346218978513362,0.316997433432968,0.316997433432968,0.349651629893288,0.346218978513362,0.60068934681045,0.759721444741354,0.645405352119618,0.748314480155754,0.304692698486464,0.726415924685868,1.2619482673032,0.226692297130303,0.570784792122153,1.2292905501748,0.707404317043202,0.783186697507719,0.73579498445625,0.558585677218108,0.685016388709921,0.542126553934874,0.320430084812894,0.320430084812894,0.320430084812894,0.316997433432968,0.373099279319243,0.511884015110707,0.749951590813873,0.526776441097462,0.789629520097733,0.320430084812894,0.461115981368624,0.610040241236177,0.563567422554103,0.434147663860694,0.521108165485482,0.600640057457303,0.434147663860694,0.320430084812894,0.783961244485753,0.42904269514183,0.190464622566778,0.768505511605882,0.139034703225284,0.267391220157937,1.01069226896496,0.679661452557237,0.916514397772121,0.812623003341114,0.851290500885448,0.604477585666656,0.977344500892489,1.0874076264712,0.884159458098768,0.85093843407725
HEB_01_086,0.274309332939018,0.414572749324911,0.514756880265599,0.448290187545988,0.840397553839816,0.348201114643514,0.724983012776504,0.685326207501135,0.304058978231709,0.593405084548844,0.44209029105363,0.739002313078929,0.625830437583836,0.748032826709196,0.840397553839816,0.840397553839816,0.840397553839816,0.840397553839816,0.636600161246598,0.431947246309459,0.352045684189031,0.840397553839816,0.840397553839816,0.840397553839816,0.840397553839816,0.840397553839816,0.840397553839816,0.840397553839816,0.631878945348669,0.320430084812894,0.948550403851099,0.51998155169925,0.51998155169925,0.63430468565715,0.380182863500177,0.293637800709062,0.398307262786186,0.424958720166739,0.273200322493196,0.467048307086753,0.44524480965508,0.217450543415118,0.254875245126515,0.364420832497174,0.840397553839816,0.519840724975971,0.424958720166739,0.745374722307305,0.424958720166739,0.745374722307305,0.424958720166739,0.840397553839816,0.424958720166739,0.779173135894267,0.444885701510718,0.492379513936564,0.444885701510718,0.840397553839816,0.616095790337174,0.840397553839816,0.385844097775994,0.505050398363593,0.750866964515186,0.382411446396068,0.739424793248766,0.823938430556582,0.83696490245989,0.83696490245989,0.827371081936508,0.823938430556582,0.567207793350866,0.43472857409422,0.595024591866552,0.592313677443431,0.803536159021535,0.401423054038734,0.429979192851635,0.725535757665374,0.752768125279453,0.228329407788422,0.424659463379771,0.373697792893179,0.220686037382453,0.191344789587272,0.275527484095382,0.3650017427307,0.840397553839816,0.840397553839816,0.840397553839816,0.83696490245989,0.639578646443949,0.567123297316898,0.424958720166739,0.751007791238465,0.506884666434302,0.840397553839816,0.769843365477032,0.707527540426071,0.745550755711403,0.785123064952805,0.745339515626485,0.7403753736309,0.785123064952805,0.840397553839816,0.670208458757133,0.780018096233941,0.7104320915937,0.485760657942451,0.553382129792949,0.787358689184859,0.220971211497093,0.418040607385657,0.253537391255364,0.529878149677682,0.576995250618757,0.617468850889144,0.512933174199136,0.297686569003334,0.64366262141904,0.568193580413819
HEB_01_087,0.798853670472509,0.939117086858402,0.523875410597915,0.972834525079479,0.51998155169925,0.534761316307382,0.404567010635938,0.656421522548118,0.490619179895577,0.526477184310494,0.121674288913064,0.418586310938363,0.305414435443269,0.42761682456863,0.51998155169925,0.51998155169925,0.51998155169925,0.51998155169925,0.316184159106032,0.618507447973327,0.538605885852899,0.51998155169925,0.51998155169925,0.51998155169925,0.51998155169925,0.51998155169925,0.51998155169925,0.51998155169925,0.607199062094023,0.844974422346384,0.51998155169925,1.10224444191145,1.04452588923274,0.736368853353612,0.651239099131451,0.522446019356633,0.922851600319676,0.949503057700229,0.797744660026686,0.632484500258769,0.885293113221164,0.699746863964906,0.779419582660005,0.888965170030665,0.51998155169925,0.748648943623542,0.949503057700229,0.424958720166739,0.949503057700229,0.424958720166739,0.949503057700229,0.51998155169925,0.949503057700229,0.501005150737404,0.758189954125695,0.80568376655154,0.758189954125695,0.51998155169925,0.608315113876009,0.51998155169925,0.910388435309484,1.02959473589708,0.43045096237462,0.906955783929558,0.4190087911082,0.503522428416016,0.516548900319324,0.516548900319324,0.506955079795942,0.503522428416016,0.310163816685854,0.95927291162771,0.823832810514123,0.271897675302865,0.483120156880969,0.925967391572224,0.658787411499206,0.405119755524808,0.432352123138887,0.752873745321912,0.906955783929558,0.898242130426669,0.639610332456686,0.715889127120762,0.377591651791844,0.741678020821231,0.51998155169925,0.51998155169925,0.51998155169925,0.516548900319324,0.5726507462056,0.711435481997064,0.949503057700229,0.430591789097899,0.270964698261142,0.51998155169925,0.533923397303872,0.556103606220316,0.509630787538243,0.63369913074705,0.59391558142073,0.419959371490334,0.63369913074705,0.51998155169925,0.434288490583973,0.628594162028186,0.390016089453134,0.165344655801885,0.275214144636086,0.466942687044293,0.407531413160961,0.604600809049525,0.440097592919232,0.209462147537116,0.256579248478191,0.804029052553012,0.446005273960787,0.484246770667201,0.323246619278474,0.247777578273253
HEB_01_090,0.798853670472509,0.939117086858402,0.523875410597915,0.972834525079479,0.51998155169925,0.534761316307382,0.404567010635938,0.656421522548118,0.490619179895577,0.526477184310494,0.121674288913064,0.418586310938363,0.305414435443269,0.42761682456863,0.51998155169925,0.51998155169925,0.51998155169925,0.51998155169925,0.316184159106032,0.618507447973327,0.538605885852899,0.51998155169925,0.51998155169925,0.51998155169925,0.51998155169925,0.51998155169925,0.51998155169925,0.51998155169925,0.607199062094023,0.844974422346384,0.51998155169925,1.04452588923274,1.10224444191145,0.736368853353612,0.651239099131451,0.522446019356633,0.922851600319676,0.949503057700229,0.797744660026686,0.632484500258769,0.885293113221164,0.699746863964906,0.779419582660005,0.888965170030665,0.51998155169925,0.748648943623542,0.949503057700229,0.424958720166739,0.949503057700229,0.424958720166739,0.949503057700229,0.51998155169925,0.949503057700229,0.501005150737404,0.758189954125695,0.80568376655154,0.758189954125695,0.51998155169925,0.608315113876009,0.51998155169925,0.910388435309484,1.02959473589708,0.43045096237462,0.906955783929558,0.4190087911082,0.503522428416016,0.516548900319324,0.516548900319324,0.506955079795942,0.503522428416016,0.310163816685854,0.95927291162771,0.823832810514123,0.271897675302865,0.483120156880969,0.925967391572224,0.658787411499206,0.405119755524808,0.432352123138887,0.752873745321912,0.906955783929558,0.898242130426669,0.639610332456686,0.715889127120762,0.377591651791844,0.741678020821231,0.51998155169925,0.51998155169925,0.51998155169925,0.516548900319324,0.5726507462056,0.711435481997064,0.949503057700229,0.430591789097899,0.270964698261142,0.51998155169925,0.533923397303872,0.556103606220316,0.509630787538243,0.63369913074705,0.59391558142073,0.419959371490334,0.63369913074705,0.51998155169925,0.434288490583973,0.628594162028186,0.390016089453134,0.165344655801885,0.275214144636086,0.466942687044293,0.407531413160961,0.604600809049525,0.440097592919232,0.209462147537116,0.256579248478191,0.804029052553012,0.446005273960787,0.484246770667201,0.323246619278474,0.247777578273253
HEB_01_091,0.613215883846118,0.753479300232012,0.533000982266394,0.66467748920035,0.63430468565715,0.399821150061436,0.518890144593838,0.663012213197576,0.35145421195126,0.566866288546914,0.235997422870964,0.532909444896263,0.419737569401169,0.54193995852653,0.63430468565715,0.63430468565715,0.63430468565715,0.63430468565715,0.48331731429356,0.559613712298045,0.52196016716132,0.63430468565715,0.63430468565715,0.63430468565715,0.63430468565715,0.63430468565715,0.63430468565715,0.63430468565715,0.573654136608962,0.536817386467256,0.63430468565715,0.736368853353612,0.736368853353612,0.842104426059596,0.529395818150452,0.484676292173202,0.737213813693286,0.763865271073839,0.612106873400296,0.503881536560377,0.619384094325739,0.535233085830367,0.593781796033615,0.703327383404274,0.63430468565715,0.710879216440111,0.763865271073839,0.661801103377376,0.763865271073839,0.661801103377376,0.763865271073839,0.63430468565715,0.763865271073839,0.594204276203452,0.678172209958561,0.725666022384407,0.678172209958561,0.63430468565715,0.629270130299925,0.63430468565715,0.640254614715688,0.727774902565511,0.54477409633252,0.636821963335762,0.5333319250661,0.617845562373916,0.630872034277224,0.630872034277224,0.621278213753842,0.617845562373916,0.515320187158715,0.741949112263543,0.663543834077954,0.477054045775726,0.597443290838869,0.740329604945834,0.502723236761408,0.641962138735446,0.546675257096786,0.567235958695522,0.742442005795019,0.712604343800279,0.506782567059925,0.530251340494372,0.336864563419554,0.577164242686692,0.63430468565715,0.63430468565715,0.63430468565715,0.630872034277224,0.682749078465129,0.715913771797336,0.763865271073839,0.544914923055799,0.465559064488077,0.63430468565715,0.605998514278069,0.58593070621081,0.58170590451244,0.663526230737544,0.623742681411224,0.534282505448234,0.663526230737544,0.63430468565715,0.50636360755817,0.65842126201868,0.504339223411034,0.279667789759785,0.490932519354872,0.581265821002193,0.390885694469382,0.587955090357946,0.423451874227653,0.323785281495016,0.427092245024416,0.664864084608695,0.486394378197206,0.467601051975623,0.437569753236374,0.362100712231153
HEB_01_092,1.03506233342839,0.710597562993553,0.828103380897559,0.811911828388555,0.380182863500177,0.652675531708897,0.391512373387974,0.408890391040604,0.90004471248464,0.312744466389942,0.784587923404345,0.278787622739291,0.419103849146414,0.287818136369557,0.380182863500177,0.380182863500177,0.380182863500177,0.380182863500177,0.229195492136588,0.305491890141073,0.267838345004348,0.380182863500177,0.380182863500177,0.380182863500177,0.380182863500177,0.380182863500177,0.380182863500177,0.380182863500177,0.923678957318941,1.25439995493545,0.380182863500177,0.651239099131451,0.651239099131451,0.529395818150452,1.25467669380214,1.05439080119844,0.652084059471125,0.678735516851677,1.03395332298257,0.70392589697821,0.652548787657946,1.23169164580671,1.142372296567,0.850561722592479,0.380182863500177,0.47788140277499,0.678735516851677,0.407679281220404,0.678735516851677,0.407679281220404,0.678735516851677,0.380182863500177,0.678735516851677,0.530198530473142,0.656414481211954,0.534916225702989,0.656414481211954,0.380182863500177,0.491330354848136,0.380182863500177,0.555124860493527,0.642645148343349,0.290652274175548,0.551692209113601,0.279210102909128,0.405971757200646,0.376750212120252,0.376750212120252,0.409404408580572,0.405971757200646,0.751275362012695,0.656819358041382,0.451670028904685,0.898900495357999,0.364445477173748,0.655199850723673,1.2203058052296,0.408964325070325,0.630537570809437,1.15807447621261,0.636188243081007,0.711970623545524,0.706826927477758,0.487369603255913,0.674214979034421,0.439224467234902,0.380182863500177,0.380182863500177,0.380182863500177,0.376750212120252,0.428627256308157,0.546287983607769,0.678735516851677,0.586529219784746,0.929653531054053,0.380182863500177,0.478620743072205,0.66979301992346,0.623320201241387,0.493900442547978,0.580860944172766,0.660392836144587,0.493900442547978,0.380182863500177,0.843714023173037,0.488795473829113,0.250217401254062,0.828258290293166,0.300182722673454,0.327143998845221,0.939476195002764,0.608445378595042,0.845298323809926,0.872375782028397,0.967233142161056,0.410742262451723,0.963163249858293,1.016191552509,0.943912236786052,0.910691212764534
HEB_01_093,1.03723810630305,0.712773335868214,0.863655087189345,0.683118748613736,0.293637800709062,0.823843372518369,0.304967310596858,0.514573805525336,1.19373180254685,0.469125501255118,0.69804286061323,0.192242559948175,0.332558786355298,0.201273073578442,0.293637800709062,0.293637800709062,0.293637800709062,0.293637800709062,0.301080493034358,0.56115576491795,0.692494287716036,0.293637800709062,0.293637800709062,0.293637800709062,0.293637800709062,0.293637800709062,0.293637800709062,0.293637800709062,0.541397775641905,1.12560687516063,0.293637800709062,0.522446019356633,0.522446019356633,0.484676292173202,1.05439080119844,1.42940757018686,0.781003883296894,0.680911289726338,1.16287314680834,0.427264757760432,0.481507690899425,1.27611543566507,1.14454806944166,0.852737495467139,0.293637800709062,0.775793294535571,0.680911289726338,0.452103071078768,0.680911289726338,0.452103071078768,0.680911289726338,0.293637800709062,0.680911289726338,0.401405450698324,0.869830339005129,0.748332083496164,0.869830339005129,0.293637800709062,0.681932283470111,0.293637800709062,0.472804599400782,0.520189271116087,0.204107211384432,0.469371948020856,0.192665040118013,0.319426694409531,0.290205149329136,0.290205149329136,0.322859345789457,0.319426694409531,0.954129215559944,0.690681143653819,0.681985093491341,0.911638272478585,0.404644465333741,0.720747649073888,0.947869467710192,0.516760140404243,0.543992508018321,1.28699430003838,0.743984058414924,0.840890447371293,0.814622742811675,0.616289427081682,0.687797716494681,0.599830303798448,0.293637800709062,0.293637800709062,0.293637800709062,0.290205149329136,0.599795097117629,0.590711773466133,0.680911289726338,0.499984156993631,1.07969736337167,0.293637800709062,0.434323697264793,0.414255889197534,0.452279104482866,0.238363311822051,0.325323813446839,0.573847773353471,0.238363311822051,0.293637800709062,0.672672926414516,0.233258343103187,0.163672338462946,0.741713227502051,0.492474571974777,0.240598936054105,1.36413213771445,1.03310132130673,1.26995426652161,0.89990036509328,1.00193988811317,0.577685301562824,1.05617225924791,1.44084749522069,0.857367173994937,0.950890200924527
HEB_01_096,0.930667483461661,1.07093089984755,0.524720370937589,0.851160236166415,0.398307262786186,0.421536630791058,0.282892721722874,0.61924326760246,0.495688941933621,0.573794963332242,0,0.296912022025299,0.183740146530205,0.305942535655566,0.398307262786186,0.398307262786186,0.398307262786186,0.398307262786186,0.405749955111482,0.665825226995074,0.79716374979316,0.398307262786186,0.398307262786186,0.398307262786186,0.398307262786186,0.398307262786186,0.398307262786186,0.398307262786186,0.485524773180958,0.72330013343332,0.398307262786186,0.922851600319676,0.922851600319676,0.737213813693286,0.652084059471125,0.781003883296894,1.20530798450866,1.08131687068938,1.05630252396695,0.510810211345705,0.7636188243081,0.831560676954058,0.911233395649158,1.02077898301982,0.398307262786186,0.880462756612694,1.08131687068938,0.556772533155891,1.08131687068938,0.556772533155891,1.08131687068938,0.398307262786186,1.08131687068938,0.379330861824339,0.890003767114847,0.937497579540693,0.890003767114847,0.398307262786186,0.744353728563532,0.398307262786186,0.873210180363825,0.92059485207913,0.308776673461556,0.8697775289839,0.297334502195136,0.381848139502952,0.39487461140626,0.39487461140626,0.385280790882878,0.381848139502952,0.568721680626115,1.09108672461686,0.765530547076613,0.340339462816464,0.488189918919014,1.12115323003693,0.545562725982882,0.600305593989515,0.310677834225822,1.01143160926217,1.10214162239427,1.15679999436693,0.898168196396948,0.974446991061023,0.433359034210331,0.894615842302235,0.398307262786186,0.398307262786186,0.398307262786186,0.39487461140626,0.704464559194752,0.843249294986216,1.08131687068938,0.308917500184835,0.466150536725849,0.398307262786186,0.412249108390808,0.434429317307252,0.387956498625179,0.512024841833986,0.472241292507666,0.298285082577269,0.512024841833986,0.398307262786186,0.312614201670909,0.506919873115122,0.26834180054007,0.0436703668888208,0.533772008576347,0.345268398131229,0.666089277101222,0.863158672989786,0.698655456859493,0.20185750448005,0.312346630896679,0.682354763639948,0.429951027506979,0.742804634607463,0.20157233036541,0.252847340311297
HEB_01_097,0.957318940842214,1.09758235722811,0.551371828318141,0.877811693546967,0.424958720166739,0.448188088171611,0.309544179103426,0.645894724983012,0.395596348363065,0.53707439523724,0.0266514573805524,0.323563479405852,0.210391603910758,0.332593993036118,0.424958720166739,0.424958720166739,0.424958720166739,0.424958720166739,0.326781370032777,0.692476684375627,0.697071156222605,0.424958720166739,0.424958720166739,0.424958720166739,0.424958720166739,0.424958720166739,0.424958720166739,0.424958720166739,0.512176230561511,0.749951590813873,0.424958720166739,0.949503057700229,0.949503057700229,0.763865271073839,0.678735516851677,0.680911289726338,1.08131687068938,1.15001206119133,0.956209930396392,0.537461668726257,0.790270281688653,0.858212134334611,0.93788485302971,1.04743044040037,0.424958720166739,0.907114213993247,1.10796832806993,0.583423990536444,1.10796832806993,0.583423990536444,1.10796832806993,0.424958720166739,1.10796832806993,0.405982319204892,0.9166552244954,0.964149036921246,0.9166552244954,0.424958720166739,0.644261134992976,0.424958720166739,0.899861637744378,0.947246309459683,0.335428130842108,0.896428986364452,0.323985959575689,0.408499596883504,0.421526068786813,0.421526068786813,0.41193224826343,0.408499596883504,0.468629087055559,1.05436615652186,0.728809978981611,0.366990920197016,0.388097325348458,1.08443266194193,0.572214183363435,0.563585025894513,0.337329291606375,0.911339015691617,1.06542105429926,1.05670740079637,0.798075602826392,0.874354397490467,0.39663846611533,0.794523248731679,0.424958720166739,0.424958720166739,0.424958720166739,0.421526068786813,0.731116016575305,0.869900752366769,1.10796832806993,0.335568957565387,0.429429968630847,0.424958720166739,0.43890056577136,0.461080774687804,0.414607956005731,0.538676299214539,0.498892749888218,0.324936539957822,0.538676299214539,0.424958720166739,0.339265659051461,0.533571330495674,0.294993257920623,0.0703218242693733,0.433679415005791,0.371919855511781,0.565996683530666,0.76306607941923,0.598562863288937,0.114439316004605,0.275626062801677,0.7090062210205,0.456602484887532,0.642712041036907,0.228223787745962,0.152754746740741
HEB_01_099,1.185792696022,0.966947968046416,0.779845583497924,0.895045363808236,0.273200322493196,0.676661843351394,0.157785781429884,0.49413632730947,0.877558205445065,0.448688023039252,0.381869263511444,0.171805081732309,0.227625274172027,0.180835595362576,0.273200322493196,0.273200322493196,0.273200322493196,0.273200322493196,0.280643014818492,0.540718286702084,0.67205680950017,0.273200322493196,0.273200322493196,0.273200322493196,0.273200322493196,0.273200322493196,0.273200322493196,0.273200322493196,0.673053158567369,1.10516939694476,0.273200322493196,0.797744660026686,0.797744660026686,0.612106873400296,1.03395332298257,1.16287314680834,1.05630252396695,0.956209930396392,1.35091704816259,0.512447322003823,0.693434306093924,1.2134299404655,1.22973063368505,0.969606072448307,0.273200322493196,0.755355816319704,0.956209930396392,0.431665592862901,0.956209930396392,0.431665592862901,0.956209930396392,0.273200322493196,0.956209930396392,0.338719955498755,0.849392860789263,0.812390639247703,0.849392860789263,0.273200322493196,0.661494805254245,0.273200322493196,0.748103240070836,0.79548791178614,0.183669733168566,0.74467058869091,0.172227561902146,0.277865207701813,0.26976767111327,0.26976767111327,0.281297859081739,0.277865207701813,0.701327643933712,0.965979784323873,0.650985611029549,0.658836700852353,0.384206987117875,0.996046289743941,0.927431989494326,0.485760657942451,0.312314944883941,1.26655682182251,0.977034682101275,1.07394107105764,0.899805307055066,0.891588067751736,0.688484246770667,0.769508902009245,0.273200322493196,0.273200322493196,0.273200322493196,0.26976767111327,0.579357618901762,0.718142354693226,0.956209930396392,0.310554610842953,0.763523766269887,0.273200322493196,0.413886219048926,0.478314444949073,0.389593609283297,0.386917901540996,0.473878403165784,0.405542235694645,0.386917901540996,0.273200322493196,0.567739414231244,0.381812932822132,0.14323486024708,0.425539630400264,0.472037093758911,0.220161457838239,1.04795854061267,0.854233779401979,1.02771469914131,0.583726767991494,0.689991092709752,0.557247823346958,0.744223463844499,1.12467389811891,0.562317585385002,0.634716603822741
HEB_01_101,0.534680340941497,0.52707569788443,0.458267760890306,0.643176769223728,0.467048307086753,0.963455465309097,0.736090720575136,0.392248193017107,0.921425729746477,0.853776092551322,1.20943750286054,0.767009227671042,1.07631752201298,0.723229720071681,0.467048307086753,0.467048307086753,0.467048307086753,0.467048307086753,1.04483922869204,0.882434330738601,0.506796649732253,0.467048307086753,0.467048307086753,0.467048307086753,0.467048307086753,0.467048307086753,0.467048307086753,0.467048307086753,0.672560265035893,0.728669152258332,0.467048307086753,0.632484500258769,0.632484500258769,0.503881536560377,0.70392589697821,0.427264757760432,0.510810211345705,0.537461668726257,0.512447322003823,1.50763301108304,1.10697197900274,0.710185644827962,0.673676316817879,0.645915848991504,0.467048307086753,0.357731563141421,0.537461668726257,0.372025475554241,0.537461668726257,0.372025475554241,0.537461668726257,0.467048307086753,0.537461668726257,0.617063974059717,0.536264641578386,0.41476638606942,0.536264641578386,0.467048307086753,0.475110636994476,0.467048307086753,1.08981928410735,0.67036336815274,0.916179934304333,1.09694863697335,0.957547784267542,0.503399205033147,0.474177659952752,0.474177659952752,0.496269852167147,0.503399205033147,0.489594665483722,0.547231522653739,0.454039438523854,0.40908050711703,0.440748916514398,0.535050011090104,0.859342268788925,0.373310519404162,0.654030988920457,0.63656847523386,0.516038403447438,0.570696775420103,1.01971926192714,1.14880807782085,0.990064674672666,0.648609160074215,0.467048307086753,0.467048307086753,0.467048307086753,0.474177659952752,0.266229399690885,0.436700148220126,0.537461668726257,0.683956667617247,0.429271538567158,0.467048307086753,0.407056122969895,0.67216242954263,0.699623640582037,0.559641877642701,0.540982336808232,0.525456190566722,0.559641877642701,0.467048307086753,0.434165267201104,0.565098913169763,0.590570946742853,0.851751708404186,0.494780609568471,0.762555582547344,0.333474160056612,0.488295538961473,0.239296288863774,0.47338903030239,0.512056527846724,0.413111672070892,0.511366476902657,0.410189517562852,0.544925485060045,0.511704461038526
HEB_01_103,0.884659392966409,0.790446315092752,0.651929150075518,0.944570601717382,0.44524480965508,1.01769839844809,0.545295155208652,0.497188746536542,0.838362607688435,0.874220612103352,0.714456215211398,0.724081721747518,0.796801120980717,0.564120167442974,0.44524480965508,0.44524480965508,0.44524480965508,0.44524480965508,0.790671637849998,0.839506824815077,0.463869143808729,0.44524480965508,0.44524480965508,0.44524480965508,0.44524480965508,0.44524480965508,0.44524480965508,0.44524480965508,0.597946746374592,0.804036093889176,0.44524480965508,0.885293113221164,0.885293113221164,0.619384094325739,0.652548787657946,0.481507690899425,0.7636188243081,0.790270281688653,0.693434306093924,1.10697197900274,1.3803251485117,0.743304569475103,0.738481254202797,0.761418406756866,0.44524480965508,0.589416167611966,0.790270281688653,0.350221978122568,0.790270281688653,0.350221978122568,0.790270281688653,0.44524480965508,0.790270281688653,0.426268408693233,0.598957178114118,0.646450990539965,0.598957178114118,0.44524480965508,0.491330354848136,0.44524480965508,1.21588384611864,0.91260997686921,0.820442407151181,1.21245119473871,0.809000235884761,0.428785686371846,0.441812158275154,0.441812158275154,0.432218337751771,0.428785686371846,0.220640268697388,0.800040135616134,0.664600034502547,0.315455380813063,0.408383414836799,0.766734615560648,0.702345117009403,0.330383013480638,0.389301393832493,0.690811408372852,0.747723007917982,0.739009354415093,0.818361692314733,1.10588057189732,0.928125561106475,0.827483743315131,0.44524480965508,0.44524480965508,0.44524480965508,0.441812158275154,0.413417970194024,0.552202705985487,0.790270281688653,0.355855047053729,0.208902361312082,0.44524480965508,0.391589828085777,0.491928868422071,0.434894045494073,0.55896238870288,0.540302847868411,0.404369853223347,0.55896238870288,0.44524480965508,0.47784619609417,0.553857419984016,0.357527364392667,0.420142446230596,0.261737027218285,0.687942063886043,0.366593084703753,0.445368033037949,0.399159264462024,0.253019853047314,0.300136953988388,0.644796276541436,0.436752958241356,0.443308442209993,0.366804324788671,0.29133528378345
HEB_01_104,1.34128300186243,0.890074180476487,0.977583906322063,0.923791618697564,0.217450543415118,0.857500959382052,0.228780053302915,0.438386548231392,1.11754454525291,0.32956621848562,0.748599654270394,0.24279935360534,0.34086756302876,0.125085816284498,0.217450543415118,0.217450543415118,0.217450543415118,0.217450543415118,0.246017244232265,0.484968507624006,0.489562979470984,0.217450543415118,0.217450543415118,0.217450543415118,0.217450543415118,0.217450543415118,0.217450543415118,0.217450543415118,0.718698620250178,1.3029077197689,0.217450543415118,0.699746863964906,0.699746863964906,0.535233085830367,1.23169164580671,1.27611543566507,0.831560676954058,0.858212134334611,1.2134299404655,0.710185644827962,0.743304569475103,1.50553887017122,1.38522093952548,1.03003834007541,0.217450543415118,0.699606037241627,0.858212134334611,0.375915813784823,0.858212134334611,0.375915813784823,0.858212134334611,0.217450543415118,0.858212134334611,0.367466210388083,0.878139115678591,0.756640860169625,0.878139115678591,0.217450543415118,0.521248992208761,0.217450543415118,0.650105444009055,0.697490115724359,0.127919954090488,0.646672792629129,0.116477782824069,0.243239437115587,0.214017892035192,0.214017892035192,0.246672088495513,0.243239437115587,0.751197907314892,0.804609962786538,0.542425810721842,0.877699032168344,0.22283716558054,0.876924485190309,1.16741832930217,0.377200857634744,0.467805250724377,1.33755109369554,0.857912877547643,0.891447241028457,0.928551561944394,0.793590271689956,0.8017265356274,0.565891063488207,0.217450543415118,0.217450543415118,0.217450543415118,0.214017892035192,0.523607839823685,0.641268567123297,0.858212134334611,0.423796899699687,0.940138080602175,0.217450543415118,0.358136439970848,0.507060699838401,0.439463872664477,0.288920105479215,0.418128624087707,0.518784524551378,0.288920105479215,0.217450543415118,0.702105711579829,0.304939145252203,0.0874850811690026,0.792270021159216,0.352915289205279,0.164411678760161,1.2034488464531,0.830170013061678,1.10927097526027,0.751891478927041,0.904628622327373,0.50149804426888,0.979985001953971,1.28016420395934,0.823427933684696,0.790206909663178
HEB_01_106,1.23083964413087,0.948622890679735,0.824892531606798,0.908406299179332,0.254875245126515,0.713259188063526,0.202832729538757,0.475811249942789,0.922605153553938,0.366990920197016,0.553660262571425,0.216852029841182,0.251548213789048,0.162510517995895,0.254875245126515,0.254875245126515,0.254875245126515,0.254875245126515,0.220069920468108,0.522393209335403,0.526987681182381,0.254875245126515,0.254875245126515,0.254875245126515,0.254875245126515,0.254875245126515,0.254875245126515,0.254875245126515,0.745561317715649,1.21358837052919,0.254875245126515,0.779419582660005,0.779419582660005,0.593781796033615,1.142372296567,1.14454806944166,0.911233395649158,0.93788485302971,1.22973063368505,0.673676316817879,0.738481254202797,1.38522093952548,1.34717940425667,1.05690103754088,0.254875245126515,0.737030738953023,0.93788485302971,0.41334051549622,0.93788485302971,0.41334051549622,0.93788485302971,0.254875245126515,0.93788485302971,0.40489091209948,0.915563817389987,0.794065561881022,0.915563817389987,0.254875245126515,0.558673693920158,0.254875245126515,0.729778162704154,0.777162834419459,0.165344655801885,0.726345511324228,0.153902484535465,0.280664138826983,0.251442593746589,0.251442593746589,0.284096790206909,0.280664138826983,0.714688579304809,0.884282681481638,0.579850512433239,0.725007657453078,0.239137858800085,0.935473195393558,1.0569749715706,0.414625559346141,0.452419931206145,1.31160376993138,0.89533757925904,0.971119959723557,0.913166242426162,0.788766956417649,0.670159169403986,0.624439773691455,0.254875245126515,0.254875245126515,0.254875245126515,0.251442593746589,0.561032541535081,0.699817277326545,0.93788485302971,0.418973584427381,0.850818731362463,0.254875245126515,0.38499913743632,0.523361393057946,0.498012582867725,0.368592824174315,0.4133053088154,0.461151188049444,0.368592824174315,0.254875245126515,0.570538345356414,0.374049859701377,0.124909782880399,0.597330629460246,0.326967965441122,0.201836380471558,1.05075747173784,0.825346697789372,0.977703609036851,0.599200104211775,0.751937247612106,0.538922745980277,0.880103648468333,1.12747282924408,0.67073655896943,0.637515534947911
HEB_01_109,0.960153078648204,1.04760647380447,0.554205966124131,0.84895981861518,0.364420832497174,0.451022225977601,0.312378316909416,0.585356837313448,0.567422554103866,0.476536507567676,0.198477663121354,0.263025591736287,0.192101733224897,0.272056105366554,0.364420832497174,0.364420832497174,0.364420832497174,0.364420832497174,0.266243482363213,0.631938796706063,0.63653326855304,0.364420832497174,0.364420832497174,0.364420832497174,0.364420832497174,0.364420832497174,0.364420832497174,0.364420832497174,0.563595587898759,0.921777796554674,0.364420832497174,0.888965170030665,0.888965170030665,0.703327383404274,0.850561722592479,0.852737495467139,1.02077898301982,1.04743044040037,0.969606072448307,0.645915848991504,0.761418406756866,1.03003834007541,1.05690103754088,1.16223230119578,0.364420832497174,0.846576326323683,1.04743044040037,0.52288610286688,1.04743044040037,0.52288610286688,1.04743044040037,0.364420832497174,1.04743044040037,0.451064473994585,0.961737379285093,0.903611149251681,0.961737379285093,0.364420832497174,0.63653326855304,0.364420832497174,0.839323750074814,0.886708421790119,0.274890243172544,0.835891098694888,0.263448071906124,0.390209726197643,0.360988181117248,0.360988181117248,0.393642377577569,0.390209726197643,0.608769280058584,0.993828268852297,0.689396099803898,0.464883096216338,0.327559437678894,1.02389477427237,0.744040389104236,0.524171146716801,0.466907480363473,1.08316522143242,1.0048831666297,1.05954153860236,0.906529783091639,0.813816509820903,0.39947260392132,0.733985361062115,0.364420832497174,0.364420832497174,0.364420832497174,0.360988181117248,0.670578128905741,0.809362864697204,1.04743044040037,0.444023137830634,0.601256174371648,0.364420832497174,0.378362678101796,0.506162929477497,0.501938127779127,0.478138411544974,0.438354862218654,0.380580698993441,0.478138411544974,0.364420832497174,0.363223805349303,0.47303344282611,0.234455370251059,0.242148030010174,0.373141527336227,0.311381967842217,0.737822889271468,0.860958255438551,0.696455039308259,0.286265521745406,0.443227466844108,0.648468333350936,0.624203888929963,0.814538246777708,0.357801976503061,0.324580952481543
HEB_01_112,0.274309332939018,0.414572749324911,0.514756880265599,0.448290187545988,0.840397553839816,0.348201114643514,0.724983012776504,0.685326207501135,0.304058978231709,0.593405084548844,0.44209029105363,0.739002313078929,0.625830437583836,0.748032826709196,0.840397553839816,0.840397553839816,0.840397553839816,0.840397553839816,0.636600161246598,0.431947246309459,0.352045684189031,0.840397553839816,0.840397553839816,0.840397553839816,0.840397553839816,0.840397553839816,0.840397553839816,0.840397553839816,0.631878945348669,0.320430084812894,0.840397553839816,0.51998155169925,0.51998155169925,0.63430468565715,0.380182863500177,0.293637800709062,0.398307262786186,0.424958720166739,0.273200322493196,0.467048307086753,0.44524480965508,0.217450543415118,0.254875245126515,0.364420832497174,0.948550403851099,0.519840724975971,0.424958720166739,0.745374722307305,0.424958720166739,0.745374722307305,0.424958720166739,0.840397553839816,0.424958720166739,0.779173135894267,0.444885701510718,0.492379513936564,0.444885701510718,0.840397553839816,0.616095790337174,0.840397553839816,0.385844097775994,0.505050398363593,0.750866964515186,0.382411446396068,0.739424793248766,0.823938430556582,0.83696490245989,0.83696490245989,0.827371081936508,0.823938430556582,0.567207793350866,0.43472857409422,0.595024591866552,0.592313677443431,0.803536159021535,0.401423054038734,0.429979192851635,0.725535757665374,0.752768125279453,0.228329407788422,0.424659463379771,0.373697792893179,0.220686037382453,0.191344789587272,0.275527484095382,0.3650017427307,0.840397553839816,0.840397553839816,0.840397553839816,0.83696490245989,0.639578646443949,0.567123297316898,0.424958720166739,0.751007791238465,0.506884666434302,0.840397553839816,0.769843365477032,0.707527540426071,0.745550755711403,0.785123064952805,0.745339515626485,0.7403753736309,0.785123064952805,0.840397553839816,0.670208458757133,0.780018096233941,0.7104320915937,0.485760657942451,0.553382129792949,0.787358689184859,0.220971211497093,0.418040607385657,0.253537391255364,0.529878149677682,0.576995250618757,0.617468850889144,0.512933174199136,0.297686569003334,0.64366262141904,0.568193580413819
HEB_01_121,0.756464826765527,0.89672824315142,0.58288180765182,0.67695757947028,0.519840724975971,0.543070092980844,0.404426183912659,0.740776729792245,0.490478353172298,0.631956400046472,0.121533462189785,0.418445484215084,0.30527360871999,0.427475997845351,0.519840724975971,0.519840724975971,0.519840724975971,0.519840724975971,0.42166337484201,0.787358689184859,0.791953161031837,0.519840724975971,0.519840724975971,0.519840724975971,0.519840724975971,0.519840724975971,0.519840724975971,0.519840724975971,0.311322116484824,0.549097476737185,0.519840724975971,0.748648943623542,0.748648943623542,0.710879216440111,0.47788140277499,0.775793294535571,0.880462756612694,0.907114213993247,0.755355816319704,0.357731563141421,0.589416167611966,0.699606037241627,0.737030738953023,0.846576326323683,0.519840724975971,1.07022264163947,0.907114213993247,0.678305995345676,0.907114213993247,0.678305995345676,0.907114213993247,0.519840724975971,0.907114213993247,0.458616307030422,0.927041195337227,0.974535007763073,0.927041195337227,0.519840724975971,0.696895122818506,0.519840724975971,0.699007523667691,0.746392195382996,0.430310135651341,0.695574872287765,0.418867964384921,0.503381601692737,0.516408073596045,0.516408073596045,0.506814253072663,0.503381601692737,0.563511091864792,0.853512042445174,0.823691983790844,0.461872925006249,0.48297933015769,0.883578547865242,0.371360069286747,0.658467030703746,0.432211296415608,0.71048490161493,0.906814957206279,0.855853286719687,0.618345497241556,0.67350028341378,0.343652411481602,0.699289177114249,0.519840724975971,0.519840724975971,0.519840724975971,0.516408073596045,0.825998021384537,0.816914697733041,0.907114213993247,0.43045096237462,0.52431197344008,0.519840724975971,0.533782570580593,0.386970711562226,0.424993926847558,0.46456623608896,0.42478268676264,0.419818544767055,0.46456623608896,0.519840724975971,0.349651629893288,0.459461267370096,0.389875262729855,0.165203829078606,0.528561419815024,0.466801860321014,0.660878688339899,0.857948084228463,0.69344486809817,0.209321320813837,0.370508067610909,0.803888225829733,0.551484489696765,0.737594045846139,0.323105792555195,0.247636751549974
HEB_01_122,0.957318940842214,1.09758235722811,0.551371828318141,0.877811693546967,0.424958720166739,0.448188088171611,0.309544179103426,0.645894724983012,0.395596348363065,0.53707439523724,0.0266514573805524,0.323563479405852,0.210391603910758,0.332593993036118,0.424958720166739,0.424958720166739,0.424958720166739,0.424958720166739,0.326781370032777,0.692476684375627,0.697071156222605,0.424958720166739,0.424958720166739,0.424958720166739,0.424958720166739,0.424958720166739,0.424958720166739,0.424958720166739,0.512176230561511,0.749951590813873,0.424958720166739,0.949503057700229,0.949503057700229,0.763865271073839,0.678735516851677,0.680911289726338,1.08131687068938,1.10796832806993,0.956209930396392,0.537461668726257,0.790270281688653,0.858212134334611,0.93788485302971,1.04743044040037,0.424958720166739,0.907114213993247,1.15001206119133,0.583423990536444,1.10796832806993,0.583423990536444,1.10796832806993,0.424958720166739,1.10796832806993,0.405982319204892,0.9166552244954,0.964149036921246,0.9166552244954,0.424958720166739,0.644261134992976,0.424958720166739,0.899861637744378,0.947246309459683,0.335428130842108,0.896428986364452,0.323985959575689,0.408499596883504,0.421526068786813,0.421526068786813,0.41193224826343,0.408499596883504,0.468629087055559,1.05436615652186,0.728809978981611,0.366990920197016,0.388097325348458,1.08443266194193,0.572214183363435,0.563585025894513,0.337329291606375,0.911339015691617,1.06542105429926,1.05670740079637,0.798075602826392,0.874354397490467,0.39663846611533,0.794523248731679,0.424958720166739,0.424958720166739,0.424958720166739,0.421526068786813,0.731116016575305,0.869900752366769,1.10796832806993,0.335568957565387,0.429429968630847,0.424958720166739,0.43890056577136,0.461080774687804,0.414607956005731,0.538676299214539,0.498892749888218,0.324936539957822,0.538676299214539,0.424958720166739,0.339265659051461,0.533571330495674,0.294993257920623,0.0703218242693733,0.433679415005791,0.371919855511781,0.565996683530666,0.76306607941923,0.598562863288937,0.114439316004605,0.275626062801677,0.7090062210205,0.456602484887532,0.642712041036907,0.228223787745962,0.152754746740741
HEB_01_123,0.432774603308723,0.573038019694617,0.542253297985825,0.353267356013477,0.745374722307305,0.261627886507743,0.629960181243992,0.674799409936029,0.209036146699197,0.604002295475589,0.347067459521118,0.643979481546418,0.530807606051324,0.653009995176684,0.745374722307305,0.745374722307305,0.745374722307305,0.745374722307305,0.647197372173343,0.505916482711759,0.510510954558737,0.745374722307305,0.745374722307305,0.745374722307305,0.745374722307305,0.745374722307305,0.745374722307305,0.745374722307305,0.536856113816157,0.225407253280382,0.745374722307305,0.424958720166739,0.424958720166739,0.661801103377376,0.407679281220404,0.452103071078768,0.556772533155891,0.583423990536444,0.431665592862901,0.372025475554241,0.350221978122568,0.375915813784823,0.41334051549622,0.52288610286688,0.745374722307305,0.678305995345676,0.583423990536444,0.99631802313098,0.583423990536444,0.90383999267701,0.583423990536444,0.745374722307305,0.583423990536444,0.684150304361755,0.603350971880424,0.650844784306269,0.603350971880424,0.745374722307305,0.652041811454141,0.745374722307305,0.375317300210888,0.422701971926192,0.655844132982675,0.371884648830962,0.644401961716255,0.72891559902407,0.741942070927379,0.741942070927379,0.732348250403996,0.72891559902407,0.725673063720571,0.529821818988371,0.500001760334041,0.687406922337582,0.708513327489024,0.559888324408439,0.343405964715864,0.884001028035079,0.657745293746941,0.386794678158127,0.583124733749476,0.532163063262884,0.379151307752159,0.349810059956977,0.294574298418868,0.417846970641149,0.745374722307305,0.745374722307305,0.745374722307305,0.741942070927379,0.798043916813654,0.725588567686604,0.583423990536444,0.655984959705953,0.665349936804008,0.745374722307305,0.674820533944521,0.612504708893559,0.650527924178892,0.690100233420293,0.650316684093973,0.645352542098388,0.690100233420293,0.745374722307305,0.575185627224622,0.684995264701429,0.615409260061189,0.390737826409939,0.711847400162655,0.692335857652348,0.379436481866799,0.576505877755362,0.412002661625069,0.434855318145171,0.596042064942243,0.522446019356633,0.523530385125881,0.456151839373039,0.548639789886529,0.473170748881307
HEB_01_124,0.957318940842214,1.09758235722811,0.551371828318141,0.877811693546967,0.424958720166739,0.448188088171611,0.309544179103426,0.645894724983012,0.395596348363065,0.53707439523724,0.0266514573805524,0.323563479405852,0.210391603910758,0.332593993036118,0.424958720166739,0.424958720166739,0.424958720166739,0.424958720166739,0.326781370032777,0.692476684375627,0.697071156222605,0.424958720166739,0.424958720166739,0.424958720166739,0.424958720166739,0.424958720166739,0.424958720166739,0.424958720166739,0.512176230561511,0.749951590813873,0.424958720166739,0.949503057700229,0.949503057700229,0.763865271073839,0.678735516851677,0.680911289726338,1.08131687068938,1.10796832806993,0.956209930396392,0.537461668726257,0.790270281688653,0.858212134334611,0.93788485302971,1.04743044040037,0.424958720166739,0.907114213993247,1.10796832806993,0.583423990536444,1.15001206119133,0.583423990536444,1.10796832806993,0.424958720166739,1.10796832806993,0.405982319204892,0.9166552244954,0.964149036921246,0.9166552244954,0.424958720166739,0.644261134992976,0.424958720166739,0.899861637744378,0.947246309459683,0.335428130842108,0.896428986364452,0.323985959575689,0.408499596883504,0.421526068786813,0.421526068786813,0.41193224826343,0.408499596883504,0.468629087055559,1.05436615652186,0.728809978981611,0.366990920197016,0.388097325348458,1.08443266194193,0.572214183363435,0.563585025894513,0.337329291606375,0.911339015691617,1.06542105429926,1.05670740079637,0.798075602826392,0.874354397490467,0.39663846611533,0.794523248731679,0.424958720166739,0.424958720166739,0.424958720166739,0.421526068786813,0.731116016575305,0.869900752366769,1.10796832806993,0.335568957565387,0.429429968630847,0.424958720166739,0.43890056577136,0.461080774687804,0.414607956005731,0.538676299214539,0.498892749888218,0.324936539957822,0.538676299214539,0.424958720166739,0.339265659051461,0.533571330495674,0.294993257920623,0.0703218242693733,0.433679415005791,0.371919855511781,0.565996683530666,0.76306607941923,0.598562863288937,0.114439316004605,0.275626062801677,0.7090062210205,0.456602484887532,0.642712041036907,0.228223787745962,0.152754746740741
HEB_01_126,0.432774603308723,0.573038019694617,0.542253297985825,0.353267356013477,0.745374722307305,0.261627886507743,0.629960181243992,0.674799409936029,0.209036146699197,0.604002295475589,0.347067459521118,0.643979481546418,0.530807606051324,0.653009995176684,0.745374722307305,0.745374722307305,0.745374722307305,0.745374722307305,0.647197372173343,0.505916482711759,0.510510954558737,0.745374722307305,0.745374722307305,0.745374722307305,0.745374722307305,0.745374722307305,0.745374722307305,0.745374722307305,0.536856113816157,0.225407253280382,0.745374722307305,0.424958720166739,0.424958720166739,0.661801103377376,0.407679281220404,0.452103071078768,0.556772533155891,0.583423990536444,0.431665592862901,0.372025475554241,0.350221978122568,0.375915813784823,0.41334051549622,0.52288610286688,0.745374722307305,0.678305995345676,0.583423990536444,0.90383999267701,0.583423990536444,0.99631802313098,0.583423990536444,0.745374722307305,0.583423990536444,0.684150304361755,0.603350971880424,0.650844784306269,0.603350971880424,0.745374722307305,0.652041811454141,0.745374722307305,0.375317300210888,0.422701971926192,0.655844132982675,0.371884648830962,0.644401961716255,0.72891559902407,0.741942070927379,0.741942070927379,0.732348250403996,0.72891559902407,0.725673063720571,0.529821818988371,0.500001760334041,0.687406922337582,0.708513327489024,0.559888324408439,0.343405964715864,0.884001028035079,0.657745293746941,0.386794678158127,0.583124733749476,0.532163063262884,0.379151307752159,0.349810059956977,0.294574298418868,0.417846970641149,0.745374722307305,0.745374722307305,0.745374722307305,0.741942070927379,0.798043916813654,0.725588567686604,0.583423990536444,0.655984959705953,0.665349936804008,0.745374722307305,0.674820533944521,0.612504708893559,0.650527924178892,0.690100233420293,0.650316684093973,0.645352542098388,0.690100233420293,0.745374722307305,0.575185627224622,0.684995264701429,0.615409260061189,0.390737826409939,0.711847400162655,0.692335857652348,0.379436481866799,0.576505877755362,0.412002661625069,0.434855318145171,0.596042064942243,0.522446019356633,0.523530385125881,0.456151839373039,0.548639789886529,0.473170748881307
HEB_01_127,0.957318940842214,1.09758235722811,0.551371828318141,0.877811693546967,0.424958720166739,0.448188088171611,0.309544179103426,0.645894724983012,0.395596348363065,0.53707439523724,0.0266514573805524,0.323563479405852,0.210391603910758,0.332593993036118,0.424958720166739,0.424958720166739,0.424958720166739,0.424958720166739,0.326781370032777,0.692476684375627,0.697071156222605,0.424958720166739,0.424958720166739,0.424958720166739,0.424958720166739,0.424958720166739,0.424958720166739,0.424958720166739,0.512176230561511,0.749951590813873,0.424958720166739,0.949503057700229,0.949503057700229,0.763865271073839,0.678735516851677,0.680911289726338,1.08131687068938,1.10796832806993,0.956209930396392,0.537461668726257,0.790270281688653,0.858212134334611,0.93788485302971,1.04743044040037,0.424958720166739,0.907114213993247,1.10796832806993,0.583423990536444,1.10796832806993,0.583423990536444,1.15001206119133,0.424958720166739,1.10796832806993,0.405982319204892,0.9166552244954,0.964149036921246,0.9166552244954,0.424958720166739,0.644261134992976,0.424958720166739,0.899861637744378,0.947246309459683,0.335428130842108,0.896428986364452,0.323985959575689,0.408499596883504,0.421526068786813,0.421526068786813,0.41193224826343,0.408499596883504,0.468629087055559,1.05436615652186,0.728809978981611,0.366990920197016,0.388097325348458,1.08443266194193,0.572214183363435,0.563585025894513,0.337329291606375,0.911339015691617,1.06542105429926,1.05670740079637,0.798075602826392,0.874354397490467,0.39663846611533,0.794523248731679,0.424958720166739,0.424958720166739,0.424958720166739,0.421526068786813,0.731116016575305,0.869900752366769,1.10796832806993,0.335568957565387,0.429429968630847,0.424958720166739,0.43890056577136,0.461080774687804,0.414607956005731,0.538676299214539,0.498892749888218,0.324936539957822,0.538676299214539,0.424958720166739,0.339265659051461,0.533571330495674,0.294993257920623,0.0703218242693733,0.433679415005791,0.371919855511781,0.565996683530666,0.76306607941923,0.598562863288937,0.114439316004605,0.275626062801677,0.7090062210205,0.456602484887532,0.642712041036907,0.228223787745962,0.152754746740741
HEB_01_128,0.274309332939018,0.414572749324911,0.514756880265599,0.448290187545988,0.840397553839816,0.348201114643514,0.724983012776504,0.685326207501135,0.304058978231709,0.593405084548844,0.44209029105363,0.739002313078929,0.625830437583836,0.748032826709196,0.840397553839816,0.840397553839816,0.840397553839816,0.840397553839816,0.636600161246598,0.431947246309459,0.352045684189031,0.840397553839816,0.840397553839816,0.840397553839816,0.840397553839816,0.840397553839816,0.840397553839816,0.840397553839816,0.631878945348669,0.320430084812894,0.840397553839816,0.51998155169925,0.51998155169925,0.63430468565715,0.380182863500177,0.293637800709062,0.398307262786186,0.424958720166739,0.273200322493196,0.467048307086753,0.44524480965508,0.217450543415118,0.254875245126515,0.364420832497174,0.840397553839816,0.519840724975971,0.424958720166739,0.745374722307305,0.424958720166739,0.745374722307305,0.424958720166739,0.948550403851099,0.424958720166739,0.779173135894267,0.444885701510718,0.492379513936564,0.444885701510718,0.840397553839816,0.616095790337174,0.840397553839816,0.385844097775994,0.505050398363593,0.750866964515186,0.382411446396068,0.739424793248766,0.823938430556582,0.83696490245989,0.83696490245989,0.827371081936508,0.823938430556582,0.567207793350866,0.43472857409422,0.595024591866552,0.592313677443431,0.803536159021535,0.401423054038734,0.429979192851635,0.725535757665374,0.752768125279453,0.228329407788422,0.424659463379771,0.373697792893179,0.220686037382453,0.191344789587272,0.275527484095382,0.3650017427307,0.840397553839816,0.840397553839816,0.840397553839816,0.83696490245989,0.639578646443949,0.567123297316898,0.424958720166739,0.751007791238465,0.506884666434302,0.840397553839816,0.769843365477032,0.707527540426071,0.745550755711403,0.785123064952805,0.745339515626485,0.7403753736309,0.785123064952805,0.840397553839816,0.670208458757133,0.780018096233941,0.7104320915937,0.485760657942451,0.553382129792949,0.787358689184859,0.220971211497093,0.418040607385657,0.253537391255364,0.529878149677682,0.576995250618757,0.617468850889144,0.512933174199136,0.297686569003334,0.64366262141904,0.568193580413819
HEB_01_130,0.957318940842214,1.09758235722811,0.551371828318141,0.877811693546967,0.424958720166739,0.448188088171611,0.309544179103426,0.645894724983012,0.395596348363065,0.53707439523724,0.0266514573805524,0.323563479405852,0.210391603910758,0.332593993036118,0.424958720166739,0.424958720166739,0.424958720166739,0.424958720166739,0.326781370032777,0.692476684375627,0.697071156222605,0.424958720166739,0.424958720166739,0.424958720166739,0.424958720166739,0.424958720166739,0.424958720166739,0.424958720166739,0.512176230561511,0.749951590813873,0.424958720166739,0.949503057700229,0.949503057700229,0.763865271073839,0.678735516851677,0.680911289726338,1.08131687068938,1.10796832806993,0.956209930396392,0.537461668726257,0.790270281688653,0.858212134334611,0.93788485302971,1.04743044040037,0.424958720166739,0.907114213993247,1.10796832806993,0.583423990536444,1.10796832806993,0.583423990536444,1.10796832806993,0.424958720166739,1.15001206119133,0.405982319204892,0.9166552244954,0.964149036921246,0.9166552244954,0.424958720166739,0.644261134992976,0.424958720166739,0.899861637744378,0.947246309459683,0.335428130842108,0.896428986364452,0.323985959575689,0.408499596883504,0.421526068786813,0.421526068786813,0.41193224826343,0.408499596883504,0.468629087055559,1.05436615652186,0.728809978981611,0.366990920197016,0.388097325348458,1.08443266194193,0.572214183363435,0.563585025894513,0.337329291606375,0.911339015691617,1.06542105429926,1.05670740079637,0.798075602826392,0.874354397490467,0.39663846611533,0.794523248731679,0.424958720166739,0.424958720166739,0.424958720166739,0.421526068786813,0.731116016575305,0.869900752366769,1.10796832806993,0.335568957565387,0.429429968630847,0.424958720166739,0.43890056577136,0.461080774687804,0.414607956005731,0.538676299214539,0.498892749888218,0.324936539957822,0.538676299214539,0.424958720166739,0.339265659051461,0.533571330495674,0.294993257920623,0.0703218242693733,0.433679415005791,0.371919855511781,0.565996683530666,0.76306607941923,0.598562863288937,0.114439316004605,0.275626062801677,0.7090062210205,0.456602484887532,0.642712041036907,0.228223787745962,0.152754746740741
HEB_01_131,0.255332931977172,0.395596348363065,0.474656470811901,0.429313786584142,0.779173135894267,0.286976696697965,0.663758594830955,0.624101789555586,0.411826628220971,0.532180666603294,0.549857941042892,0.67777789513338,0.564606019638286,0.686808408763646,0.779173135894267,0.779173135894267,0.779173135894267,0.779173135894267,0.575375743301048,0.37072282836391,0.290821266243482,0.779173135894267,0.779173135894267,0.779173135894267,0.779173135894267,0.779173135894267,0.779173135894267,0.779173135894267,0.688948974957488,0.470445751785859,0.779173135894267,0.501005150737404,0.501005150737404,0.594204276203452,0.530198530473142,0.401405450698324,0.379330861824339,0.405982319204892,0.338719955498755,0.617063974059717,0.426268408693233,0.367466210388083,0.40489091209948,0.451064473994585,0.779173135894267,0.458616307030422,0.405982319204892,0.684150304361755,0.405982319204892,0.684150304361755,0.405982319204892,0.779173135894267,0.405982319204892,0.999498996667931,0.594901368483683,0.473403112974718,0.594901368483683,0.779173135894267,0.660491414850882,0.779173135894267,0.366867696814147,0.486073997401747,0.689642546569637,0.363435045434221,0.678200375303217,0.804962029594736,0.775740484514341,0.775740484514341,0.808394680974661,0.804962029594736,0.674975443340128,0.415752173132373,0.554924182412854,0.615585293465288,0.742311741075986,0.382446653076888,0.5799948598246,0.685435348211676,0.860535775268715,0.378345074761386,0.405683062417924,0.439217425898738,0.370701704355418,0.172368388625425,0.235427074641684,0.346025341768854,0.779173135894267,0.779173135894267,0.779173135894267,0.775740484514341,0.578354228498399,0.527022887863201,0.405982319204892,0.858775441227727,0.614652316423564,0.779173135894267,0.708618947531483,0.815295190415333,0.853318405700665,0.723898647007256,0.684115097680935,0.763646989652756,0.723898647007256,0.779173135894267,0.608984040811584,0.718793678288392,0.649207673648151,0.593528307931713,0.4921577118474,0.72613427123931,0.328738861486355,0.504684248883068,0.297933015769072,0.637645799666944,0.676313297211278,0.556244432943595,0.612251220791657,0.405454218992596,0.709182254424599,0.675961230403081
HEB_01_132,0.766005837267679,0.906269253653573,0.55017480117027,0.686498589972433,0.444885701510718,0.468115069515591,0.329471160447406,0.665821706326992,0.584515397641856,0.55700137658122,0.215570506659343,0.343490460749831,0.230318585254738,0.352520974380098,0.444885701510718,0.444885701510718,0.444885701510718,0.444885701510718,0.346708351376757,0.712403665719607,0.716998137566584,0.444885701510718,0.444885701510718,0.444885701510718,0.444885701510718,0.444885701510718,0.444885701510718,0.444885701510718,0.396909557557642,0.72763055517415,0.444885701510718,0.758189954125695,0.758189954125695,0.678172209958561,0.656414481211954,0.869830339005129,0.890003767114847,0.9166552244954,0.849392860789263,0.536264641578386,0.598957178114118,0.878139115678591,0.915563817389987,0.961737379285093,0.444885701510718,0.927041195337227,0.9166552244954,0.603350971880424,0.9166552244954,0.603350971880424,0.9166552244954,0.444885701510718,0.9166552244954,0.594901368483683,1.14820950952039,0.984076018265225,1.10557427377419,0.444885701510718,0.748684150304361,0.444885701510718,0.708548534169844,0.755933205885148,0.355355112186088,0.705115882789918,0.343912940919669,0.470674595211187,0.441453050130793,0.441453050130793,0.474107246591113,0.470674595211187,0.65754813633435,0.863053052947327,0.769860968817442,0.471413935508402,0.408024306692438,0.893119558367395,0.549893147723712,0.604636015730345,0.526248340885166,0.889017980051894,0.916355967708432,0.949890331189246,0.79687857567852,0.683041293915933,0.310945405000052,0.708830187616402,0.444885701510718,0.444885701510718,0.444885701510718,0.441453050130793,0.751042997919285,0.784207691251492,0.9166552244954,0.524488006844178,0.618349017909638,0.444885701510718,0.45882754711534,0.481007756031784,0.519030971317117,0.389611212623707,0.349827663297387,0.429359555269207,0.389611212623707,0.444885701510718,0.274696606428036,0.384506243904843,0.314920239264602,0.259240873548164,0.453606396349771,0.391846836855761,0.754915732809457,0.93086112020617,0.724109887092174,0.303358365283396,0.456095508683728,0.72893320236448,0.637071930769583,0.831631090315698,0.374894820041051,0.341673796019532
HEB_01_133,0.813499649693525,0.953763066079419,0.597668613596116,0.733992402398279,0.492379513936564,0.515608881941437,0.376964972873252,0.713315518752838,0.463017142132891,0.604495189007066,0.094072251150378,0.390984273175677,0.277812397680584,0.400014786805944,0.492379513936564,0.492379513936564,0.492379513936564,0.492379513936564,0.394202163802603,0.759897478145452,0.76449194999243,0.492379513936564,0.492379513936564,0.492379513936564,0.492379513936564,0.492379513936564,0.492379513936564,0.492379513936564,0.368356939412823,0.606132299665184,0.492379513936564,0.80568376655154,0.80568376655154,0.725666022384407,0.534916225702989,0.748332083496164,0.937497579540693,0.964149036921246,0.812390639247703,0.41476638606942,0.646450990539965,0.756640860169625,0.794065561881022,0.903611149251681,0.492379513936564,0.974535007763073,0.964149036921246,0.650844784306269,0.964149036921246,0.650844784306269,0.964149036921246,0.492379513936564,0.964149036921246,0.473403112974718,0.984076018265225,1.09248945639813,0.984076018265225,0.492379513936564,0.711681928762802,0.492379513936564,0.75604234659569,0.803427018310994,0.402848924611934,0.752609695215764,0.391406753345514,0.47592039065333,0.488946862556638,0.488946862556638,0.479353042033256,0.47592039065333,0.536049880825385,0.910546865373173,0.796230772751437,0.434411713966842,0.455518119118284,0.940613370793241,0.428394892214746,0.631005819664339,0.404750085376201,0.767519724542929,0.963849780134278,0.912888109647686,0.675380320169555,0.730535106341779,0.358439217425898,0.756324000042248,0.492379513936564,0.492379513936564,0.492379513936564,0.488946862556638,0.798536810345131,0.831701503677337,0.964149036921246,0.402989751335213,0.496850762400673,0.492379513936564,0.506321359541186,0.359509500522819,0.397532715808151,0.437105025049553,0.397321475723233,0.392357333727648,0.437105025049553,0.492379513936564,0.322190418853881,0.432000056330689,0.362414051690448,0.137742618039199,0.501100208775617,0.439340649281607,0.633417477300492,0.830486873189056,0.665983657058763,0.18186010977443,0.343046856571503,0.776427014790326,0.524023278657358,0.710132834806733,0.295644581515788,0.220175540510567
HEB_01_134,0.766005837267679,0.906269253653573,0.55017480117027,0.686498589972433,0.444885701510718,0.468115069515591,0.329471160447406,0.665821706326992,0.584515397641856,0.55700137658122,0.215570506659343,0.343490460749831,0.230318585254738,0.352520974380098,0.444885701510718,0.444885701510718,0.444885701510718,0.444885701510718,0.346708351376757,0.712403665719607,0.716998137566584,0.444885701510718,0.444885701510718,0.444885701510718,0.444885701510718,0.444885701510718,0.444885701510718,0.444885701510718,0.396909557557642,0.72763055517415,0.444885701510718,0.758189954125695,0.758189954125695,0.678172209958561,0.656414481211954,0.869830339005129,0.890003767114847,0.9166552244954,0.849392860789263,0.536264641578386,0.598957178114118,0.878139115678591,0.915563817389987,0.961737379285093,0.444885701510718,0.927041195337227,0.9166552244954,0.603350971880424,0.9166552244954,0.603350971880424,0.9166552244954,0.444885701510718,0.9166552244954,0.594901368483683,1.10557427377419,0.984076018265225,1.14820950952039,0.444885701510718,0.748684150304361,0.444885701510718,0.708548534169844,0.755933205885148,0.355355112186088,0.705115882789918,0.343912940919669,0.470674595211187,0.441453050130793,0.441453050130793,0.474107246591113,0.470674595211187,0.65754813633435,0.863053052947327,0.769860968817442,0.471413935508402,0.408024306692438,0.893119558367395,0.549893147723712,0.604636015730345,0.526248340885166,0.889017980051894,0.916355967708432,0.949890331189246,0.79687857567852,0.683041293915933,0.310945405000052,0.708830187616402,0.444885701510718,0.444885701510718,0.444885701510718,0.441453050130793,0.751042997919285,0.784207691251492,0.9166552244954,0.524488006844178,0.618349017909638,0.444885701510718,0.45882754711534,0.481007756031784,0.519030971317117,0.389611212623707,0.349827663297387,0.429359555269207,0.389611212623707,0.444885701510718,0.274696606428036,0.384506243904843,0.314920239264602,0.259240873548164,0.453606396349771,0.391846836855761,0.754915732809457,0.93086112020617,0.724109887092174,0.303358365283396,0.456095508683728,0.72893320236448,0.637071930769583,0.831631090315698,0.374894820041051,0.341673796019532
HEB_01_137,0.274309332939018,0.414572749324911,0.514756880265599,0.448290187545988,0.840397553839816,0.348201114643514,0.724983012776504,0.685326207501135,0.304058978231709,0.593405084548844,0.44209029105363,0.739002313078929,0.625830437583836,0.748032826709196,0.840397553839816,0.840397553839816,0.840397553839816,0.840397553839816,0.636600161246598,0.431947246309459,0.352045684189031,0.840397553839816,0.840397553839816,0.840397553839816,0.840397553839816,0.840397553839816,0.840397553839816,0.840397553839816,0.631878945348669,0.320430084812894,0.840397553839816,0.51998155169925,0.51998155169925,0.63430468565715,0.380182863500177,0.293637800709062,0.398307262786186,0.424958720166739,0.273200322493196,0.467048307086753,0.44524480965508,0.217450543415118,0.254875245126515,0.364420832497174,0.840397553839816,0.519840724975971,0.424958720166739,0.745374722307305,0.424958720166739,0.745374722307305,0.424958720166739,0.840397553839816,0.424958720166739,0.779173135894267,0.444885701510718,0.492379513936564,0.444885701510718,0.948550403851099,0.616095790337174,0.840397553839816,0.385844097775994,0.505050398363593,0.750866964515186,0.382411446396068,0.739424793248766,0.823938430556582,0.83696490245989,0.83696490245989,0.827371081936508,0.823938430556582,0.567207793350866,0.43472857409422,0.595024591866552,0.592313677443431,0.803536159021535,0.401423054038734,0.429979192851635,0.725535757665374,0.752768125279453,0.228329407788422,0.424659463379771,0.373697792893179,0.220686037382453,0.191344789587272,0.275527484095382,0.3650017427307,0.840397553839816,0.840397553839816,0.840397553839816,0.83696490245989,0.639578646443949,0.567123297316898,0.424958720166739,0.751007791238465,0.506884666434302,0.840397553839816,0.769843365477032,0.707527540426071,0.745550755711403,0.785123064952805,0.745339515626485,0.7403753736309,0.785123064952805,0.840397553839816,0.670208458757133,0.780018096233941,0.7104320915937,0.485760657942451,0.553382129792949,0.787358689184859,0.220971211497093,0.418040607385657,0.253537391255364,0.529878149677682,0.576995250618757,0.617468850889144,0.512933174199136,0.297686569003334,0.64366262141904,0.568193580413819
HEB_01_140,0.493611747765256,0.633875164151149,0.506342483549678,0.536623749722747,0.616095790337174,0.377387453043089,0.500681249273862,0.651140520425155,0.540260599851428,0.609917017853307,0.302284561518393,0.514700549576287,0.401528674081193,0.523731063206554,0.616095790337174,0.616095790337174,0.616095790337174,0.616095790337174,0.570728461432841,0.54562961867644,0.634720124490823,0.616095790337174,0.616095790337174,0.616095790337174,0.616095790337174,0.616095790337174,0.616095790337174,0.616095790337174,0.487848414115062,0.493259680957058,0.616095790337174,0.608315113876009,0.608315113876009,0.629270130299925,0.491330354848136,0.681932283470111,0.744353728563532,0.644261134992976,0.661494805254245,0.475110636994476,0.491330354848136,0.521248992208761,0.558673693920158,0.63653326855304,0.616095790337174,0.696895122818506,0.644261134992976,0.652041811454141,0.644261134992976,0.652041811454141,0.644261134992976,0.616095790337174,0.644261134992976,0.660491414850882,0.748684150304361,0.711681928762802,0.748684150304361,0.616095790337174,0.905660277327876,0.616095790337174,0.520650478634825,0.599721163087907,0.526565201012544,0.5172178272549,0.515123029746124,0.620760675545791,0.612663138957248,0.612663138957248,0.624193326925717,0.620760675545791,0.716800980153994,0.685717001658234,0.715044166781088,0.509542770836193,0.705978446470002,0.684097494340526,0.45916553125121,0.706136876533691,0.612962395744216,0.658871907533173,0.707333903681562,0.761992275654228,0.608980520143502,0.537391255364618,0.328795192175667,0.637114178786566,0.616095790337174,0.616095790337174,0.616095790337174,0.612663138957248,0.672989786541894,0.651232057795287,0.644261134992976,0.611202061703228,0.603667832007801,0.616095790337174,0.587789618958093,0.567721810890834,0.605745026176167,0.560821301450163,0.521037752123843,0.55832162711196,0.560821301450163,0.616095790337174,0.445906695254491,0.555716332731299,0.486130328091058,0.345954928407214,0.607917278382746,0.563056925682217,0.588141685766291,0.774649077408929,0.589021852786784,0.504142065998443,0.554216528128377,0.642430387590349,0.546344314297081,0.664857043272531,0.482732883391952,0.555131901829691
HEB_01_328,0.274309332939018,0.414572749324911,0.514756880265599,0.448290187545988,0.840397553839816,0.348201114643514,0.724983012776504,0.685326207501135,0.304058978231709,0.593405084548844,0.44209029105363,0.739002313078929,0.625830437583836,0.748032826709196,0.840397553839816,0.840397553839816,0.840397553839816,0.840397553839816,0.636600161246598,0.431947246309459,0.352045684189031,0.840397553839816,0.840397553839816,0.840397553839816,0.840397553839816,0.840397553839816,0.840397553839816,0.840397553839816,0.631878945348669,0.320430084812894,0.840397553839816,0.51998155169925,0.51998155169925,0.63430468565715,0.380182863500177,0.293637800709062,0.398307262786186,0.424958720166739,0.273200322493196,0.467048307086753,0.44524480965508,0.217450543415118,0.254875245126515,0.364420832497174,0.840397553839816,0.519840724975971,0.424958720166739,0.745374722307305,0.424958720166739,0.745374722307305,0.424958720166739,0.840397553839816,0.424958720166739,0.779173135894267,0.444885701510718,0.492379513936564,0.444885701510718,0.840397553839816,0.616095790337174,0.948550403851099,0.385844097775994,0.505050398363593,0.750866964515186,0.382411446396068,0.739424793248766,0.823938430556582,0.83696490245989,0.83696490245989,0.827371081936508,0.823938430556582,0.567207793350866,0.43472857409422,0.595024591866552,0.592313677443431,0.803536159021535,0.401423054038734,0.429979192851635,0.725535757665374,0.752768125279453,0.228329407788422,0.424659463379771,0.373697792893179,0.220686037382453,0.191344789587272,0.275527484095382,0.3650017427307,0.840397553839816,0.840397553839816,0.840397553839816,0.83696490245989,0.639578646443949,0.567123297316898,0.424958720166739,0.751007791238465,0.506884666434302,0.840397553839816,0.769843365477032,0.707527540426071,0.745550755711403,0.785123064952805,0.745339515626485,0.7403753736309,0.785123064952805,0.840397553839816,0.670208458757133,0.780018096233941,0.7104320915937,0.485760657942451,0.553382129792949,0.787358689184859,0.220971211497093,0.418040607385657,0.253537391255364,0.529878149677682,0.576995250618757,0.617468850889144,0.512933174199136,0.297686569003334,0.64366262141904,0.568193580413819
HEB_10_003,0.79146026750036,0.889475666902551,0.470009188943694,0.868270683044814,0.385844097775994,1.06814253072663,0.591514485788823,0.606780102592268,0.745163482222386,1.00493597665093,0.663505106729052,0.580184975901026,0.847245253259258,0.610339498023144,0.385844097775994,0.385844097775994,0.385844097775994,0.385844097775994,0.879138985413872,1.16033826578932,0.784700584782968,0.385844097775994,0.385844097775994,0.385844097775994,0.385844097775994,0.385844097775994,0.385844097775994,0.385844097775994,0.473061608170766,0.710836968423128,0.385844097775994,0.910388435309484,0.910388435309484,0.640254614715688,0.555124860493527,0.472804599400782,0.873210180363825,0.899861637744378,0.748103240070836,1.08981928410735,1.21588384611864,0.650105444009055,0.729778162704154,0.839323750074814,0.385844097775994,0.699007523667691,0.899861637744378,0.375317300210888,0.899861637744378,0.375317300210888,0.899861637744378,0.385844097775994,0.899861637744378,0.366867696814147,0.708548534169844,0.75604234659569,0.708548534169844,0.385844097775994,0.520650478634825,0.385844097775994,1.47282785896624,0.93770529895753,0.866661737731352,1.53328263571295,0.960839608924189,0.369384974492759,0.382411446396068,0.382411446396068,0.372817625872685,0.369384974492759,0.260522396730003,0.909631491671859,0.689695356590866,0.222256255347014,0.348982702957713,0.876325971616374,0.524649957575949,0.355478335568957,0.29821466921563,0.703232325366061,0.857314363973707,0.848600710470819,0.906829039878607,1.34221597890416,0.948996081496425,0.873703073895302,0.385844097775994,0.385844097775994,0.385844097775994,0.382411446396068,0.523009326249749,0.661794062041213,0.899861637744378,0.296454335174642,0.221323278305291,0.385844097775994,0.399785943380615,0.42196615229706,0.375493333614986,0.499561676823794,0.459778127497473,0.285821917567077,0.499561676823794,0.385844097775994,0.300151036660716,0.49445670810493,0.424870703464689,0.284695303780845,0.403014396011787,0.670789368990659,0.35788999320511,0.554959389093674,0.390456172963381,0.0753246936138602,0.152015406443527,0.669891598629756,0.332991828529382,0.434605350711351,0.189109165355218,0.113640124349997
HEB_10_006,0.838844939215665,0.936860338617856,0.557529476793516,0.966352975140562,0.505050398363593,0.577287466069561,0.410759865792132,0.641490369212461,0.528498047789548,0.560131250506096,0.170115161052961,0.445903174586409,0.353855307583167,0.423247675478899,0.505050398363593,0.505050398363593,0.505050398363593,0.505050398363593,0.349838225301633,0.631037505677077,0.557473146104204,0.505050398363593,0.505050398363593,0.505050398363593,0.505050398363593,0.505050398363593,0.505050398363593,0.505050398363593,0.592267908758366,0.830043269010727,0.505050398363593,1.02959473589708,1.02959473589708,0.727774902565511,0.642645148343349,0.520189271116087,0.92059485207913,0.947246309459683,0.79548791178614,0.67036336815274,0.91260997686921,0.697490115724359,0.777162834419459,0.886708421790119,0.505050398363593,0.746392195382996,0.947246309459683,0.422701971926192,0.947246309459683,0.422701971926192,0.947246309459683,0.505050398363593,0.947246309459683,0.486073997401747,0.755933205885148,0.803427018310994,0.755933205885148,0.505050398363593,0.599721163087907,0.505050398363593,0.93770529895753,1.12238530602291,0.468329830268591,0.94483465182353,0.446325654756246,0.499153279326285,0.512179751229593,0.512179751229593,0.492023926460285,0.499153279326285,0.307907068445308,0.950678960839609,0.808901657178466,0.263303724514764,0.468189003545312,0.923710643331678,0.646391139182571,0.402863007284262,0.41742096980323,0.750616997081366,0.904699035689012,0.895985382186123,0.656365191858807,0.77700440435577,0.432369726479296,0.754208078524981,0.505050398363593,0.505050398363593,0.505050398363593,0.512179751229593,0.570393997965053,0.709178733756517,0.947246309459683,0.426222640008168,0.268707950020596,0.505050398363593,0.529554248214141,0.541172452884659,0.494699634202586,0.618767977411393,0.578984428085073,0.405028218154677,0.618767977411393,0.505050398363593,0.419357337248316,0.613663008692529,0.396208944609329,0.213785527941782,0.302531008284132,0.462573537954562,0.405274664920415,0.602344060808979,0.437840844678686,0.194530994201459,0.247985297690089,0.789097899217355,0.437411323172685,0.481990022426655,0.308315465942817,0.232846424937596
HEB_10_007,0.227026760598091,0.325042160000281,0.467474307924672,0.38833321010995,0.750866964515186,0.841693159693983,0.893165327052461,0.595795618176505,0.571524132419368,1.0319747075205,0.944031939500839,0.945207842640219,1.12777208603104,0.933114347778634,0.750866964515186,0.750866964515186,0.750866964515186,0.750866964515186,1.11741780120196,0.849392860789263,0.473755179782915,0.750866964515186,0.750866964515186,0.750866964515186,0.750866964515186,0.750866964515186,0.750866964515186,0.750866964515186,0.542348356024039,0.230899495488264,0.750866964515186,0.43045096237462,0.43045096237462,0.54477409633252,0.290652274175548,0.204107211384432,0.308776673461556,0.335428130842108,0.183669733168566,0.916179934304333,0.820442407151181,0.127919954090488,0.165344655801885,0.274890243172544,0.750866964515186,0.430310135651341,0.335428130842108,0.655844132982675,0.335428130842108,0.655844132982675,0.335428130842108,0.750866964515186,0.335428130842108,0.689642546569637,0.355355112186088,0.402848924611934,0.355355112186088,0.750866964515186,0.526565201012544,0.750866964515186,0.866661737731352,0.468329830268591,1.21135183422887,0.873791090597351,1.22024243320412,0.744969845477877,0.757996317381186,0.757996317381186,0.737840492611878,0.744969845477877,0.477677204026236,0.345197984769589,0.505494002541922,0.502783088118801,0.714005569696905,0.311892464714104,0.340448603527005,0.636005168340744,0.663237535954823,0.138798818463792,0.33512887405514,0.284167203568549,0.405767558451891,0.693286438034481,0.777469132542591,0.499385643419695,0.750866964515186,0.750866964515186,0.750866964515186,0.757996317381186,0.550048057119319,0.477592707992268,0.335428130842108,0.672039206159761,0.417354077109672,0.750866964515186,0.690874780398328,0.617996951101441,0.656020166386773,0.695592475628175,0.655808926301855,0.65084478430627,0.695592475628175,0.750866964515186,0.580677869432503,0.690487506909311,0.747645553220179,0.607470153536335,0.599045194816168,1.02525023148393,0.131440622172463,0.328510018061027,0.164006801930734,0.440347560353052,0.487464661294127,0.527938261564514,0.423402584874506,0.208155979678704,0.55413203209441,0.478662991089189
HEB_10_008,0.788027616120435,0.886043015522625,0.466576537563768,0.864838031664888,0.382411446396068,1.08583388783856,0.609205842900749,0.603347451212342,0.752292835088386,1.001503325271,0.681196463840978,0.576752324521101,0.864936610371184,0.617468850889144,0.382411446396068,0.382411446396068,0.382411446396068,0.382411446396068,0.875706334033946,1.17802962290124,0.802391941894893,0.382411446396068,0.382411446396068,0.382411446396068,0.382411446396068,0.382411446396068,0.382411446396068,0.382411446396068,0.46962895679084,0.707404317043202,0.382411446396068,0.906955783929558,0.906955783929558,0.636821963335762,0.551692209113601,0.469371948020856,0.8697775289839,0.896428986364452,0.74467058869091,1.09694863697335,1.21245119473871,0.646672792629129,0.726345511324228,0.835891098694888,0.382411446396068,0.695574872287765,0.896428986364452,0.371884648830962,0.896428986364452,0.371884648830962,0.896428986364452,0.382411446396068,0.896428986364452,0.363435045434221,0.705115882789918,0.752609695215764,0.705115882789918,0.382411446396068,0.5172178272549,0.382411446396068,1.53328263571295,0.94483465182353,0.873791090597351,1.47561121081107,0.957406957544263,0.376514327358759,0.389540799262068,0.389540799262068,0.369384974492759,0.376514327358759,0.257089745350077,0.906198840291933,0.68626270521094,0.218823603967089,0.345550051577787,0.872893320236448,0.521217306196023,0.352045684189031,0.294782017835704,0.699799673986135,0.853881712593781,0.845168059090893,0.913958392744607,1.35990733601608,0.96668743860835,0.891394431007227,0.382411446396068,0.382411446396068,0.382411446396068,0.389540799262068,0.519576674869823,0.658361410661287,0.896428986364452,0.303583688040642,0.217890626925365,0.382411446396068,0.406915296246615,0.418533500917134,0.372060682235061,0.496129025443868,0.456345476117548,0.282389266187151,0.496129025443868,0.382411446396068,0.296718385280791,0.491024056725004,0.442562060576615,0.302386660892771,0.420705753123712,0.677918721856659,0.354457341825184,0.551526737713748,0.387023521583455,0.0718920422339344,0.148582755063601,0.66645894724983,0.329559177149456,0.431172699331425,0.185676513975292,0.110207472970071
HEB_10_010,0.215584589331671,0.313599988733862,0.456032136658252,0.37689103884353,0.739424793248766,0.914747022394969,0.945095181261596,0.584353446910085,0.591767973890725,1.08390456172963,1.01708580220183,0.9337656713738,1.20082594873203,0.963920193495917,0.739424793248766,0.739424793248766,0.739424793248766,0.739424793248766,1.21159567239479,0.922446723490249,0.546809042483901,0.739424793248766,0.739424793248766,0.739424793248766,0.739424793248766,0.739424793248766,0.739424793248766,0.739424793248766,0.530906184757619,0.219457324221844,0.739424793248766,0.4190087911082,0.4190087911082,0.5333319250661,0.279210102909128,0.192665040118013,0.297334502195136,0.323985959575689,0.172227561902146,0.957547784267542,0.809000235884761,0.116477782824069,0.153902484535465,0.263448071906124,0.739424793248766,0.418867964384921,0.323985959575689,0.644401961716255,0.323985959575689,0.644401961716255,0.323985959575689,0.739424793248766,0.323985959575689,0.678200375303217,0.343912940919669,0.391406753345514,0.343912940919669,0.739424793248766,0.515123029746124,0.739424793248766,0.960839608924189,0.446325654756246,1.22024243320412,0.957406957544263,1.305455634697,0.722965669965532,0.735992141868841,0.735992141868841,0.726398321345458,0.722965669965532,0.466235032759816,0.33375581350317,0.494051831275502,0.491340916852382,0.702563398430486,0.300450293447684,0.329006432260586,0.624562997074324,0.651795364688403,0.127356647197372,0.323686702788721,0.272725032302129,0.436573404169175,0.766340300735468,0.850522995243577,0.466819463661424,0.739424793248766,0.739424793248766,0.739424793248766,0.735992141868841,0.538605885852899,0.466150536725849,0.323985959575689,0.650035030647415,0.405911905843252,0.739424793248766,0.668870604885983,0.606554779835021,0.644577995120354,0.684150304361755,0.644366755035435,0.63940261303985,0.684150304361755,0.739424793248766,0.569235698166084,0.679045335642891,0.778451398937462,0.638275999253618,0.629851040533451,1.02437006446343,0.119998450906044,0.317067846794607,0.152564630664315,0.428905389086633,0.476022490027707,0.516496090298095,0.411960413608086,0.196713808412284,0.542689860827991,0.467220819822769
HEB_10_014,0.257850209655784,0.398113626041677,0.498297756982365,0.431831064262754,0.823938430556582,0.352865999852132,0.729647897985121,0.668867084217901,0.340409876178103,0.576945961265609,0.48900319324595,0.722543189795695,0.630495322792453,0.742135707671888,0.823938430556582,0.823938430556582,0.823938430556582,0.823938430556582,0.620141037963364,0.436612131518076,0.356710569397649,0.823938430556582,0.823938430556582,0.823938430556582,0.823938430556582,0.823938430556582,0.823938430556582,0.823938430556582,0.636543830557286,0.346218978513362,0.823938430556582,0.503522428416016,0.503522428416016,0.617845562373916,0.405971757200646,0.319426694409531,0.381848139502952,0.408499596883504,0.277865207701813,0.503399205033147,0.428785686371846,0.243239437115587,0.280664138826983,0.390209726197643,0.823938430556582,0.503381601692737,0.408499596883504,0.72891559902407,0.408499596883504,0.72891559902407,0.408499596883504,0.823938430556582,0.408499596883504,0.804962029594736,0.470674595211187,0.47592039065333,0.470674595211187,0.823938430556582,0.620760675545791,0.823938430556582,0.369384974492759,0.499153279326285,0.744969845477877,0.376514327358759,0.722965669965532,0.963527487587577,0.831067783422582,0.831067783422582,0.853159975636976,0.860289328502976,0.592996687051334,0.418269450810985,0.599689477075169,0.596978562652048,0.787077035738301,0.3849639307555,0.455768086552104,0.730200642873991,0.778557018979921,0.25411830148889,0.408200340096536,0.399486686593648,0.257036935328848,0.196009674795889,0.280192369303999,0.369666627939317,0.823938430556582,0.823938430556582,0.823938430556582,0.831067783422582,0.623119523160715,0.550664174033664,0.408499596883504,0.787358689184859,0.532673560134771,0.823938430556582,0.763946246439724,0.733316434126539,0.771339649411872,0.768663941669571,0.728880392343251,0.745040258839517,0.768663941669571,0.823938430556582,0.653749335473899,0.763558972950707,0.715096976802318,0.532673560134771,0.558047015001566,0.781461570147551,0.246760105197562,0.443829501086126,0.258202276463981,0.555667043378151,0.602784144319226,0.60100972760591,0.538722067899604,0.323475462703802,0.627203498135806,0.593982474114288
HEB_10_018,0.270876681559092,0.411140097944986,0.511324228885673,0.444857536166062,0.83696490245989,0.36589247175544,0.742674369888429,0.681893556121209,0.311188331097709,0.589972433168918,0.459781648165555,0.735569661699004,0.643521794695761,0.755162179575196,0.83696490245989,0.83696490245989,0.83696490245989,0.83696490245989,0.633167509866672,0.449638603421385,0.369737041300957,0.83696490245989,0.83696490245989,0.83696490245989,0.83696490245989,0.83696490245989,0.83696490245989,0.83696490245989,0.628446293968743,0.316997433432968,0.83696490245989,0.516548900319324,0.516548900319324,0.630872034277224,0.376750212120252,0.290205149329136,0.39487461140626,0.421526068786813,0.26976767111327,0.474177659952752,0.441812158275154,0.214017892035192,0.251442593746589,0.360988181117248,0.83696490245989,0.516408073596045,0.421526068786813,0.741942070927379,0.421526068786813,0.741942070927379,0.421526068786813,0.83696490245989,0.421526068786813,0.775740484514341,0.441453050130793,0.488946862556638,0.441453050130793,0.83696490245989,0.612663138957248,0.83696490245989,0.382411446396068,0.512179751229593,0.757996317381186,0.389540799262068,0.735992141868841,0.831067783422582,0.951333755695931,0.84409425532589,0.823938430556582,0.831067783422582,0.56377514197094,0.431295922714294,0.591591940486626,0.588881026063505,0.80010350764161,0.397990402658808,0.426546541471709,0.722103106285448,0.749335473899527,0.224896756408496,0.421226811999845,0.370265141513253,0.227815390248453,0.209036146699197,0.293218841207307,0.382693099842626,0.83696490245989,0.83696490245989,0.83696490245989,0.84409425532589,0.636145995064023,0.563690645936973,0.421526068786813,0.758137144104465,0.503452015054376,0.83696490245989,0.776972718343032,0.704094889046145,0.742118104331478,0.781690413572879,0.741906864246559,0.736942722250974,0.781690413572879,0.83696490245989,0.666775807377207,0.776585444854015,0.728123448705626,0.503452015054376,0.571073486904875,0.794488042050859,0.217538560117167,0.414607956005731,0.250104739875438,0.526445498297756,0.573562599238831,0.614036199509218,0.50950052281921,0.294253917623408,0.640229970039114,0.564760929033893
HEB_10_020,0.270876681559092,0.411140097944986,0.511324228885673,0.444857536166062,0.83696490245989,0.36589247175544,0.742674369888429,0.681893556121209,0.311188331097709,0.589972433168918,0.459781648165555,0.735569661699004,0.643521794695761,0.755162179575196,0.83696490245989,0.83696490245989,0.83696490245989,0.83696490245989,0.633167509866672,0.449638603421385,0.369737041300957,0.83696490245989,0.83696490245989,0.83696490245989,0.83696490245989,0.83696490245989,0.83696490245989,0.83696490245989,0.628446293968743,0.316997433432968,0.83696490245989,0.516548900319324,0.516548900319324,0.630872034277224,0.376750212120252,0.290205149329136,0.39487461140626,0.421526068786813,0.26976767111327,0.474177659952752,0.441812158275154,0.214017892035192,0.251442593746589,0.360988181117248,0.83696490245989,0.516408073596045,0.421526068786813,0.741942070927379,0.421526068786813,0.741942070927379,0.421526068786813,0.83696490245989,0.421526068786813,0.775740484514341,0.441453050130793,0.488946862556638,0.441453050130793,0.83696490245989,0.612663138957248,0.83696490245989,0.382411446396068,0.512179751229593,0.757996317381186,0.389540799262068,0.735992141868841,0.831067783422582,0.84409425532589,0.951333755695931,0.823938430556582,0.831067783422582,0.56377514197094,0.431295922714294,0.591591940486626,0.588881026063505,0.80010350764161,0.397990402658808,0.426546541471709,0.722103106285448,0.749335473899527,0.224896756408496,0.421226811999845,0.370265141513253,0.227815390248453,0.209036146699197,0.293218841207307,0.382693099842626,0.83696490245989,0.83696490245989,0.83696490245989,0.84409425532589,0.636145995064023,0.563690645936973,0.421526068786813,0.758137144104465,0.503452015054376,0.83696490245989,0.776972718343032,0.704094889046145,0.742118104331478,0.781690413572879,0.741906864246559,0.736942722250974,0.781690413572879,0.83696490245989,0.666775807377207,0.776585444854015,0.728123448705626,0.503452015054376,0.571073486904875,0.794488042050859,0.217538560117167,0.414607956005731,0.250104739875438,0.526445498297756,0.573562599238831,0.614036199509218,0.50950052281921,0.294253917623408,0.640229970039114,0.564760929033893
HEB_10_022,0.26128286103571,0.401546277421603,0.50173040836229,0.43526371564268,0.827371081936508,0.335174642740206,0.711956540873196,0.672299735597827,0.333280523312104,0.580378612645535,0.471311836134024,0.725975841175621,0.612803965680527,0.735006354805888,0.827371081936508,0.827371081936508,0.827371081936508,0.827371081936508,0.623573689343289,0.418920774406151,0.339019212285723,0.827371081936508,0.827371081936508,0.827371081936508,0.827371081936508,0.827371081936508,0.827371081936508,0.827371081936508,0.639976481937212,0.349651629893288,0.827371081936508,0.506955079795942,0.506955079795942,0.621278213753842,0.409404408580572,0.322859345789457,0.385280790882878,0.41193224826343,0.281297859081739,0.496269852167147,0.432218337751771,0.246672088495513,0.284096790206909,0.393642377577569,0.827371081936508,0.506814253072663,0.41193224826343,0.732348250403996,0.41193224826343,0.732348250403996,0.41193224826343,0.827371081936508,0.41193224826343,0.808394680974661,0.474107246591113,0.479353042033256,0.474107246591113,0.827371081936508,0.624193326925717,0.827371081936508,0.372817625872685,0.492023926460285,0.737840492611878,0.369384974492759,0.726398321345458,0.853159975636976,0.823938430556582,0.823938430556582,0.960744135742744,0.853159975636976,0.59642933843126,0.421702102190911,0.603122128455095,0.600411214031974,0.790509687118227,0.388396582135426,0.45920073793203,0.733633294253917,0.781989670359847,0.257550952868816,0.411632991476462,0.402919337973573,0.249907582462848,0.178318317683964,0.262501012192073,0.351975270827392,0.827371081936508,0.827371081936508,0.827371081936508,0.823938430556582,0.62655217454064,0.55409682541359,0.41193224826343,0.780229336318859,0.536106211514697,0.827371081936508,0.756816893573724,0.736749085506465,0.774772300791798,0.772096593049497,0.732313043723176,0.748472910219443,0.772096593049497,0.827371081936508,0.657181986853825,0.766991624330633,0.697405619690392,0.514982203022845,0.540355657889641,0.774332217281551,0.250192756577488,0.447262152466052,0.261634927843907,0.559099694758077,0.606216795699152,0.604442378985836,0.54215471927953,0.326908114083728,0.630636149515732,0.597415125494213
HEB_10_025,0.257850209655784,0.398113626041677,0.498297756982365,0.431831064262754,0.823938430556582,0.352865999852132,0.729647897985121,0.668867084217901,0.340409876178103,0.576945961265609,0.48900319324595,0.722543189795695,0.630495322792453,0.742135707671888,0.823938430556582,0.823938430556582,0.823938430556582,0.823938430556582,0.620141037963364,0.436612131518076,0.356710569397649,0.823938430556582,0.823938430556582,0.823938430556582,0.823938430556582,0.823938430556582,0.823938430556582,0.823938430556582,0.636543830557286,0.346218978513362,0.823938430556582,0.503522428416016,0.503522428416016,0.617845562373916,0.405971757200646,0.319426694409531,0.381848139502952,0.408499596883504,0.277865207701813,0.503399205033147,0.428785686371846,0.243239437115587,0.280664138826983,0.390209726197643,0.823938430556582,0.503381601692737,0.408499596883504,0.72891559902407,0.408499596883504,0.72891559902407,0.408499596883504,0.823938430556582,0.408499596883504,0.804962029594736,0.470674595211187,0.47592039065333,0.470674595211187,0.823938430556582,0.620760675545791,0.823938430556582,0.369384974492759,0.499153279326285,0.744969845477877,0.376514327358759,0.722965669965532,0.860289328502976,0.831067783422582,0.831067783422582,0.853159975636976,0.963527487587577,0.592996687051334,0.418269450810985,0.599689477075169,0.596978562652048,0.787077035738301,0.3849639307555,0.455768086552104,0.730200642873991,0.778557018979921,0.25411830148889,0.408200340096536,0.399486686593648,0.257036935328848,0.196009674795889,0.280192369303999,0.369666627939317,0.823938430556582,0.823938430556582,0.823938430556582,0.831067783422582,0.623119523160715,0.550664174033664,0.408499596883504,0.787358689184859,0.532673560134771,0.823938430556582,0.763946246439724,0.733316434126539,0.771339649411872,0.768663941669571,0.728880392343251,0.745040258839517,0.768663941669571,0.823938430556582,0.653749335473899,0.763558972950707,0.715096976802318,0.532673560134771,0.558047015001566,0.781461570147551,0.246760105197562,0.443829501086126,0.258202276463981,0.555667043378151,0.602784144319226,0.60100972760591,0.538722067899604,0.323475462703802,0.627203498135806,0.593982474114288
HEB_10_040,0.512320577952872,0.468805120459658,0.590113259892197,0.322968486499998,0.567207793350866,0.341173861151892,0.515165277763108,0.560004506455145,0.711062291180374,0.520893404732482,0.658977527575632,0.465812552589979,0.458260719554142,0.474843066220246,0.567207793350866,0.567207793350866,0.567207793350866,0.567207793350866,0.574650485676162,0.391121579230875,0.522460102028961,0.567207793350866,0.567207793350866,0.567207793350866,0.567207793350866,0.567207793350866,0.567207793350866,0.567207793350866,0.660762506293194,0.60068934681045,0.567207793350866,0.310163816685854,0.310163816685854,0.515320187158715,0.751275362012695,0.954129215559944,0.568721680626115,0.468629087055559,0.701327643933712,0.489594665483722,0.220640268697388,0.751197907314892,0.714688579304809,0.608769280058584,0.567207793350866,0.563511091864792,0.468629087055559,0.725673063720571,0.468629087055559,0.725673063720571,0.468629087055559,0.567207793350866,0.468629087055559,0.674975443340128,0.65754813633435,0.536049880825385,0.65754813633435,0.567207793350866,0.716800980153994,0.567207793350866,0.260522396730003,0.307907068445308,0.477677204026236,0.257089745350077,0.466235032759816,0.592996687051334,0.56377514197094,0.56377514197094,0.59642933843126,0.592996687051334,1.16095461015844,0.478398940983041,0.469702890820562,0.872572939440988,0.657090449483694,0.508465446403109,0.655316032770378,0.790330133046046,0.785876487922348,0.888820822639304,0.531701855744146,0.628608244700514,0.623464548632748,0.361759207427201,0.405806285800793,0.398110105373595,0.567207793350866,0.567207793350866,0.567207793350866,0.56377514197094,0.68324901333277,0.610793664205719,0.468629087055559,0.773554149635434,1.10400405580963,0.567207793350866,0.612835651693265,0.603329847871932,0.72584909712467,0.511933304463855,0.472149755137534,0.699549706552315,0.511933304463855,0.567207793350866,0.633607593376919,0.506828335744991,0.43724233110475,0.702647894464453,0.702672539141027,0.514168928695909,0.881462626347975,0.863067135619655,0.787284755155138,0.860835032055682,0.962874555075571,0.407651115875748,0.858676862521432,0.958177983854216,0.81830184095734,0.91182486788693
HEB_10_043,0.903716769294141,1.04398018568003,0.529455669507846,0.887581547474448,0.43472857409422,0.453733140400722,0.319314033030908,0.655664578910494,0.468738227766101,0.546844249164721,0.0364213113080336,0.333333333333333,0.220161457838239,0.342363846963599,0.43472857409422,0.43472857409422,0.43472857409422,0.43472857409422,0.35767523245211,0.670560525565331,0.706841010150086,0.43472857409422,0.43472857409422,0.43472857409422,0.43472857409422,0.43472857409422,0.43472857409422,0.43472857409422,0.521946084488992,0.759721444741354,0.43472857409422,0.95927291162771,0.95927291162771,0.741949112263543,0.656819358041382,0.690681143653819,1.09108672461686,1.05436615652186,0.965979784323873,0.547231522653739,0.800040135616134,0.804609962786538,0.884282681481638,0.993828268852297,0.43472857409422,0.853512042445174,1.05436615652186,0.529821818988371,1.05436615652186,0.529821818988371,1.05436615652186,0.43472857409422,1.05436615652186,0.415752173132373,0.863053052947327,0.910546865373173,0.863053052947327,0.43472857409422,0.685717001658234,0.43472857409422,0.909631491671859,0.950678960839609,0.345197984769589,0.906198840291933,0.33375581350317,0.418269450810985,0.431295922714294,0.431295922714294,0.421702102190911,0.418269450810985,0.478398940983041,1.11700946074546,0.77026584564687,0.34507476138672,0.461239204751493,1.06251650313163,0.577759235592546,0.541668867084217,0.347099145533856,0.921108869619099,1.04350489548897,1.06647725472386,0.807845456753873,0.884124251417949,0.406408320042811,0.835979115396937,0.43472857409422,0.43472857409422,0.43472857409422,0.431295922714294,0.677513845027232,0.816298580818696,1.05436615652186,0.345338811492868,0.407513809820551,0.43472857409422,0.448670419698842,0.470850628615286,0.424377809933212,0.54844615314202,0.5086626038157,0.334706393885303,0.54844615314202,0.43472857409422,0.349035512978942,0.543341184423156,0.304763111848104,0.0800916781968545,0.443449268933273,0.381689709439263,0.575766537458148,0.772835933346711,0.608332717216418,0.181243992860085,0.285395916729158,0.718776074947982,0.434686326077236,0.652481894964388,0.237993641673444,0.225896626143777
HEB_10_045,0.578160591753891,0.718424008139784,0.535546425289663,0.752141446360861,0.595024591866552,0.609804356474684,0.47961005080324,0.73146456271542,0.650158254030285,0.633206237215574,0.217841337572217,0.493629351105665,0.380457475610571,0.502659864735932,0.595024591866552,0.595024591866552,0.595024591866552,0.595024591866552,0.444037220502962,0.693550488140629,0.677020951495755,0.595024591866552,0.595024591866552,0.595024591866552,0.595024591866552,0.595024591866552,0.595024591866552,0.595024591866552,0.397067987621331,0.645405352119618,0.595024591866552,0.823832810514123,0.823832810514123,0.663543834077954,0.451670028904685,0.681985093491341,0.765530547076613,0.728809978981611,0.650985611029549,0.454039438523854,0.664600034502547,0.542425810721842,0.579850512433239,0.689396099803898,0.595024591866552,0.823691983790844,0.728809978981611,0.500001760334041,0.728809978981611,0.500001760334041,0.728809978981611,0.595024591866552,0.728809978981611,0.554924182412854,0.769860968817442,0.796230772751437,0.769860968817442,0.595024591866552,0.715044166781088,0.595024591866552,0.689695356590866,0.808901657178466,0.505494002541922,0.68626270521094,0.494051831275502,0.599689477075169,0.591591940486626,0.591591940486626,0.603122128455095,0.599689477075169,0.469702890820562,0.77026584564687,1.02439011459457,0.357502719716093,0.621535222523826,0.736960325591384,0.45921834127244,0.522410812675813,0.52851917179804,0.6166767005707,0.76019673493242,0.762045085675457,0.524537296197326,0.558568073877699,0.336452645253963,0.689977010037424,0.595024591866552,0.595024591866552,0.595024591866552,0.591591940486626,0.647693786372902,0.638610462721406,0.728809978981611,0.526758837757052,0.398817759658072,0.595024591866552,0.608966437471174,0.483278586944658,0.521301802229991,0.539750102979541,0.499966553653221,0.505564415903561,0.539750102979541,0.595024591866552,0.424835496783869,0.534645134260677,0.465059129620436,0.261511704461038,0.413629210278942,0.541985727211595,0.567070487295669,0.764139883184233,0.589074662808014,0.362664019124269,0.384432309875122,0.879072092720314,0.54217232261994,0.643785844801909,0.398289659445776,0.40731665240796
HEB_10_046,0.765565753757433,0.398852966338892,0.906730461172312,0.45369441305182,0.592313677443431,0.653566260733636,0.603643187331228,0.521738365072156,0.774191390558272,0.419255237873939,0.912222703380193,0.533166453666247,0.67348268007337,0.499948950312811,0.592313677443431,0.592313677443431,0.592313677443431,0.592313677443431,0.504698331555396,0.321169425110108,0.294077884219309,0.592313677443431,0.592313677443431,0.592313677443431,0.592313677443431,0.592313677443431,0.592313677443431,0.592313677443431,0.780926428599091,0.748314480155754,0.592313677443431,0.271897675302865,0.271897675302865,0.477054045775726,0.898900495357999,0.911638272478585,0.340339462816464,0.366990920197016,0.658836700852353,0.40908050711703,0.315455380813063,0.877699032168344,0.725007657453078,0.464883096216338,0.592313677443431,0.461872925006249,0.366990920197016,0.687406922337582,0.366990920197016,0.687406922337582,0.366990920197016,0.592313677443431,0.366990920197016,0.615585293465288,0.471413935508402,0.434411713966842,0.471413935508402,0.592313677443431,0.509542770836193,0.592313677443431,0.222256255347014,0.263303724514764,0.502783088118801,0.218823603967089,0.491340916852382,0.596978562652048,0.588881026063505,0.588881026063505,0.600411214031974,0.596978562652048,0.872572939440988,0.34507476138672,0.357502719716093,1.18730897591208,0.597700299608853,0.385703271052715,0.904336406876568,0.678129961941578,0.715924333801582,0.719585828606836,0.366691663410048,0.357978009907159,0.352834313839394,0.217873023584955,0.659051461605354,0.233099913039498,0.592313677443431,0.592313677443431,0.592313677443431,0.588881026063505,0.581610846474227,0.509155497347176,0.366990920197016,0.671915982776891,1.04038910423642,0.592313677443431,0.648503540031756,0.6706837489482,0.624210930266127,0.53703918855642,0.666247707164911,0.830275633104137,0.53703918855642,0.592313677443431,1.01359682013259,0.553058228329407,0.462348215197315,0.955893070269014,0.579910363790632,0.539274812788474,0.881219700250319,0.518502871104821,0.83985185028711,1.00001056200425,1.12528649436517,0.369384974492759,0.947154772089552,0.95793505775656,1.09267102525375,1.03832599274038
HEB_10_048,0.27969595510444,0.388273358752556,0.520143502431021,0.432552801219559,0.803536159021535,0.353587736808937,0.688121617958223,0.648464812682854,0.43618965134824,0.619915715206117,0.447476913219052,0.7232649267525,0.620655055503332,0.711171431890915,0.803536159021535,0.803536159021535,0.803536159021535,0.803536159021535,0.726482817379425,0.395085851491179,0.441928340321859,0.803536159021535,0.803536159021535,0.803536159021535,0.803536159021535,0.803536159021535,0.803536159021535,0.803536159021535,0.595017550530388,0.304692698486464,0.803536159021535,0.483120156880969,0.483120156880969,0.597443290838869,0.364445477173748,0.404644465333741,0.488189918919014,0.388097325348458,0.384206987117875,0.440748916514398,0.408383414836799,0.22283716558054,0.239137858800085,0.327559437678894,0.803536159021535,0.48297933015769,0.388097325348458,0.708513327489024,0.388097325348458,0.708513327489024,0.388097325348458,0.803536159021535,0.388097325348458,0.742311741075986,0.408024306692438,0.455518119118284,0.408024306692438,0.803536159021535,0.705978446470002,0.803536159021535,0.348982702957713,0.468189003545312,0.714005569696905,0.345550051577787,0.702563398430486,0.787077035738301,0.80010350764161,0.80010350764161,0.790509687118227,0.787077035738301,0.657090449483694,0.461239204751493,0.621535222523826,0.597700299608853,1.00437648942459,0.449057693187859,0.435365815017057,0.752046388322647,0.715906730461172,0.318212063921249,0.451170094037044,0.463580449026007,0.321130697761207,0.323475462703802,0.344286131736358,0.454884398863528,0.803536159021535,0.803536159021535,0.803536159021535,0.80010350764161,0.602717251625668,0.530261902498618,0.388097325348458,0.714146396420184,0.533395297091576,0.803536159021535,0.732981970658752,0.712914162591493,0.708689360893123,0.748261670134524,0.750726137791907,0.724637987304471,0.748261670134524,0.803536159021535,0.675595080922556,0.753718705661586,0.67357069677542,0.491147280107873,0.664388794417628,0.750497294366579,0.353101884613624,0.507923263518485,0.385668064371895,0.649334417699102,0.645753898259733,0.580607456070864,0.486633783626781,0.429817242119864,0.649049243584462,0.700324253530349
HEB_10_049,0.976031291697912,1.0740466911001,0.57008417917384,0.875400035910814,0.401423054038734,0.466900439027309,0.286008512975422,0.622359058855008,0.477680724694318,0.545224741847013,0.0453638082362508,0.34227583026155,0.229103954766456,0.309058326908114,0.401423054038734,0.401423054038734,0.401423054038734,0.401423054038734,0.398303742118104,0.668941018247622,0.736907515570154,0.401423054038734,0.401423054038734,0.401423054038734,0.401423054038734,0.401423054038734,0.401423054038734,0.401423054038734,0.488640564433507,0.726415924685868,0.401423054038734,0.925967391572224,0.925967391572224,0.740329604945834,0.655199850723673,0.720747649073888,1.12115323003693,1.08443266194193,0.996046289743941,0.535050011090104,0.766734615560648,0.876924485190309,0.935473195393558,1.02389477427237,0.401423054038734,0.883578547865242,1.08443266194193,0.559888324408439,1.08443266194193,0.559888324408439,1.08443266194193,0.401423054038734,1.08443266194193,0.382446653076888,0.893119558367395,0.940613370793241,0.893119558367395,0.401423054038734,0.684097494340526,0.401423054038734,0.876325971616374,0.923710643331678,0.311892464714104,0.872893320236448,0.300450293447684,0.3849639307555,0.397990402658808,0.397990402658808,0.388396582135426,0.3849639307555,0.508465446403109,1.06251650313163,0.736960325591384,0.385703271052715,0.449057693187859,1.17023775126377,0.590926534219133,0.571735372504286,0.31379362547837,0.951175375039167,1.07357140090904,1.09654376014392,0.859035970665793,0.95643877382172,0.447036829708805,0.834359608079229,0.401423054038734,0.401423054038734,0.401423054038734,0.397990402658808,0.7075803504473,0.846365086238764,1.08443266194193,0.312033291437383,0.43758031524062,0.401423054038734,0.415364899643356,0.479793125543503,0.391072289877727,0.515140633086534,0.517605100743917,0.322524882321669,0.515140633086534,0.401423054038734,0.357978009907159,0.531159672859521,0.271457591792618,0.0890341751250716,0.494639782845192,0.348384189383777,0.648081059861919,0.80290243876678,0.68064723962019,0.190186489788302,0.326024426395152,0.685470554892496,0.433066818759527,0.724796417368159,0.246936138601661,0.234839123071994
HEB_10_050,0.970789016923851,0.60407622950531,0.839454014793847,0.840584149248161,0.429979192851635,0.699936980041332,0.441308702739431,0.376303087273841,0.949841041836098,0.29283156771829,0.876632269739506,0.370831969074451,0.511148195481574,0.337614465721015,0.429979192851635,0.429979192851635,0.429979192851635,0.429979192851635,0.27265461894049,0.236993771938163,0.161317011516105,0.429979192851635,0.429979192851635,0.429979192851635,0.429979192851635,0.429979192851635,0.429979192851635,0.429979192851635,0.973475286670398,1.2619482673032,0.429979192851635,0.658787411499206,0.658787411499206,0.502723236761408,1.2203058052296,0.947869467710192,0.545562725982882,0.572214183363435,0.927431989494326,0.859342268788925,0.702345117009403,1.16741832930217,1.0569749715706,0.744040389104236,0.429979192851635,0.371360069286747,0.572214183363435,0.343405964715864,0.572214183363435,0.343405964715864,0.572214183363435,0.429979192851635,0.572214183363435,0.5799948598246,0.549893147723712,0.428394892214746,0.549893147723712,0.429979192851635,0.45916553125121,0.429979192851635,0.524649957575949,0.646391139182571,0.340448603527005,0.521217306196023,0.329006432260586,0.455768086552104,0.426546541471709,0.426546541471709,0.45920073793203,0.455768086552104,0.655316032770378,0.577759235592546,0.45921834127244,0.904336406876568,0.435365815017057,0.590926534219133,1.3815127119655,0.344691008565785,0.680333900160894,1.05155314272436,0.529666909592764,0.605449290057281,0.663677619465069,0.423096286751373,0.693170255987776,0.402412361769769,0.429979192851635,0.429979192851635,0.429979192851635,0.426546541471709,0.237609888852508,0.439766650119526,0.572214183363435,0.636325549136204,0.823132197565809,0.429979192851635,0.48616905543996,0.761837366258621,0.673116530592845,0.543696771899435,0.672905290507926,0.731313173987896,0.543696771899435,0.429979192851635,0.935758369508198,0.559715811672423,0.300013730605519,0.920302636628327,0.235909406168914,0.376940328196678,0.875202878498224,0.501924045106799,0.781025007305386,0.964420128363558,1.00731242760626,0.418290574819477,0.943250351186641,0.951918236004464,1.03595658312121,1.00273555909969
HEB_10_051,0.412935638666793,0.553199055052686,0.522414333343895,0.333428391371546,0.725535757665374,0.241788921865813,0.610121216602062,0.654960445294099,0.273693216024673,0.615849343571436,0.348352503371039,0.624140516904487,0.510968641409393,0.633171030534754,0.725535757665374,0.725535757665374,0.725535757665374,0.725535757665374,0.680168428761041,0.486077518069829,0.55404401539236,0.725535757665374,0.725535757665374,0.725535757665374,0.725535757665374,0.725535757665374,0.725535757665374,0.725535757665374,0.527579153420153,0.226692297130303,0.725535757665374,0.405119755524808,0.405119755524808,0.641962138735446,0.408964325070325,0.516760140404243,0.600305593989515,0.563585025894513,0.485760657942451,0.373310519404162,0.330383013480638,0.377200857634744,0.414625559346141,0.524171146716801,0.725535757665374,0.658467030703746,0.563585025894513,0.884001028035079,0.563585025894513,0.884001028035079,0.563585025894513,0.725535757665374,0.563585025894513,0.685435348211676,0.604636015730345,0.631005819664339,0.604636015730345,0.725535757665374,0.706136876533691,0.725535757665374,0.355478335568957,0.402863007284262,0.636005168340744,0.352045684189031,0.624562997074324,0.730200642873991,0.722103106285448,0.722103106285448,0.733633294253917,0.730200642873991,0.790330133046046,0.541668867084217,0.522410812675813,0.678129961941578,0.752046388322647,0.571735372504286,0.344691008565785,0.998253115365958,0.659030337596862,0.451451747483602,0.594971781845323,0.59682013258836,0.443808377077634,0.393343120790601,0.306421346514714,0.461380031474772,0.725535757665374,0.725535757665374,0.725535757665374,0.722103106285448,0.778204952171724,0.705749603044673,0.563585025894513,0.657270003555874,0.698320993391706,0.725535757665374,0.654981569302591,0.61378975274348,0.651812968028813,0.670261268778363,0.630477719452043,0.636075581702383,0.670261268778363,0.725535757665374,0.555346662582691,0.665156300059499,0.595570295419258,0.39202287025986,0.755380460996278,0.672496893010417,0.444093551192274,0.641162947080838,0.466097726704619,0.49317518492309,0.629013121529941,0.502607054714702,0.524815428975802,0.520808908698514,0.528800825244598,0.537827818206782
HEB_10_054,0.250051929854209,0.337505325010474,0.49049947718079,0.392346771723402,0.752768125279453,0.323943711558705,0.700725609691695,0.597696778940771,0.554413685540968,0.50577565598848,0.692444998362889,0.651372884518566,0.580449026007175,0.660403398148832,0.752768125279453,0.752768125279453,0.752768125279453,0.752768125279453,0.548970732686234,0.344317817749096,0.264416255628668,0.752768125279453,0.752768125279453,0.752768125279453,0.752768125279453,0.752768125279453,0.752768125279453,0.752768125279453,0.704791981326376,0.570784792122153,0.752768125279453,0.432352123138887,0.432352123138887,0.546675257096786,0.630537570809437,0.543992508018321,0.310677834225822,0.337329291606375,0.312314944883941,0.654030988920457,0.389301393832493,0.467805250724377,0.452419931206145,0.466907480363473,0.752768125279453,0.432211296415608,0.337329291606375,0.657745293746941,0.337329291606375,0.657745293746941,0.337329291606375,0.752768125279453,0.337329291606375,0.860535775268715,0.526248340885166,0.404750085376201,0.526248340885166,0.752768125279453,0.612962395744216,0.752768125279453,0.29821466921563,0.41742096980323,0.663237535954823,0.294782017835704,0.651795364688403,0.778557018979921,0.749335473899527,0.749335473899527,0.781989670359847,0.778557018979921,0.785876487922348,0.347099145533856,0.52851917179804,0.715924333801582,0.715906730461172,0.31379362547837,0.680333900160894,0.659030337596862,1.03926116587982,0.478684115097681,0.337030034819407,0.370564398300221,0.407668719216158,0.103715361026908,0.251270081010572,0.277372314170337,0.752768125279453,0.752768125279453,0.752768125279453,0.749335473899527,0.551949217883585,0.479493868756535,0.337329291606375,0.93799047307217,0.757239373743561,0.752768125279453,0.682213936916669,0.788890179800519,0.911409429053257,0.697493636392441,0.657710087066121,0.821738013005348,0.697493636392441,0.752768125279453,0.667075064164175,0.692388667673577,0.622802663033337,0.73611536525171,0.465752701232585,0.699729260624496,0.471325918806352,0.58389928072751,0.38771005185944,0.780232856986941,0.818900354531276,0.529839422328781,0.754838278111654,0.548041276312593,0.851769311744596,0.818548287723078
HEB_10_055,1.14092178131722,0.922077053341642,0.73497466879315,0.850174449103462,0.228329407788422,0.63179092864662,0.239658917676218,0.449265412604695,1.0016793586751,0.403817108334477,0.50599041674148,0.126934167027535,0.203878367959104,0.135964680657802,0.228329407788422,0.228329407788422,0.228329407788422,0.228329407788422,0.235772100113717,0.49584737199731,0.627185894795396,0.228329407788422,0.228329407788422,0.228329407788422,0.228329407788422,0.228329407788422,0.228329407788422,0.228329407788422,0.771825501607185,1.2292905501748,0.228329407788422,0.752873745321912,0.752873745321912,0.567235958695522,1.15807447621261,1.28699430003838,1.01143160926217,0.911339015691617,1.26655682182251,0.63656847523386,0.690811408372852,1.33755109369554,1.31160376993138,1.08316522143242,0.228329407788422,0.71048490161493,0.911339015691617,0.386794678158127,0.911339015691617,0.386794678158127,0.911339015691617,0.228329407788422,0.911339015691617,0.378345074761386,0.889017980051894,0.767519724542929,0.889017980051894,0.228329407788422,0.658871907533173,0.228329407788422,0.703232325366061,0.750616997081366,0.138798818463792,0.699799673986135,0.127356647197372,0.25411830148889,0.224896756408496,0.224896756408496,0.257550952868816,0.25411830148889,0.888820822639304,0.921108869619099,0.6166767005707,0.719585828606836,0.318212063921249,0.951175375039167,1.05155314272436,0.451451747483602,0.478684115097681,1.45830141314749,0.932163767396501,1.07131817333657,1.0239264602851,0.804469136063259,0.643613332065892,0.72463798730447,0.228329407788422,0.228329407788422,0.228329407788422,0.224896756408496,0.534486704196988,0.673271439988452,0.911339015691617,0.43467576407299,0.97214095346733,0.228329407788422,0.3478912958523,0.433443530244299,0.471466745529631,0.342046986836222,0.302263437509902,0.445167354957276,0.342046986836222,0.228329407788422,0.565116516510173,0.336942018117358,0.098363945542306,0.549660783630301,0.363794153578583,0.175290543133465,1.1720796938427,0.96779292838609,1.07790182264987,0.707847921221531,0.809887444241419,0.512376908642184,0.927491840851719,1.24879505134894,0.665314730123188,0.758837757052778
HEB_10_057,0.914771667071543,1.05503508345744,0.551072571531173,0.835264419776296,0.424659463379771,0.447888831384643,0.309244922316458,0.645595468196044,0.458669117051651,0.568461151188049,0.0263522005935845,0.323264222618884,0.21009234712379,0.33229473624915,0.424659463379771,0.424659463379771,0.424659463379771,0.424659463379771,0.379292134475438,0.692177427588659,0.760143924911191,0.424659463379771,0.424659463379771,0.424659463379771,0.424659463379771,0.424659463379771,0.424659463379771,0.424659463379771,0.46962895679084,0.707404317043202,0.424659463379771,0.906955783929558,0.906955783929558,0.742442005795019,0.636188243081007,0.743984058414924,1.10214162239427,1.06542105429926,0.977034682101275,0.516038403447438,0.747723007917982,0.857912877547643,0.89533757925904,1.0048831666297,0.424659463379771,0.906814957206279,1.06542105429926,0.583124733749476,1.06542105429926,0.583124733749476,1.06542105429926,0.424659463379771,1.06542105429926,0.405683062417924,0.916355967708432,0.963849780134278,0.916355967708432,0.424659463379771,0.707333903681562,0.424659463379771,0.857314363973707,0.904699035689012,0.33512887405514,0.853881712593781,0.323686702788721,0.408200340096536,0.421226811999845,0.421226811999845,0.411632991476462,0.408200340096536,0.531701855744146,1.04350489548897,0.76019673493242,0.366691663410048,0.451170094037044,1.07357140090904,0.529666909592764,0.594971781845323,0.337030034819407,0.932163767396501,1.14160898943122,1.07753215250126,0.840024363023127,0.895179149195351,0.406901213574287,0.836472008928414,0.424659463379771,0.424659463379771,0.424659463379771,0.421226811999845,0.730816759788337,0.84847748708795,1.06542105429926,0.335269700778419,0.460816724581656,0.424659463379771,0.438601308984393,0.418533500917134,0.393184690726912,0.496129025443868,0.456345476117548,0.324637283170854,0.496129025443868,0.424659463379771,0.317842393772642,0.491024056725004,0.294694001133655,0.0700225674824054,0.496752183694377,0.371620598724814,0.629069452219253,0.826138848107816,0.661635631977524,0.171174882145636,0.307012818752486,0.708706964233533,0.456303228100564,0.705784809725493,0.227924530958995,0.215827515429328
HEB_10_059,0.906058013568655,1.04632142995455,0.500110901044582,0.826550766273408,0.373697792893179,0.396927160898052,0.258283251829867,0.594633797709453,0.55557550600802,0.549185493439235,0.0598865640743986,0.272302552132292,0.159130676637198,0.281333065762559,0.373697792893179,0.373697792893179,0.373697792893179,0.373697792893179,0.381140485218475,0.641215757102067,0.772554279900153,0.373697792893179,0.373697792893179,0.373697792893179,0.373697792893179,0.373697792893179,0.373697792893179,0.373697792893179,0.494713716874914,0.783186697507719,0.373697792893179,0.898242130426669,0.898242130426669,0.712604343800279,0.711970623545524,0.840890447371293,1.15679999436693,1.05670740079637,1.07394107105764,0.570696775420103,0.739009354415093,0.891447241028457,0.971119959723557,1.05954153860236,0.373697792893179,0.855853286719687,1.05670740079637,0.532163063262884,1.05670740079637,0.532163063262884,1.05670740079637,0.373697792893179,1.05670740079637,0.439217425898738,0.949890331189246,0.912888109647686,0.949890331189246,0.373697792893179,0.761992275654228,0.373697792893179,0.848600710470819,0.895985382186123,0.284167203568549,0.845168059090893,0.272725032302129,0.399486686593648,0.370265141513253,0.370265141513253,0.402919337973573,0.399486686593648,0.628608244700514,1.06647725472386,0.762045085675457,0.357978009907159,0.463580449026007,1.09654376014392,0.605449290057281,0.59682013258836,0.370564398300221,1.07131817333657,1.07753215250126,1.2318691135422,0.958054760471347,0.949837521168016,0.408749564317324,0.870006372409228,0.373697792893179,0.373697792893179,0.373697792893179,0.370265141513253,0.679855089301745,0.818639825093209,1.05670740079637,0.368804064259233,0.526037100800247,0.373697792893179,0.387639638497801,0.494315881381651,0.447843062699578,0.487415371940979,0.447631822614659,0.315923629667965,0.487415371940979,0.373697792893179,0.288004731777902,0.482310403222115,0.243732330647063,0.103556930963219,0.50916253868334,0.320658928238222,0.725975841175621,0.901921228572333,0.737418012442041,0.261744068554448,0.363783591574337,0.657745293746941,0.481387988184638,0.802691198681861,0.219210877456106,0.312733904385696
HEB_10_070,0.719247844470966,0.787689631984565,0.376672757422448,0.607632104268105,0.220686037382453,0.677380059640117,0.41114713928115,0.357126008231322,0.839830726278618,0.628537831338875,0.937726422966022,0.647391008917852,0.534219133422758,0.567700686882342,0.220686037382453,0.220686037382453,0.220686037382453,0.220686037382453,0.69708171822685,0.847312145952815,1.50675088104719,0.220686037382453,0.220686037382453,0.220686037382453,0.220686037382453,0.220686037382453,0.220686037382453,0.220686037382453,0.426197995331594,0.73579498445625,0.220686037382453,0.639610332456686,0.639610332456686,0.506782567059925,0.706826927477758,0.814622742811675,0.898168196396948,0.798075602826392,0.899805307055066,1.01971926192714,0.818361692314733,0.928551561944394,0.913166242426162,0.906529783091639,0.220686037382453,0.618345497241556,0.798075602826392,0.379151307752159,0.798075602826392,0.379151307752159,0.798075602826392,0.220686037382453,0.798075602826392,0.370701704355418,0.79687857567852,0.675380320169555,0.79687857567852,0.220686037382453,0.608980520143502,0.220686037382453,0.906829039878607,0.656365191858807,0.405767558451891,0.913958392744607,0.436573404169175,0.257036935328848,0.227815390248453,0.227815390248453,0.249907582462848,0.257036935328848,0.623464548632748,0.807845456753873,0.524537296197326,0.352834313839394,0.321130697761207,0.859035970665793,0.663677619465069,0.443808377077634,0.407668719216158,1.0239264602851,0.840024363023127,0.958054760471347,1.77697664370181,1.55729007136394,1.30137622915324,1.50069533194619,0.220686037382453,0.220686037382453,0.220686037382453,0.227815390248453,0.442347299823614,0.570570031369152,0.798075602826392,0.543214440372205,0.605389438699887,0.220686037382453,0.160693853265595,0.425800159838331,0.453261370877737,0.313279607938402,0.294620067103933,0.279093920862422,0.313279607938402,0.220686037382453,0.187802997496805,0.318736643465464,0.893432897826691,0.94337357456951,1.04014617813876,0.347201244908233,1.3968004168471,1.08689360893123,1.30262254565426,1.01706467819333,0.443135929473977,0.483609529744364,0.497368300608723,0.797547502614096,0.298563215355745,0.717395973059847
HEB_10_072,0.934945095181261,0.885092435140492,0.528997982657189,0.758267408823498,0.191344789587272,1.3299218059619,0.692751296486021,0.412280794403545,0.994268352362544,0.958304727905168,1.12173766093854,0.681421786598224,1.05410210641571,0.690452300228491,0.191344789587272,0.191344789587272,0.191344789587272,0.191344789587272,1.17260427338692,1.38831912743762,1.56190566721941,0.191344789587272,0.191344789587272,0.191344789587272,0.191344789587272,0.191344789587272,0.191344789587272,0.191344789587272,0.278562299982044,0.558585677218108,0.191344789587272,0.715889127120762,0.715889127120762,0.530251340494372,0.487369603255913,0.616289427081682,0.974446991061023,0.874354397490467,0.891588067751736,1.14880807782085,1.10588057189732,0.793590271689956,0.788766956417649,0.813816509820903,0.191344789587272,0.67350028341378,0.874354397490467,0.349810059956977,0.874354397490467,0.349810059956977,0.874354397490467,0.191344789587272,0.874354397490467,0.172368388625425,0.683041293915933,0.730535106341779,0.683041293915933,0.191344789587272,0.537391255364618,0.191344789587272,1.34221597890416,0.77700440435577,0.693286438034481,1.35990733601608,0.766340300735468,0.196009674795889,0.209036146699197,0.209036146699197,0.178318317683964,0.196009674795889,0.361759207427201,0.884124251417949,0.558568073877699,0.217873023584955,0.323475462703802,0.95643877382172,0.423096286751373,0.393343120790601,0.103715361026908,0.804469136063259,0.895179149195351,0.949837521168016,1.55729007136394,1.89565876636545,1.69451515119509,1.39742005442953,0.191344789587272,0.191344789587272,0.191344789587272,0.209036146699197,0.497502085995838,0.636286821787302,0.874354397490467,0.1758890567074,0.311998084756563,0.191344789587272,0.226410643683745,0.311962878075743,0.180994025426264,0.305062368635072,0.349774853276157,0.133570626362058,0.305062368635072,0.191344789587272,0.1901477624394,0.321081408408059,0.853529645785584,0.829536292806923,1.15909546995638,0.497414069293789,0.923854990723039,0.761816242250129,0.95642117048131,0.459623218101867,0.18988019166517,0.528202311670662,0.244112562799916,0.620338195375954,0.0791058911339014,0.30782257241134
HEB_10_074,0.921957350626855,0.428500512257206,0.846812211085175,0.631210018413094,0.275527484095382,1.62111978369015,0.90367804194524,0.295785408239067,1.22631910631361,0.831247337494763,1.85865221784486,0.881786527811517,1.34952488584234,0.90137904568771,0.275527484095382,0.275527484095382,0.275527484095382,0.275527484095382,1.15327932628496,1.1640912979647,1.4644218886976,0.275527484095382,0.275527484095382,0.275527484095382,0.275527484095382,0.275527484095382,0.275527484095382,0.275527484095382,0.531737062424965,0.685016388709921,0.275527484095382,0.377591651791844,0.377591651791844,0.336864563419554,0.674214979034421,0.687797716494681,0.433359034210331,0.39663846611533,0.688484246770667,0.990064674672666,0.928125561106475,0.8017265356274,0.670159169403986,0.39947260392132,0.275527484095382,0.343652411481602,0.39663846611533,0.294574298418868,0.39663846611533,0.294574298418868,0.39663846611533,0.275527484095382,0.39663846611533,0.235427074641684,0.310945405000052,0.358439217425898,0.310945405000052,0.275527484095382,0.328795192175667,0.275527484095382,0.948996081496425,0.432369726479296,0.777469132542591,0.96668743860835,0.850522995243577,0.280192369303999,0.293218841207307,0.293218841207307,0.262501012192073,0.280192369303999,0.405806285800793,0.406408320042811,0.336452645253963,0.659051461605354,0.344286131736358,0.447036829708805,0.693170255987776,0.306421346514714,0.251270081010572,0.643613332065892,0.406901213574287,0.408749564317324,1.30137622915324,1.69451515119509,1.9839360836384,1.25768825892401,0.275527484095382,0.275527484095382,0.275527484095382,0.293218841207307,0.31552227350662,0.348686966838827,0.39663846611533,0.26007175121551,0.605308463334002,0.275527484095382,0.395089372159261,0.35389755560015,0.222928702950672,0.304749029175776,0.433957547784267,0.428993405788682,0.304749029175776,0.275527484095382,0.696810626784538,0.320768068948763,1.21232445068776,1.65305928452983,1.33622380182863,0.581596763801899,1.29109939902196,0.389720353334248,1.32366557878023,1.22611138689678,0.647535356309213,0.411706925506184,0.571221354964317,0.712970493280804,0.628016772462742,0.917993078366551
HEB_10_077,0.643873861503959,0.784137277889852,0.406918816914697,0.680548660913895,0.3650017427307,0.671292824526382,0.448152881490791,0.52256572207142,0.612786362340117,0.669345895077049,0.672236363572351,0.728334688790545,0.479969158947602,0.690892383738738,0.3650017427307,0.3650017427307,0.3650017427307,0.3650017427307,0.526649697046511,0.919806222428767,1.54544654393618,0.3650017427307,0.3650017427307,0.3650017427307,0.3650017427307,0.3650017427307,0.3650017427307,0.3650017427307,0.346599210666216,0.542126553934874,0.3650017427307,0.741678020821231,0.741678020821231,0.577164242686692,0.439224467234902,0.599830303798448,0.894615842302235,0.794523248731679,0.769508902009245,0.648609160074215,0.827483743315131,0.565891063488207,0.624439773691455,0.733985361062115,0.3650017427307,0.699289177114249,0.794523248731679,0.417846970641149,0.794523248731679,0.417846970641149,0.794523248731679,0.3650017427307,0.794523248731679,0.346025341768854,0.708830187616402,0.756324000042248,0.708830187616402,0.3650017427307,0.637114178786566,0.3650017427307,0.873703073895302,0.754208078524981,0.499385643419695,0.891394431007227,0.466819463661424,0.369666627939317,0.382693099842626,0.382693099842626,0.351975270827392,0.369666627939317,0.398110105373595,0.835979115396937,0.689977010037424,0.233099913039498,0.454884398863528,0.834359608079229,0.402412361769769,0.461380031474772,0.277372314170337,0.72463798730447,0.836472008928414,0.870006372409228,1.50069533194619,1.39742005442953,1.25768825892401,1.61130624027484,0.3650017427307,0.3650017427307,0.3650017427307,0.382693099842626,0.523290979696307,0.609265694258142,0.794523248731679,0.402356031080457,0.39059699968666,0.3650017427307,0.357819579843471,0.31662776328436,0.31240296158599,0.394223287811095,0.354439738484774,0.264979562521784,0.394223287811095,0.3650017427307,0.23706066463172,0.38911831909223,1.03774860317494,0.728581135556283,1.07081471780085,0.472505342613814,1.24538000330943,0.893225178409854,1.2779461830677,0.929016290131215,0.226231089611564,0.712421269060016,0.322711477730014,0.561631055109017,0.168266810309924,0.574425162918915
HEB_10_086,0.274309332939018,0.414572749324911,0.514756880265599,0.448290187545988,0.840397553839816,0.348201114643514,0.724983012776504,0.685326207501135,0.304058978231709,0.593405084548844,0.44209029105363,0.739002313078929,0.625830437583836,0.748032826709196,0.840397553839816,0.840397553839816,0.840397553839816,0.840397553839816,0.636600161246598,0.431947246309459,0.352045684189031,0.840397553839816,0.840397553839816,0.840397553839816,0.840397553839816,0.840397553839816,0.840397553839816,0.840397553839816,0.631878945348669,0.320430084812894,0.840397553839816,0.51998155169925,0.51998155169925,0.63430468565715,0.380182863500177,0.293637800709062,0.398307262786186,0.424958720166739,0.273200322493196,0.467048307086753,0.44524480965508,0.217450543415118,0.254875245126515,0.364420832497174,0.840397553839816,0.519840724975971,0.424958720166739,0.745374722307305,0.424958720166739,0.745374722307305,0.424958720166739,0.840397553839816,0.424958720166739,0.779173135894267,0.444885701510718,0.492379513936564,0.444885701510718,0.840397553839816,0.616095790337174,0.840397553839816,0.385844097775994,0.505050398363593,0.750866964515186,0.382411446396068,0.739424793248766,0.823938430556582,0.83696490245989,0.83696490245989,0.827371081936508,0.823938430556582,0.567207793350866,0.43472857409422,0.595024591866552,0.592313677443431,0.803536159021535,0.401423054038734,0.429979192851635,0.725535757665374,0.752768125279453,0.228329407788422,0.424659463379771,0.373697792893179,0.220686037382453,0.191344789587272,0.275527484095382,0.3650017427307,0.948550403851099,0.840397553839816,0.840397553839816,0.83696490245989,0.639578646443949,0.567123297316898,0.424958720166739,0.751007791238465,0.506884666434302,0.840397553839816,0.769843365477032,0.707527540426071,0.745550755711403,0.785123064952805,0.745339515626485,0.7403753736309,0.785123064952805,0.840397553839816,0.670208458757133,0.780018096233941,0.7104320915937,0.485760657942451,0.553382129792949,0.787358689184859,0.220971211497093,0.418040607385657,0.253537391255364,0.529878149677682,0.576995250618757,0.617468850889144,0.512933174199136,0.297686569003334,0.64366262141904,0.568193580413819
HEB_10_093,0.274309332939018,0.414572749324911,0.514756880265599,0.448290187545988,0.840397553839816,0.348201114643514,0.724983012776504,0.685326207501135,0.304058978231709,0.593405084548844,0.44209029105363,0.739002313078929,0.625830437583836,0.748032826709196,0.840397553839816,0.840397553839816,0.840397553839816,0.840397553839816,0.636600161246598,0.431947246309459,0.352045684189031,0.840397553839816,0.840397553839816,0.840397553839816,0.840397553839816,0.840397553839816,0.840397553839816,0.840397553839816,0.631878945348669,0.320430084812894,0.840397553839816,0.51998155169925,0.51998155169925,0.63430468565715,0.380182863500177,0.293637800709062,0.398307262786186,0.424958720166739,0.273200322493196,0.467048307086753,0.44524480965508,0.217450543415118,0.254875245126515,0.364420832497174,0.840397553839816,0.519840724975971,0.424958720166739,0.745374722307305,0.424958720166739,0.745374722307305,0.424958720166739,0.840397553839816,0.424958720166739,0.779173135894267,0.444885701510718,0.492379513936564,0.444885701510718,0.840397553839816,0.616095790337174,0.840397553839816,0.385844097775994,0.505050398363593,0.750866964515186,0.382411446396068,0.739424793248766,0.823938430556582,0.83696490245989,0.83696490245989,0.827371081936508,0.823938430556582,0.567207793350866,0.43472857409422,0.595024591866552,0.592313677443431,0.803536159021535,0.401423054038734,0.429979192851635,0.725535757665374,0.752768125279453,0.228329407788422,0.424659463379771,0.373697792893179,0.220686037382453,0.191344789587272,0.275527484095382,0.3650017427307,0.840397553839816,0.948550403851099,0.840397553839816,0.83696490245989,0.639578646443949,0.567123297316898,0.424958720166739,0.751007791238465,0.506884666434302,0.840397553839816,0.769843365477032,0.707527540426071,0.745550755711403,0.785123064952805,0.745339515626485,0.7403753736309,0.785123064952805,0.840397553839816,0.670208458757133,0.780018096233941,0.7104320915937,0.485760657942451,0.553382129792949,0.787358689184859,0.220971211497093,0.418040607385657,0.253537391255364,0.529878149677682,0.576995250618757,0.617468850889144,0.512933174199136,0.297686569003334,0.64366262141904,0.568193580413819
HEB_10_097,0.274309332939018,0.414572749324911,0.514756880265599,0.448290187545988,0.840397553839816,0.348201114643514,0.724983012776504,0.685326207501135,0.304058978231709,0.593405084548844,0.44209029105363,0.739002313078929,0.625830437583836,0.748032826709196,0.840397553839816,0.840397553839816,0.840397553839816,0.840397553839816,0.636600161246598,0.431947246309459,0.352045684189031,0.840397553839816,0.840397553839816,0.840397553839816,0.840397553839816,0.840397553839816,0.840397553839816,0.840397553839816,0.631878945348669,0.320430084812894,0.840397553839816,0.51998155169925,0.51998155169925,0.63430468565715,0.380182863500177,0.293637800709062,0.398307262786186,0.424958720166739,0.273200322493196,0.467048307086753,0.44524480965508,0.217450543415118,0.254875245126515,0.364420832497174,0.840397553839816,0.519840724975971,0.424958720166739,0.745374722307305,0.424958720166739,0.745374722307305,0.424958720166739,0.840397553839816,0.424958720166739,0.779173135894267,0.444885701510718,0.492379513936564,0.444885701510718,0.840397553839816,0.616095790337174,0.840397553839816,0.385844097775994,0.505050398363593,0.750866964515186,0.382411446396068,0.739424793248766,0.823938430556582,0.83696490245989,0.83696490245989,0.827371081936508,0.823938430556582,0.567207793350866,0.43472857409422,0.595024591866552,0.592313677443431,0.803536159021535,0.401423054038734,0.429979192851635,0.725535757665374,0.752768125279453,0.228329407788422,0.424659463379771,0.373697792893179,0.220686037382453,0.191344789587272,0.275527484095382,0.3650017427307,0.840397553839816,0.840397553839816,0.948550403851099,0.83696490245989,0.639578646443949,0.567123297316898,0.424958720166739,0.751007791238465,0.506884666434302,0.840397553839816,0.769843365477032,0.707527540426071,0.745550755711403,0.785123064952805,0.745339515626485,0.7403753736309,0.785123064952805,0.840397553839816,0.670208458757133,0.780018096233941,0.7104320915937,0.485760657942451,0.553382129792949,0.787358689184859,0.220971211497093,0.418040607385657,0.253537391255364,0.529878149677682,0.576995250618757,0.617468850889144,0.512933174199136,0.297686569003334,0.64366262141904,0.568193580413819
HEB_10_100,0.270876681559092,0.411140097944986,0.511324228885673,0.444857536166062,0.83696490245989,0.36589247175544,0.742674369888429,0.681893556121209,0.311188331097709,0.589972433168918,0.459781648165555,0.735569661699004,0.643521794695761,0.755162179575196,0.83696490245989,0.83696490245989,0.83696490245989,0.83696490245989,0.633167509866672,0.449638603421385,0.369737041300957,0.83696490245989,0.83696490245989,0.83696490245989,0.83696490245989,0.83696490245989,0.83696490245989,0.83696490245989,0.628446293968743,0.316997433432968,0.83696490245989,0.516548900319324,0.516548900319324,0.630872034277224,0.376750212120252,0.290205149329136,0.39487461140626,0.421526068786813,0.26976767111327,0.474177659952752,0.441812158275154,0.214017892035192,0.251442593746589,0.360988181117248,0.83696490245989,0.516408073596045,0.421526068786813,0.741942070927379,0.421526068786813,0.741942070927379,0.421526068786813,0.83696490245989,0.421526068786813,0.775740484514341,0.441453050130793,0.488946862556638,0.441453050130793,0.83696490245989,0.612663138957248,0.83696490245989,0.382411446396068,0.512179751229593,0.757996317381186,0.389540799262068,0.735992141868841,0.831067783422582,0.84409425532589,0.84409425532589,0.823938430556582,0.831067783422582,0.56377514197094,0.431295922714294,0.591591940486626,0.588881026063505,0.80010350764161,0.397990402658808,0.426546541471709,0.722103106285448,0.749335473899527,0.224896756408496,0.421226811999845,0.370265141513253,0.227815390248453,0.209036146699197,0.293218841207307,0.382693099842626,0.83696490245989,0.83696490245989,0.83696490245989,0.951333755695931,0.636145995064023,0.563690645936973,0.421526068786813,0.758137144104465,0.503452015054376,0.83696490245989,0.776972718343032,0.704094889046145,0.742118104331478,0.781690413572879,0.741906864246559,0.736942722250974,0.781690413572879,0.83696490245989,0.666775807377207,0.776585444854015,0.728123448705626,0.503452015054376,0.571073486904875,0.794488042050859,0.217538560117167,0.414607956005731,0.250104739875438,0.526445498297756,0.573562599238831,0.614036199509218,0.50950052281921,0.294253917623408,0.640229970039114,0.564760929033893
HEB_10_104,0.580466629347585,0.720730045733478,0.563201273073578,0.500959382052338,0.639578646443949,0.409319912546604,0.524164105380637,0.737995402007484,0.356728172738058,0.624950270563342,0.241271383657762,0.538183405683062,0.425011530187968,0.547213919313329,0.639578646443949,0.639578646443949,0.639578646443949,0.639578646443949,0.541401296309987,0.65360850875062,0.658202980597598,0.639578646443949,0.639578646443949,0.639578646443949,0.639578646443949,0.639578646443949,0.639578646443949,0.639578646443949,0.431060037952802,0.373099279319243,0.639578646443949,0.5726507462056,0.5726507462056,0.682749078465129,0.428627256308157,0.599795097117629,0.704464559194752,0.731116016575305,0.579357618901762,0.266229399690885,0.413417970194024,0.523607839823685,0.561032541535081,0.670578128905741,0.639578646443949,0.825998021384537,0.731116016575305,0.798043916813654,0.731116016575305,0.798043916813654,0.731116016575305,0.639578646443949,0.731116016575305,0.578354228498399,0.751042997919285,0.798536810345131,0.751042997919285,0.639578646443949,0.672989786541894,0.639578646443949,0.523009326249749,0.570393997965053,0.550048057119319,0.519576674869823,0.538605885852899,0.623119523160715,0.636145995064023,0.636145995064023,0.62655217454064,0.623119523160715,0.68324901333277,0.677513845027232,0.647693786372902,0.581610846474227,0.602717251625668,0.7075803504473,0.237609888852508,0.778204952171724,0.551949217883585,0.534486704196988,0.730816759788337,0.679855089301745,0.442347299823614,0.497502085995838,0.31552227350662,0.523290979696307,0.639578646443949,0.639578646443949,0.639578646443949,0.636145995064023,1.02786267737241,0.78878455975806,0.731116016575305,0.550188883842598,0.644049894908057,0.639578646443949,0.653520492048571,0.506708633030203,0.544731848315536,0.584304157556938,0.544520608230617,0.539556466235032,0.584304157556938,0.639578646443949,0.469389551361266,0.579199188838073,0.509613184197833,0.284941750546583,0.648299341283001,0.586539781788992,0.52712850790566,0.724197903794224,0.559694687663931,0.329059242281815,0.490245989078887,0.670138045395494,0.544478360213634,0.6038438654119,0.442843714023173,0.367374673017951
HEB_10_106,0.719251365139048,0.859514781524942,0.549893147723712,0.639744117843802,0.567123297316898,0.379112580403257,0.451708756253586,0.6845516605231,0.326520840594711,0.573618929928143,0.168816034530712,0.465728056556012,0.352556181060918,0.474758570186278,0.567123297316898,0.567123297316898,0.567123297316898,0.567123297316898,0.468945947182937,0.623401176607273,0.62799564845425,0.567123297316898,0.567123297316898,0.567123297316898,0.567123297316898,0.567123297316898,0.567123297316898,0.567123297316898,0.506472748268711,0.511884015110707,0.567123297316898,0.711435481997064,0.711435481997064,0.715913771797336,0.546287983607769,0.590711773466133,0.843249294986216,0.869900752366769,0.718142354693226,0.436700148220126,0.552202705985487,0.641268567123297,0.699817277326545,0.809362864697204,0.567123297316898,0.816914697733041,0.869900752366769,0.725588567686604,0.869900752366769,0.725588567686604,0.869900752366769,0.567123297316898,0.869900752366769,0.527022887863201,0.784207691251492,0.831701503677337,0.784207691251492,0.567123297316898,0.651232057795287,0.567123297316898,0.661794062041213,0.709178733756517,0.477592707992268,0.658361410661287,0.466150536725849,0.550664174033664,0.563690645936973,0.563690645936973,0.55409682541359,0.550664174033664,0.610793664205719,0.816298580818696,0.638610462721406,0.509155497347176,0.530261902498618,0.846365086238764,0.439766650119526,0.705749603044673,0.479493868756535,0.673271439988452,0.84847748708795,0.818639825093209,0.570570031369152,0.636286821787302,0.348686966838827,0.609265694258142,0.567123297316898,0.567123297316898,0.567123297316898,0.563690645936973,0.78878455975806,0.934660152739746,0.869900752366769,0.477733534715547,0.571594545781007,0.567123297316898,0.58106514292152,0.518749317870559,0.514524516172188,0.596344842397293,0.556561293070973,0.467101117107982,0.596344842397293,0.567123297316898,0.439182219217918,0.591239873678429,0.437157835070783,0.212486401419533,0.575843992155951,0.514084432661942,0.496921175762312,0.693990571650876,0.529487355520583,0.256603893154765,0.417790639951837,0.639930713252146,0.493147019578435,0.573636533268553,0.370388364896122,0.294919323890901
HEB_10_107,0.957318940842214,1.09758235722811,0.551371828318141,0.877811693546967,0.424958720166739,0.448188088171611,0.309544179103426,0.645894724983012,0.395596348363065,0.53707439523724,0.0266514573805524,0.323563479405852,0.210391603910758,0.332593993036118,0.424958720166739,0.424958720166739,0.424958720166739,0.424958720166739,0.326781370032777,0.692476684375627,0.697071156222605,0.424958720166739,0.424958720166739,0.424958720166739,0.424958720166739,0.424958720166739,0.424958720166739,0.424958720166739,0.512176230561511,0.749951590813873,0.424958720166739,0.949503057700229,0.949503057700229,0.763865271073839,0.678735516851677,0.680911289726338,1.08131687068938,1.10796832806993,0.956209930396392,0.537461668726257,0.790270281688653,0.858212134334611,0.93788485302971,1.04743044040037,0.424958720166739,0.907114213993247,1.10796832806993,0.583423990536444,1.10796832806993,0.583423990536444,1.10796832806993,0.424958720166739,1.10796832806993,0.405982319204892,0.9166552244954,0.964149036921246,0.9166552244954,0.424958720166739,0.644261134992976,0.424958720166739,0.899861637744378,0.947246309459683,0.335428130842108,0.896428986364452,0.323985959575689,0.408499596883504,0.421526068786813,0.421526068786813,0.41193224826343,0.408499596883504,0.468629087055559,1.05436615652186,0.728809978981611,0.366990920197016,0.388097325348458,1.08443266194193,0.572214183363435,0.563585025894513,0.337329291606375,0.911339015691617,1.06542105429926,1.05670740079637,0.798075602826392,0.874354397490467,0.39663846611533,0.794523248731679,0.424958720166739,0.424958720166739,0.424958720166739,0.421526068786813,0.731116016575305,0.869900752366769,1.15001206119133,0.335568957565387,0.429429968630847,0.424958720166739,0.43890056577136,0.461080774687804,0.414607956005731,0.538676299214539,0.498892749888218,0.324936539957822,0.538676299214539,0.424958720166739,0.339265659051461,0.533571330495674,0.294993257920623,0.0703218242693733,0.433679415005791,0.371919855511781,0.565996683530666,0.76306607941923,0.598562863288937,0.114439316004605,0.275626062801677,0.7090062210205,0.456602484887532,0.642712041036907,0.228223787745962,0.152754746740741
HEB_10_114,0.184919570337667,0.32518298672356,0.425367117664248,0.358900424944637,0.751007791238465,0.279935360534014,0.656717258667004,0.595936444899784,0.520967338762203,0.504015321947492,0.66956065583005,0.702422571707207,0.578688691966187,0.66920506835377,0.751007791238465,0.751007791238465,0.751007791238465,0.751007791238465,0.547210398645247,0.363681492199959,0.389399972538789,0.751007791238465,0.751007791238465,0.751007791238465,0.751007791238465,0.751007791238465,0.751007791238465,0.751007791238465,0.681907638793537,0.526776441097462,0.751007791238465,0.430591789097899,0.430591789097899,0.544914923055799,0.586529219784746,0.499984156993631,0.308917500184835,0.335568957565387,0.310554610842953,0.683956667617247,0.355855047053729,0.423796899699687,0.418973584427381,0.444023137830634,0.751007791238465,0.43045096237462,0.335568957565387,0.655984959705953,0.335568957565387,0.655984959705953,0.335568957565387,0.751007791238465,0.335568957565387,0.858775441227727,0.524488006844178,0.402989751335213,0.524488006844178,0.751007791238465,0.611202061703228,0.751007791238465,0.296454335174642,0.426222640008168,0.672039206159761,0.303583688040642,0.650035030647415,0.787358689184859,0.758137144104465,0.758137144104465,0.780229336318859,0.787358689184859,0.773554149635434,0.345338811492868,0.526758837757052,0.671915982776891,0.714146396420184,0.312033291437383,0.636325549136204,0.657270003555874,0.93799047307217,0.43467576407299,0.335269700778419,0.368804064259233,0.543214440372205,0.1758890567074,0.26007175121551,0.402356031080457,0.751007791238465,0.751007791238465,0.751007791238465,0.758137144104465,0.550188883842598,0.477733534715547,0.335568957565387,1.08432495765329,0.766041043948499,0.751007791238465,0.691015607121607,0.787129845759531,0.909649095012269,0.695733302351454,0.655949753025134,0.798853670472509,0.695733302351454,0.751007791238465,0.623066713139485,0.69062833363259,0.694976358713829,0.713231022718871,0.485116375683449,0.708530930829434,0.532937610240919,0.708882997637631,0.438759739048082,0.841844548421508,0.774892003506585,0.528079088287793,0.710829927086964,0.504032925287902,0.807760960719906,0.827349957928016
HEB_10_115,0.701260751240155,0.440168006280871,0.768491428933554,0.389389410534543,0.506884666434302,0.530114034439175,0.518214176322098,0.520805388030432,0.836630438992103,0.439446269324067,0.826793692371063,0.458299446903044,0.503557635096836,0.414519939303682,0.506884666434302,0.506884666434302,0.506884666434302,0.506884666434302,0.461517337529969,0.351922460806162,0.525509000587951,0.506884666434302,0.506884666434302,0.506884666434302,0.506884666434302,0.506884666434302,0.506884666434302,0.506884666434302,0.754644641367145,0.789629520097733,0.506884666434302,0.270964698261142,0.270964698261142,0.465559064488077,0.929653531054053,1.07969736337167,0.466150536725849,0.429429968630847,0.763523766269887,0.429271538567158,0.208902361312082,0.940138080602175,0.850818731362463,0.601256174371648,0.506884666434302,0.52431197344008,0.429429968630847,0.665349936804008,0.429429968630847,0.665349936804008,0.429429968630847,0.506884666434302,0.429429968630847,0.614652316423564,0.618349017909638,0.496850762400673,0.618349017909638,0.506884666434302,0.603667832007801,0.506884666434302,0.221323278305291,0.268707950020596,0.417354077109672,0.217890626925365,0.405911905843252,0.532673560134771,0.503452015054376,0.503452015054376,0.536106211514697,0.532673560134771,1.10400405580963,0.407513809820551,0.398817759658072,1.04038910423642,0.533395297091576,0.43758031524062,0.823132197565809,0.698320993391706,0.757239373743561,0.97214095346733,0.460816724581656,0.526037100800247,0.605389438699887,0.311998084756563,0.605308463334002,0.39059699968666,0.506884666434302,0.506884666434302,0.506884666434302,0.503452015054376,0.644049894908057,0.571594545781007,0.429429968630847,0.766041043948499,1.30519055356892,0.506884666434302,0.647570562990033,0.564130729447219,0.665525970208106,0.451610177547291,0.454074645204674,0.744846622095008,0.451610177547291,0.506884666434302,0.80142375817235,0.446505208828427,0.429729225417815,0.870464059259885,0.60010139524076,0.453845801779345,1.11265081661896,0.866116034178645,1.01847294542612,1.07723641638237,1.09900470713322,0.368451997451036,1.01593102307094,1.08374613166594,0.986118005752771,1.06907902843644
HEB_10_117,0.274309332939018,0.414572749324911,0.514756880265599,0.448290187545988,0.840397553839816,0.348201114643514,0.724983012776504,0.685326207501135,0.304058978231709,0.593405084548844,0.44209029105363,0.739002313078929,0.625830437583836,0.748032826709196,0.840397553839816,0.840397553839816,0.840397553839816,0.840397553839816,0.636600161246598,0.431947246309459,0.352045684189031,0.840397553839816,0.840397553839816,0.840397553839816,0.840397553839816,0.840397553839816,0.840397553839816,0.840397553839816,0.631878945348669,0.320430084812894,0.840397553839816,0.51998155169925,0.51998155169925,0.63430468565715,0.380182863500177,0.293637800709062,0.398307262786186,0.424958720166739,0.273200322493196,0.467048307086753,0.44524480965508,0.217450543415118,0.254875245126515,0.364420832497174,0.840397553839816,0.519840724975971,0.424958720166739,0.745374722307305,0.424958720166739,0.745374722307305,0.424958720166739,0.840397553839816,0.424958720166739,0.779173135894267,0.444885701510718,0.492379513936564,0.444885701510718,0.840397553839816,0.616095790337174,0.840397553839816,0.385844097775994,0.505050398363593,0.750866964515186,0.382411446396068,0.739424793248766,0.823938430556582,0.83696490245989,0.83696490245989,0.827371081936508,0.823938430556582,0.567207793350866,0.43472857409422,0.595024591866552,0.592313677443431,0.803536159021535,0.401423054038734,0.429979192851635,0.725535757665374,0.752768125279453,0.228329407788422,0.424659463379771,0.373697792893179,0.220686037382453,0.191344789587272,0.275527484095382,0.3650017427307,0.840397553839816,0.840397553839816,0.840397553839816,0.83696490245989,0.639578646443949,0.567123297316898,0.424958720166739,0.751007791238465,0.506884666434302,0.948550403851099,0.769843365477032,0.707527540426071,0.745550755711403,0.785123064952805,0.745339515626485,0.7403753736309,0.785123064952805,0.840397553839816,0.670208458757133,0.780018096233941,0.7104320915937,0.485760657942451,0.553382129792949,0.787358689184859,0.220971211497093,0.418040607385657,0.253537391255364,0.529878149677682,0.576995250618757,0.617468850889144,0.512933174199136,0.297686569003334,0.64366262141904,0.568193580413819
HEB_10_120,0.414995229494749,0.428514594929533,0.613194759837626,0.525604058626164,0.769843365477032,0.510011019691096,0.675552832905572,0.699268053105757,0.455306879033365,0.565098913169763,0.519404162133806,0.668448124716146,0.639772283188457,0.688040642592338,0.769843365477032,0.769843365477032,0.769843365477032,0.769843365477032,0.566045972883814,0.467013100405933,0.387111538285505,0.769843365477032,0.769843365477032,0.769843365477032,0.769843365477032,0.769843365477032,0.769843365477032,0.769843365477032,0.666944799445142,0.461115981368624,0.769843365477032,0.533923397303872,0.533923397303872,0.605998514278069,0.478620743072205,0.434323697264793,0.412249108390808,0.43890056577136,0.413886219048926,0.407056122969895,0.391589828085777,0.358136439970848,0.38499913743632,0.378362678101796,0.769843365477032,0.533782570580593,0.43890056577136,0.674820533944521,0.43890056577136,0.674820533944521,0.43890056577136,0.769843365477032,0.43890056577136,0.708618947531483,0.45882754711534,0.506321359541186,0.45882754711534,0.769843365477032,0.587789618958093,0.769843365477032,0.399785943380615,0.529554248214141,0.690874780398328,0.406915296246615,0.668870604885983,0.763946246439724,0.776972718343032,0.776972718343032,0.756816893573724,0.763946246439724,0.612835651693265,0.448670419698842,0.608966437471174,0.648503540031756,0.732981970658752,0.415364899643356,0.48616905543996,0.654981569302591,0.682213936916669,0.3478912958523,0.438601308984393,0.387639638497801,0.160693853265595,0.226410643683745,0.395089372159261,0.357819579843471,0.769843365477032,0.769843365477032,0.769843365477032,0.776972718343032,0.653520492048571,0.58106514292152,0.43890056577136,0.691015607121607,0.647570562990033,0.769843365477032,0.961592395352598,0.647535356309213,0.67499656734862,0.714568876590021,0.695909335755553,0.73319321074367,0.714568876590021,0.769843365477032,0.726398321345458,0.709463907871157,0.661001911722768,0.563074529022627,0.556761971151645,0.727366505068001,0.361657108052824,0.431982452990279,0.394223287811095,0.586068012266007,0.633185113207082,0.631410696493766,0.600809049525238,0.438372465559064,0.699852484007365,0.624383443002144
HEB_10_124,0.437175438411193,0.471818812337829,0.508630917802962,0.547784267542609,0.707527540426071,0.342075152180878,0.592112999362759,0.55245619408739,0.466925083703883,0.460535071135098,0.604956396525804,0.648380316648887,0.577456458137496,0.615162813295451,0.707527540426071,0.707527540426071,0.707527540426071,0.707527540426071,0.545978164816555,0.299077232895714,0.219175670775286,0.707527540426071,0.707527540426071,0.707527540426071,0.707527540426071,0.707527540426071,0.707527540426071,0.707527540426071,0.7440474304404,0.610040241236177,0.707527540426071,0.556103606220316,0.556103606220316,0.58593070621081,0.66979301992346,0.414255889197534,0.434429317307252,0.461080774687804,0.478314444949073,0.67216242954263,0.491928868422071,0.507060699838401,0.523361393057946,0.506162929477497,0.707527540426071,0.386970711562226,0.461080774687804,0.612504708893559,0.461080774687804,0.612504708893559,0.461080774687804,0.707527540426071,0.461080774687804,0.815295190415333,0.481007756031784,0.359509500522819,0.481007756031784,0.707527540426071,0.567721810890834,0.707527540426071,0.42196615229706,0.541172452884659,0.617996951101441,0.418533500917134,0.606554779835021,0.733316434126539,0.704094889046145,0.704094889046145,0.736749085506465,0.733316434126539,0.603329847871932,0.470850628615286,0.483278586944658,0.6706837489482,0.712914162591493,0.479793125543503,0.761837366258621,0.61378975274348,0.788890179800519,0.433443530244299,0.418533500917134,0.494315881381651,0.425800159838331,0.311962878075743,0.35389755560015,0.31662776328436,0.707527540426071,0.707527540426071,0.707527540426071,0.704094889046145,0.506708633030203,0.518749317870559,0.461080774687804,0.787129845759531,0.564130729447219,0.707527540426071,0.647535356309213,1.08246938975674,0.866168844199875,0.821245119473871,0.90820562109866,0.755373419660114,0.821245119473871,0.707527540426071,0.748578530261902,0.837264159246858,0.577562078179955,0.648626763414625,0.483884141854758,0.654488675771114,0.383837316969268,0.433038653414872,0.353031471251984,0.692744255149857,0.731411752694191,0.484598837475399,0.582853642307164,0.460552674475508,0.764280709907511,0.731059685885993
HEB_10_131,0.263958568778011,0.404221985163904,0.419910082137186,0.437939423384981,0.745550755711403,0.253354316515102,0.630136214648091,0.590479409372722,0.462700282005513,0.498558286420431,0.600731594827434,0.644155514950517,0.530983639455423,0.653186028580783,0.745550755711403,0.745550755711403,0.745550755711403,0.745550755711403,0.541753363118185,0.337100448181047,0.257198886060618,0.745550755711403,0.745550755711403,0.745550755711403,0.745550755711403,0.745550755711403,0.745550755711403,0.745550755711403,0.73982262874203,0.563567422554103,0.745550755711403,0.509630787538243,0.509630787538243,0.58170590451244,0.623320201241387,0.452279104482866,0.387956498625179,0.414607956005731,0.389593609283297,0.699623640582037,0.434894045494073,0.439463872664477,0.498012582867725,0.501938127779127,0.745550755711403,0.424993926847558,0.414607956005731,0.650527924178892,0.414607956005731,0.650527924178892,0.414607956005731,0.745550755711403,0.414607956005731,0.853318405700665,0.519030971317117,0.397532715808151,0.519030971317117,0.745550755711403,0.605745026176167,0.745550755711403,0.375493333614986,0.494699634202586,0.656020166386773,0.372060682235061,0.644577995120354,0.771339649411872,0.742118104331478,0.742118104331478,0.774772300791798,0.771339649411872,0.72584909712467,0.424377809933212,0.521301802229991,0.624210930266127,0.708689360893123,0.391072289877727,0.673116530592845,0.651812968028813,0.911409429053257,0.471466745529631,0.393184690726912,0.447843062699578,0.453261370877737,0.180994025426264,0.222928702950672,0.31240296158599,0.745550755711403,0.745550755711403,0.745550755711403,0.742118104331478,0.544731848315536,0.514524516172188,0.414607956005731,0.909649095012269,0.665525970208106,0.745550755711403,0.67499656734862,0.866168844199875,1.02839283962857,0.774772300791798,0.734988751465478,0.772272626453595,0.774772300791798,0.745550755711403,0.617609677612423,0.769667332072934,0.615585293465288,0.644401961716255,0.458535331664536,0.692511891056447,0.379612515270897,0.55555790266761,0.306558652569911,0.688519453451487,0.727186950995821,0.522622052760731,0.663124874576199,0.456327872777138,0.760055908209141,0.726834884187623
HEB_10_132,0.388026911986818,0.528290328372712,0.459482391378588,0.562007766593788,0.785123064952805,0.292926625756503,0.669708523889493,0.630051718614124,0.248784489344698,0.538130595661832,0.386815802166619,0.683727824191918,0.570555948696824,0.692758337822185,0.785123064952805,0.785123064952805,0.785123064952805,0.785123064952805,0.581325672359587,0.376672757422448,0.29677119530202,0.785123064952805,0.785123064952805,0.785123064952805,0.785123064952805,0.785123064952805,0.785123064952805,0.785123064952805,0.745596524396469,0.434147663860694,0.785123064952805,0.63369913074705,0.63369913074705,0.663526230737544,0.493900442547978,0.238363311822051,0.512024841833986,0.538676299214539,0.386917901540996,0.559641877642701,0.55896238870288,0.288920105479215,0.368592824174315,0.478138411544974,0.785123064952805,0.46456623608896,0.538676299214539,0.690100233420293,0.538676299214539,0.690100233420293,0.538676299214539,0.785123064952805,0.538676299214539,0.723898647007256,0.389611212623707,0.437105025049553,0.389611212623707,0.785123064952805,0.560821301450163,0.785123064952805,0.499561676823794,0.618767977411393,0.695592475628175,0.496129025443868,0.684150304361755,0.768663941669571,0.781690413572879,0.781690413572879,0.772096593049497,0.768663941669571,0.511933304463855,0.54844615314202,0.539750102979541,0.53703918855642,0.748261670134524,0.515140633086534,0.543696771899435,0.670261268778363,0.697493636392441,0.342046986836222,0.496129025443868,0.487415371940979,0.313279607938402,0.305062368635072,0.304749029175776,0.394223287811095,0.785123064952805,0.785123064952805,0.785123064952805,0.781690413572879,0.584304157556938,0.596344842397293,0.538676299214539,0.695733302351454,0.451610177547291,0.785123064952805,0.714568876590021,0.821245119473871,0.774772300791798,0.992553871112254,0.859057094674285,0.685100884743889,0.898840644000605,0.785123064952805,0.699430003837528,0.893735675281741,0.655157602706689,0.43048616905544,0.498107640905938,0.732084200297848,0.165696722610082,0.362766118498646,0.198262902368353,0.474603660790671,0.521720761731746,0.562194362002133,0.457658685312124,0.242412080116323,0.588388132532029,0.512919091526808
HEB_10_133,0.517235430595309,0.509630787538243,0.588690909987079,0.606720251234874,0.745339515626485,0.422135144364994,0.629924974563173,0.590268169287804,0.377993007953189,0.498347046335512,0.51602432077511,0.686192291849301,0.636392441829761,0.652974788495865,0.745339515626485,0.745339515626485,0.745339515626485,0.745339515626485,0.583790140016969,0.336889208096128,0.2569876459757,0.745339515626485,0.745339515626485,0.745339515626485,0.745339515626485,0.745339515626485,0.745339515626485,0.745339515626485,0.705812975070149,0.521108165485482,0.745339515626485,0.59391558142073,0.59391558142073,0.623742681411224,0.580860944172766,0.325323813446839,0.472241292507666,0.498892749888218,0.473878403165784,0.540982336808232,0.540302847868411,0.418128624087707,0.4133053088154,0.438354862218654,0.745339515626485,0.42478268676264,0.498892749888218,0.650316684093973,0.498892749888218,0.650316684093973,0.498892749888218,0.745339515626485,0.498892749888218,0.684115097680935,0.349827663297387,0.397321475723233,0.349827663297387,0.745339515626485,0.521037752123843,0.745339515626485,0.459778127497473,0.578984428085073,0.655808926301855,0.456345476117548,0.644366755035435,0.728880392343251,0.741906864246559,0.741906864246559,0.732313043723176,0.728880392343251,0.472149755137534,0.5086626038157,0.499966553653221,0.666247707164911,0.750726137791907,0.517605100743917,0.672905290507926,0.630477719452043,0.657710087066121,0.302263437509902,0.456345476117548,0.447631822614659,0.294620067103933,0.349774853276157,0.433957547784267,0.354439738484774,0.745339515626485,0.745339515626485,0.745339515626485,0.741906864246559,0.544520608230617,0.556561293070973,0.498892749888218,0.655949753025134,0.454074645204674,0.745339515626485,0.695909335755553,0.90820562109866,0.734988751465478,0.859057094674285,1.05988447764438,0.729813369384974,0.859057094674285,0.745339515626485,0.828638522446019,0.875076134447272,0.615374053380369,0.559694687663931,0.542820125547023,0.692300650971528,0.294905241218573,0.322982569172326,0.327471420976844,0.603812179399163,0.650929280340237,0.522410812675813,0.481247161461358,0.371620598724814,0.71759665114052,0.642127610135299
HEB_10_135,0.427775254632319,0.335674577607846,0.668222801958899,0.47501205828818,0.7403753736309,0.501667036336815,0.688332858043142,0.585304027292219,0.605392959367969,0.493382904339927,0.74342427218989,0.660104141361864,0.673676316817879,0.64801064650028,0.7403753736309,0.7403753736309,0.7403753736309,0.7403753736309,0.557701989529533,0.331925066100543,0.252023503980115,0.7403753736309,0.7403753736309,0.7403753736309,0.7403753736309,0.7403753736309,0.7403753736309,0.7403753736309,0.738872048359896,0.600640057457303,0.7403753736309,0.419959371490334,0.419959371490334,0.534282505448234,0.660392836144587,0.573847773353471,0.298285082577269,0.324936539957822,0.405542235694645,0.525456190566722,0.404369853223347,0.518784524551378,0.461151188049444,0.380580698993441,0.7403753736309,0.419818544767055,0.324936539957822,0.645352542098388,0.324936539957822,0.645352542098388,0.324936539957822,0.7403753736309,0.324936539957822,0.763646989652756,0.429359555269207,0.392357333727648,0.429359555269207,0.7403753736309,0.55832162711196,0.7403753736309,0.285821917567077,0.405028218154677,0.65084478430627,0.282389266187151,0.63940261303985,0.745040258839517,0.736942722250974,0.736942722250974,0.748472910219443,0.745040258839517,0.699549706552315,0.334706393885303,0.505564415903561,0.830275633104137,0.724637987304471,0.322524882321669,0.731313173987896,0.636075581702383,0.821738013005348,0.445167354957276,0.324637283170854,0.315923629667965,0.279093920862422,0.133570626362058,0.428993405788682,0.264979562521784,0.7403753736309,0.7403753736309,0.7403753736309,0.736942722250974,0.539556466235032,0.467101117107982,0.324936539957822,0.798853670472509,0.744846622095008,0.7403753736309,0.73319321074367,0.755373419660114,0.772272626453595,0.685100884743889,0.729813369384974,0.949027549881642,0.685100884743889,0.7403753736309,0.844798388942285,0.69055792027095,0.610409911384784,0.787094639078711,0.495607966567735,0.687336508975943,0.522305192633354,0.455324482373775,0.49149934691607,0.831212130813943,0.874104430056647,0.517446670680228,0.757232332407397,0.599020550139594,0.923872594063449,0.869527561550079
HEB_10_137,0.388026911986818,0.528290328372712,0.459482391378588,0.562007766593788,0.785123064952805,0.292926625756503,0.669708523889493,0.630051718614124,0.248784489344698,0.538130595661832,0.386815802166619,0.683727824191918,0.570555948696824,0.692758337822185,0.785123064952805,0.785123064952805,0.785123064952805,0.785123064952805,0.581325672359587,0.376672757422448,0.29677119530202,0.785123064952805,0.785123064952805,0.785123064952805,0.785123064952805,0.785123064952805,0.785123064952805,0.785123064952805,0.745596524396469,0.434147663860694,0.785123064952805,0.63369913074705,0.63369913074705,0.663526230737544,0.493900442547978,0.238363311822051,0.512024841833986,0.538676299214539,0.386917901540996,0.559641877642701,0.55896238870288,0.288920105479215,0.368592824174315,0.478138411544974,0.785123064952805,0.46456623608896,0.538676299214539,0.690100233420293,0.538676299214539,0.690100233420293,0.538676299214539,0.785123064952805,0.538676299214539,0.723898647007256,0.389611212623707,0.437105025049553,0.389611212623707,0.785123064952805,0.560821301450163,0.785123064952805,0.499561676823794,0.618767977411393,0.695592475628175,0.496129025443868,0.684150304361755,0.768663941669571,0.781690413572879,0.781690413572879,0.772096593049497,0.768663941669571,0.511933304463855,0.54844615314202,0.539750102979541,0.53703918855642,0.748261670134524,0.515140633086534,0.543696771899435,0.670261268778363,0.697493636392441,0.342046986836222,0.496129025443868,0.487415371940979,0.313279607938402,0.305062368635072,0.304749029175776,0.394223287811095,0.785123064952805,0.785123064952805,0.785123064952805,0.781690413572879,0.584304157556938,0.596344842397293,0.538676299214539,0.695733302351454,0.451610177547291,0.785123064952805,0.714568876590021,0.821245119473871,0.774772300791798,0.898840644000605,0.859057094674285,0.685100884743889,0.992553871112254,0.785123064952805,0.699430003837528,0.893735675281741,0.655157602706689,0.43048616905544,0.498107640905938,0.732084200297848,0.165696722610082,0.362766118498646,0.198262902368353,0.474603660790671,0.521720761731746,0.562194362002133,0.457658685312124,0.242412080116323,0.588388132532029,0.512919091526808
HEB_10_138,0.274309332939018,0.414572749324911,0.514756880265599,0.448290187545988,0.840397553839816,0.348201114643514,0.724983012776504,0.685326207501135,0.304058978231709,0.593405084548844,0.44209029105363,0.739002313078929,0.625830437583836,0.748032826709196,0.840397553839816,0.840397553839816,0.840397553839816,0.840397553839816,0.636600161246598,0.431947246309459,0.352045684189031,0.840397553839816,0.840397553839816,0.840397553839816,0.840397553839816,0.840397553839816,0.840397553839816,0.840397553839816,0.631878945348669,0.320430084812894,0.840397553839816,0.51998155169925,0.51998155169925,0.63430468565715,0.380182863500177,0.293637800709062,0.398307262786186,0.424958720166739,0.273200322493196,0.467048307086753,0.44524480965508,0.217450543415118,0.254875245126515,0.364420832497174,0.840397553839816,0.519840724975971,0.424958720166739,0.745374722307305,0.424958720166739,0.745374722307305,0.424958720166739,0.840397553839816,0.424958720166739,0.779173135894267,0.444885701510718,0.492379513936564,0.444885701510718,0.840397553839816,0.616095790337174,0.840397553839816,0.385844097775994,0.505050398363593,0.750866964515186,0.382411446396068,0.739424793248766,0.823938430556582,0.83696490245989,0.83696490245989,0.827371081936508,0.823938430556582,0.567207793350866,0.43472857409422,0.595024591866552,0.592313677443431,0.803536159021535,0.401423054038734,0.429979192851635,0.725535757665374,0.752768125279453,0.228329407788422,0.424659463379771,0.373697792893179,0.220686037382453,0.191344789587272,0.275527484095382,0.3650017427307,0.840397553839816,0.840397553839816,0.840397553839816,0.83696490245989,0.639578646443949,0.567123297316898,0.424958720166739,0.751007791238465,0.506884666434302,0.840397553839816,0.769843365477032,0.707527540426071,0.745550755711403,0.785123064952805,0.745339515626485,0.7403753736309,0.785123064952805,0.948550403851099,0.670208458757133,0.780018096233941,0.7104320915937,0.485760657942451,0.553382129792949,0.787358689184859,0.220971211497093,0.418040607385657,0.253537391255364,0.529878149677682,0.576995250618757,0.617468850889144,0.512933174199136,0.297686569003334,0.64366262141904,0.568193580413819
HEB_10_139,0.737840492611878,0.371127705193337,0.893792005971053,0.616085228332928,0.670208458757133,0.727236240348968,0.68153796864493,0.515137112418452,0.725342120920866,0.423215989466161,0.863373433742787,0.611061234979949,0.751377461387072,0.577843731626513,0.670208458757133,0.670208458757133,0.670208458757133,0.670208458757133,0.508659083147618,0.261758151226776,0.181856589106348,0.670208458757133,0.670208458757133,0.670208458757133,0.670208458757133,0.670208458757133,0.670208458757133,0.670208458757133,0.884170020103014,0.783961244485753,0.670208458757133,0.434288490583973,0.434288490583973,0.50636360755817,0.843714023173037,0.672672926414516,0.312614201670909,0.339265659051461,0.567739414231244,0.434165267201104,0.47784619609417,0.702105711579829,0.570538345356414,0.363223805349303,0.670208458757133,0.349651629893288,0.339265659051461,0.575185627224622,0.339265659051461,0.575185627224622,0.339265659051461,0.670208458757133,0.339265659051461,0.608984040811584,0.274696606428036,0.322190418853881,0.274696606428036,0.670208458757133,0.445906695254491,0.670208458757133,0.300151036660716,0.419357337248316,0.580677869432503,0.296718385280791,0.569235698166084,0.653749335473899,0.666775807377207,0.666775807377207,0.657181986853825,0.653749335473899,0.633607593376919,0.349035512978942,0.424835496783869,1.01359682013259,0.675595080922556,0.357978009907159,0.935758369508198,0.555346662582691,0.667075064164175,0.565116516510173,0.317842393772642,0.288004731777902,0.187802997496805,0.1901477624394,0.696810626784538,0.23706066463172,0.670208458757133,0.670208458757133,0.670208458757133,0.666775807377207,0.469389551361266,0.439182219217918,0.339265659051461,0.623066713139485,0.80142375817235,0.670208458757133,0.726398321345458,0.748578530261902,0.617609677612423,0.699430003837528,0.828638522446019,0.844798388942285,0.699430003837528,0.670208458757133,1.16941599976673,0.715449043610515,0.540242996511017,0.907043800631607,0.467689068677672,0.617169594102176,0.64225435418625,0.290099529286677,0.653696525452669,0.951161292366839,0.998278393307914,0.447279755806461,0.828596274429035,0.718969711692491,1.0649457641082,0.989476723102975
HEB_10_140,0.404045951759805,0.523185359653848,0.475501431151575,0.56746480212085,0.780018096233941,0.308945665529491,0.664603555170629,0.62494674989526,0.264803529117685,0.533025626942968,0.402834841939606,0.699746863964906,0.586574988469812,0.687653369103321,0.780018096233941,0.780018096233941,0.780018096233941,0.780018096233941,0.597344712132574,0.371567788703584,0.291666226583156,0.780018096233941,0.780018096233941,0.780018096233941,0.780018096233941,0.780018096233941,0.780018096233941,0.780018096233941,0.740491555677605,0.42904269514183,0.780018096233941,0.628594162028186,0.628594162028186,0.65842126201868,0.488795473829113,0.233258343103187,0.506919873115122,0.533571330495674,0.381812932822132,0.565098913169763,0.553857419984016,0.304939145252203,0.374049859701377,0.47303344282611,0.780018096233941,0.459461267370096,0.533571330495674,0.684995264701429,0.533571330495674,0.684995264701429,0.533571330495674,0.780018096233941,0.533571330495674,0.718793678288392,0.384506243904843,0.432000056330689,0.384506243904843,0.780018096233941,0.555716332731299,0.780018096233941,0.49445670810493,0.613663008692529,0.690487506909311,0.491024056725004,0.679045335642891,0.763558972950707,0.776585444854015,0.776585444854015,0.766991624330633,0.763558972950707,0.506828335744991,0.543341184423156,0.534645134260677,0.553058228329407,0.753718705661586,0.531159672859521,0.559715811672423,0.665156300059499,0.692388667673577,0.336942018117358,0.491024056725004,0.482310403222115,0.318736643465464,0.321081408408059,0.320768068948763,0.38911831909223,0.780018096233941,0.780018096233941,0.780018096233941,0.776585444854015,0.579199188838073,0.591239873678429,0.533571330495674,0.69062833363259,0.446505208828427,0.780018096233941,0.709463907871157,0.837264159246858,0.769667332072934,0.893735675281741,0.875076134447272,0.69055792027095,0.893735675281741,0.780018096233941,0.715449043610515,0.992818952240334,0.650052633987825,0.446505208828427,0.503564676433,0.726979231578984,0.181715762383069,0.357661149779782,0.21428194214134,0.490622700563659,0.537739801504733,0.557089393283269,0.45255371659326,0.25843111988931,0.604407172305016,0.528938131299795
HEB_10_141,0.144343870692902,0.284607287078796,0.384791418019483,0.318324725299872,0.7104320915937,0.68296383921813,1.03862172885927,0.555360745255019,0.42758161788781,0.547935656270134,1.1528603667832,0.93645898245651,0.960593162158451,1.10391955977566,0.7104320915937,0.7104320915937,0.7104320915937,0.7104320915937,0.848843636568475,0.851206004851481,1.29940465502734,0.7104320915937,0.7104320915937,0.7104320915937,0.7104320915937,0.7104320915937,0.7104320915937,0.7104320915937,0.501913483102553,0.190464622566778,0.7104320915937,0.390016089453134,0.390016089453134,0.504339223411034,0.250217401254062,0.163672338462946,0.26834180054007,0.294993257920623,0.14323486024708,0.590570946742853,0.357527364392667,0.0874850811690026,0.124909782880399,0.234455370251059,0.7104320915937,0.389875262729855,0.294993257920623,0.615409260061189,0.294993257920623,0.615409260061189,0.294993257920623,0.7104320915937,0.294993257920623,0.649207673648151,0.314920239264602,0.362414051690448,0.314920239264602,0.7104320915937,0.486130328091058,0.7104320915937,0.424870703464689,0.396208944609329,0.747645553220179,0.442562060576615,0.778451398937462,0.715096976802318,0.728123448705626,0.728123448705626,0.697405619690392,0.715096976802318,0.43724233110475,0.304763111848104,0.465059129620436,0.462348215197315,0.67357069677542,0.271457591792618,0.300013730605519,0.595570295419258,0.622802663033337,0.098363945542306,0.294694001133655,0.243732330647063,0.893432897826691,0.853529645785584,1.21232445068776,1.03774860317494,0.7104320915937,0.7104320915937,0.7104320915937,0.728123448705626,0.509613184197833,0.437157835070783,0.294993257920623,0.694976358713829,0.429729225417815,0.7104320915937,0.661001911722768,0.577562078179955,0.615585293465288,0.655157602706689,0.615374053380369,0.610409911384784,0.655157602706689,0.7104320915937,0.540242996511017,0.650052633987825,1.55603682507031,1.3697476033052,1.41624506666385,0.678517235430595,0.745850012498371,0.393695187598798,0.778416192256642,1.05475695067896,0.447029788372641,0.593123431102286,0.38296771195302,0.167721106757218,0.513697159172924,0.740301439601178
HEB_10_142,0.595640708780898,0.102183870411249,0.836088256107479,0.418963022423135,0.485760657942451,1.15115988409961,0.953368751254237,0.33068931160377,1.21686259184543,0.407760256586289,1.94214134074082,0.870217612494147,1.15840189834423,0.900372134616264,0.485760657942451,0.485760657942451,0.485760657942451,0.485760657942451,0.835412287835739,0.62653457120023,0.969113178916831,0.485760657942451,0.485760657942451,0.485760657942451,0.485760657942451,0.485760657942451,0.485760657942451,0.485760657942451,0.733520632875294,0.768505511605882,0.485760657942451,0.165344655801885,0.165344655801885,0.279667789759785,0.828258290293166,0.741713227502051,0.0436703668888208,0.0703218242693733,0.425539630400264,0.851751708404186,0.420142446230596,0.792270021159216,0.597330629460246,0.242148030010174,0.485760657942451,0.165203829078606,0.0703218242693733,0.390737826409939,0.0703218242693733,0.390737826409939,0.0703218242693733,0.485760657942451,0.0703218242693733,0.593528307931713,0.259240873548164,0.137742618039199,0.259240873548164,0.485760657942451,0.345954928407214,0.485760657942451,0.284695303780845,0.213785527941782,0.607470153536335,0.302386660892771,0.638275999253618,0.532673560134771,0.503452015054376,0.503452015054376,0.514982203022845,0.532673560134771,0.702647894464453,0.0800916781968545,0.261511704461038,0.955893070269014,0.491147280107873,0.0890341751250716,0.920302636628327,0.39202287025986,0.73611536525171,0.549660783630301,0.0700225674824054,0.103556930963219,0.94337357456951,0.829536292806923,1.65305928452983,0.728581135556283,0.485760657942451,0.485760657942451,0.485760657942451,0.503452015054376,0.284941750546583,0.212486401419533,0.0703218242693733,0.713231022718871,0.870464059259885,0.485760657942451,0.563074529022627,0.648626763414625,0.644401961716255,0.43048616905544,0.559694687663931,0.787094639078711,0.43048616905544,0.485760657942451,0.907043800631607,0.446505208828427,1.3697476033052,1.94138526095912,1.3478912958523,0.453845801779345,1.26051887606192,0.33801582188236,1.16634100486908,1.56942581424251,1.05886909099871,0.368451997451036,0.889186972119829,0.788010012780025,1.09173804821203,1.30778032439436
HEB_10_150,0.41822368212592,0.43385544840989,0.50657836831117,0.279146730883652,0.553382129792949,0.701665628069582,0.877346965360146,0.525054834405376,0.574717378369719,0.589451374292785,1.1310040593303,0.798420628298425,0.88592683347592,0.946869597974911,0.553382129792949,0.553382129792949,0.553382129792949,0.553382129792949,0.974855388558532,0.884272119477392,1.45921482060436,0.553382129792949,0.553382129792949,0.553382129792949,0.553382129792949,0.553382129792949,0.553382129792949,0.553382129792949,0.344863521301802,0.139034703225284,0.553382129792949,0.275214144636086,0.275214144636086,0.490932519354872,0.300182722673454,0.492474571974777,0.533772008576347,0.433679415005791,0.472037093758911,0.494780609568471,0.261737027218285,0.352915289205279,0.326967965441122,0.373141527336227,0.553382129792949,0.528561419815024,0.433679415005791,0.711847400162655,0.433679415005791,0.711847400162655,0.433679415005791,0.553382129792949,0.433679415005791,0.4921577118474,0.453606396349771,0.501100208775617,0.453606396349771,0.553382129792949,0.607917278382746,0.553382129792949,0.403014396011787,0.302531008284132,0.599045194816168,0.420705753123712,0.629851040533451,0.558047015001566,0.571073486904875,0.571073486904875,0.540355657889641,0.558047015001566,0.702672539141027,0.443449268933273,0.413629210278942,0.579910363790632,0.664388794417628,0.494639782845192,0.235909406168914,0.755380460996278,0.465752701232585,0.363794153578583,0.496752183694377,0.50916253868334,1.04014617813876,1.15909546995638,1.33622380182863,1.07081471780085,0.553382129792949,0.553382129792949,0.553382129792949,0.571073486904875,0.648299341283001,0.575843992155951,0.433679415005791,0.485116375683449,0.60010139524076,0.553382129792949,0.556761971151645,0.483884141854758,0.458535331664536,0.498107640905938,0.542820125547023,0.495607966567735,0.498107640905938,0.553382129792949,0.467689068677672,0.503564676433,1.41624506666385,1.3478912958523,1.63095935511063,0.521467273629844,0.990156212042797,0.553505353175818,1.02272239180107,0.990652626242355,0.551917531870847,0.478321486285237,0.384347813841154,0.5176473487609,0.441143231339579,0.741681541489313
HEB_10_155,0.221270468284061,0.361533884669955,0.461718015610642,0.395251322891031,0.787358689184859,0.654270394350032,0.794463397374285,0.632287342846178,0.396775772170527,0.87835035576351,0.748159570760147,0.812707499375081,0.931899717290353,0.874548034234976,0.787358689184859,0.787358689184859,0.787358689184859,0.787358689184859,0.921545432461263,0.738016526015977,0.446874878977034,0.787358689184859,0.787358689184859,0.787358689184859,0.787358689184859,0.787358689184859,0.787358689184859,0.787358689184859,0.578840080693712,0.267391220157937,0.787358689184859,0.466942687044293,0.466942687044293,0.581265821002193,0.327143998845221,0.240598936054105,0.345268398131229,0.371919855511781,0.220161457838239,0.762555582547344,0.687942063886043,0.164411678760161,0.201836380471558,0.311381967842217,0.787358689184859,0.466801860321014,0.371919855511781,0.692335857652348,0.371919855511781,0.692335857652348,0.371919855511781,0.787358689184859,0.371919855511781,0.72613427123931,0.391846836855761,0.439340649281607,0.391846836855761,0.787358689184859,0.563056925682217,0.787358689184859,0.670789368990659,0.462573537954562,1.02525023148393,0.677918721856659,1.02437006446343,0.781461570147551,0.794488042050859,0.794488042050859,0.774332217281551,0.781461570147551,0.514168928695909,0.381689709439263,0.541985727211595,0.539274812788474,0.750497294366579,0.348384189383777,0.376940328196678,0.672496893010417,0.699729260624496,0.175290543133465,0.371620598724814,0.320658928238222,0.347201244908233,0.497414069293789,0.581596763801899,0.472505342613814,0.787358689184859,0.787358689184859,0.787358689184859,0.794488042050859,0.586539781788992,0.514084432661942,0.371919855511781,0.708530930829434,0.453845801779345,0.787358689184859,0.727366505068001,0.654488675771114,0.692511891056447,0.732084200297848,0.692300650971528,0.687336508975943,0.732084200297848,0.787358689184859,0.617169594102176,0.726979231578984,0.678517235430595,0.453845801779345,0.521467273629844,1.11520690907452,0.167932346842136,0.3650017427307,0.200498526600407,0.476839285022725,0.5239563859638,0.564429986234187,0.459894309544179,0.244647704348377,0.590623756764083,0.515154715758862
HEB_10_171,0.964571517091083,0.597858729672542,0.812112506469227,0.589328150909916,0.220971211497093,0.793424800290102,0.232300721384889,0.441907216313367,1.16331323031859,0.396458912043149,1.04363163953992,0.499808123589532,0.302140214127032,0.38209458626869,0.220971211497093,0.220971211497093,0.220971211497093,0.220971211497093,0.274886722504462,0.572985209673387,1.38029200421072,0.220971211497093,0.220971211497093,0.220971211497093,0.220971211497093,0.220971211497093,0.220971211497093,0.220971211497093,0.468731186429937,1.01069226896496,0.220971211497093,0.407531413160961,0.407531413160961,0.390885694469382,0.939476195002764,1.36413213771445,0.666089277101222,0.565996683530666,1.04795854061267,0.333474160056612,0.366593084703753,1.2034488464531,1.05075747173784,0.737822889271468,0.220971211497093,0.660878688339899,0.565996683530666,0.379436481866799,0.565996683530666,0.379436481866799,0.565996683530666,0.220971211497093,0.565996683530666,0.328738861486355,0.754915732809457,0.633417477300492,0.754915732809457,0.220971211497093,0.588141685766291,0.220971211497093,0.35788999320511,0.405274664920415,0.131440622172463,0.354457341825184,0.119998450906044,0.246760105197562,0.217538560117167,0.217538560117167,0.250192756577488,0.246760105197562,0.881462626347975,0.575766537458148,0.567070487295669,0.881219700250319,0.353101884613624,0.648081059861919,0.875202878498224,0.444093551192274,0.471325918806352,1.1720796938427,0.629069452219253,0.725975841175621,1.3968004168471,0.923854990723039,1.29109939902196,1.24538000330943,0.220971211497093,0.220971211497093,0.220971211497093,0.217538560117167,0.52712850790566,0.496921175762312,0.565996683530666,0.532937610240919,1.11265081661896,0.220971211497093,0.361657108052824,0.383837316969268,0.379612515270897,0.165696722610082,0.294905241218573,0.522305192633354,0.165696722610082,0.220971211497093,0.64225435418625,0.181715762383069,0.745850012498371,1.26051887606192,0.990156212042797,0.167932346842136,1.89255731716692,1.17167481701328,2,1.62994609857166,0.971521315884902,0.610638754810112,0.983505670035946,1.41042892299243,0.826948601766671,1.27535497135936
HEB_10_172,0.61241669219151,0.752680108577403,0.459957681569654,0.532909444896263,0.418040607385657,0.44126997539053,0.302626066322345,0.638976612201931,0.790034396927161,0.593528307931713,0.294345454993539,0.422265409084027,0.224597499621528,0.325675880255037,0.418040607385657,0.418040607385657,0.418040607385657,0.418040607385657,0.425483299710953,0.685558571594545,1.02813717931115,0.418040607385657,0.418040607385657,0.418040607385657,0.418040607385657,0.418040607385657,0.418040607385657,0.418040607385657,0.342603252393174,0.679661452557237,0.418040607385657,0.604600809049525,0.604600809049525,0.587955090357946,0.608445378595042,1.03310132130673,0.863158672989786,0.76306607941923,0.854233779401979,0.488295538961473,0.445368033037949,0.830170013061678,0.825346697789372,0.860958255438551,0.418040607385657,0.857948084228463,0.76306607941923,0.576505877755362,0.76306607941923,0.576505877755362,0.76306607941923,0.418040607385657,0.76306607941923,0.504684248883068,0.93086112020617,0.830486873189056,0.93086112020617,0.418040607385657,0.774649077408929,0.418040607385657,0.554959389093674,0.602344060808979,0.328510018061027,0.551526737713748,0.317067846794607,0.443829501086126,0.414607956005731,0.414607956005731,0.447262152466052,0.443829501086126,0.863067135619655,0.772835933346711,0.764139883184233,0.518502871104821,0.507923263518485,0.80290243876678,0.501924045106799,0.641162947080838,0.58389928072751,0.96779292838609,0.826138848107816,0.901921228572333,1.08689360893123,0.761816242250129,0.389720353334248,0.893225178409854,0.418040607385657,0.418040607385657,0.418040607385657,0.414607956005731,0.724197903794224,0.693990571650876,0.76306607941923,0.708882997637631,0.866116034178645,0.418040607385657,0.431982452990279,0.433038653414872,0.55555790266761,0.362766118498646,0.322982569172326,0.455324482373775,0.362766118498646,0.418040607385657,0.290099529286677,0.357661149779782,0.393695187598798,0.33801582188236,0.553505353175818,0.3650017427307,1.17167481701328,1.33840521891725,1.07749694582044,0.707443044392103,0.602467284191848,0.702088108239419,0.720071680802149,1.037150089601,0.453669768375247,0.652812837764094
HEB_10_173,0.997137696849354,0.630424909430813,0.844678686227498,0.621894330668187,0.253537391255364,0.825990980048373,0.26486690114316,0.474473396071638,1.06913535912575,0.42902509180142,0.949453768347081,0.532374303347803,0.324144389639378,0.414660766026961,0.253537391255364,0.253537391255364,0.253537391255364,0.253537391255364,0.307452902262733,0.605551389431658,1.41285818396899,0.253537391255364,0.253537391255364,0.253537391255364,0.253537391255364,0.253537391255364,0.253537391255364,0.253537391255364,0.437925340712653,0.916514397772121,0.253537391255364,0.440097592919232,0.440097592919232,0.423451874227653,0.845298323809926,1.26995426652161,0.698655456859493,0.598562863288937,1.02771469914131,0.239296288863774,0.399159264462024,1.10927097526027,0.977703609036851,0.696455039308259,0.253537391255364,0.69344486809817,0.598562863288937,0.412002661625069,0.598562863288937,0.412002661625069,0.598562863288937,0.253537391255364,0.598562863288937,0.297933015769072,0.724109887092174,0.665983657058763,0.724109887092174,0.253537391255364,0.589021852786784,0.253537391255364,0.390456172963381,0.437840844678686,0.164006801930734,0.387023521583455,0.152564630664315,0.258202276463981,0.250104739875438,0.250104739875438,0.261634927843907,0.258202276463981,0.787284755155138,0.608332717216418,0.589074662808014,0.83985185028711,0.385668064371895,0.68064723962019,0.781025007305386,0.466097726704619,0.38771005185944,1.07790182264987,0.661635631977524,0.737418012442041,1.30262254565426,0.95642117048131,1.32366557878023,1.2779461830677,0.253537391255364,0.253537391255364,0.253537391255364,0.250104739875438,0.559694687663931,0.529487355520583,0.598562863288937,0.438759739048082,1.01847294542612,0.253537391255364,0.394223287811095,0.353031471251984,0.306558652569911,0.198262902368353,0.327471420976844,0.49149934691607,0.198262902368353,0.253537391255364,0.653696525452669,0.21428194214134,0.778416192256642,1.16634100486908,1.02272239180107,0.200498526600407,2,1.07749694582044,1.79845351669879,1.53576822737883,0.877343444692064,0.643204934568383,0.889327798843108,1.31625105179959,0.753894739065685,1.18117710016653
HEB_10_174,0.513014149565021,0.146301362146481,0.753461696891602,0.391258885286071,0.529878149677682,0.586905931269517,0.541207659565479,0.374806803339001,0.952569559599629,0.339920503314709,1.35253857772051,0.808715061770121,0.611047152307621,0.691001524449279,0.529878149677682,0.529878149677682,0.529878149677682,0.529878149677682,0.471836415678239,0.205923876114731,0.916060231589546,0.529878149677682,0.529878149677682,0.529878149677682,0.529878149677682,0.529878149677682,0.529878149677682,0.529878149677682,0.777638124610526,0.812623003341114,0.529878149677682,0.209462147537116,0.209462147537116,0.323785281495016,0.872375782028397,0.89990036509328,0.20185750448005,0.114439316004605,0.583726767991494,0.47338903030239,0.253019853047314,0.751891478927041,0.599200104211775,0.286265521745406,0.529878149677682,0.209321320813837,0.114439316004605,0.434855318145171,0.114439316004605,0.434855318145171,0.114439316004605,0.529878149677682,0.114439316004605,0.637645799666944,0.303358365283396,0.18186010977443,0.303358365283396,0.529878149677682,0.504142065998443,0.529878149677682,0.0753246936138602,0.194530994201459,0.440347560353052,0.0718920422339344,0.428905389086633,0.555667043378151,0.526445498297756,0.526445498297756,0.559099694758077,0.555667043378151,0.860835032055682,0.181243992860085,0.362664019124269,1.00001056200425,0.649334417699102,0.190186489788302,0.964420128363558,0.49317518492309,0.780232856986941,0.707847921221531,0.171174882145636,0.261744068554448,1.01706467819333,0.459623218101867,1.22611138689678,0.929016290131215,0.529878149677682,0.529878149677682,0.529878149677682,0.526445498297756,0.329059242281815,0.256603893154765,0.114439316004605,0.841844548421508,1.07723641638237,0.529878149677682,0.586068012266007,0.692744255149857,0.688519453451487,0.474603660790671,0.603812179399163,0.831212130813943,0.474603660790671,0.529878149677682,0.951161292366839,0.490622700563659,1.05475695067896,1.56942581424251,0.990652626242355,0.476839285022725,1.62994609857166,0.707443044392103,1.53576822737883,1.76892878065332,1.16002140566194,0.412569489186268,0.933304463855061,0.946197150371255,1.13585553994726,1.57158750444484
HEB_10_175,0.674200896362093,0.307488108943553,0.856768660421001,0.438375986227146,0.576995250618757,0.638247833908962,0.588324760506553,0.451497516168668,0.94053943676352,0.41449881529519,1.01519872410989,0.517848026841573,0.658164253248696,0.484630523488137,0.576995250618757,0.576995250618757,0.576995250618757,0.576995250618757,0.521065917468498,0.240366571960695,0.266085052299524,0.576995250618757,0.576995250618757,0.576995250618757,0.576995250618757,0.576995250618757,0.576995250618757,0.576995250618757,0.822220344532578,0.851290500885448,0.576995250618757,0.256579248478191,0.256579248478191,0.427092245024416,0.967233142161056,1.00193988811317,0.312346630896679,0.275626062801677,0.689991092709752,0.512056527846724,0.300136953988388,0.904628622327373,0.751937247612106,0.443227466844108,0.576995250618757,0.370508067610909,0.275626062801677,0.596042064942243,0.275626062801677,0.596042064942243,0.275626062801677,0.576995250618757,0.275626062801677,0.676313297211278,0.456095508683728,0.343046856571503,0.456095508683728,0.576995250618757,0.554216528128377,0.576995250618757,0.152015406443527,0.247985297690089,0.487464661294127,0.148582755063601,0.476022490027707,0.602784144319226,0.573562599238831,0.573562599238831,0.606216795699152,0.602784144319226,0.962874555075571,0.285395916729158,0.384432309875122,1.12528649436517,0.645753898259733,0.326024426395152,1.00731242760626,0.629013121529941,0.818900354531276,0.809887444241419,0.307012818752486,0.363783591574337,0.443135929473977,0.18988019166517,0.647535356309213,0.226231089611564,0.576995250618757,0.576995250618757,0.576995250618757,0.573562599238831,0.490245989078887,0.417790639951837,0.275626062801677,0.774892003506585,1.09900470713322,0.576995250618757,0.633185113207082,0.731411752694191,0.727186950995821,0.521720761731746,0.650929280340237,0.874104430056647,0.521720761731746,0.576995250618757,0.998278393307914,0.537739801504733,0.447029788372641,1.05886909099871,0.551917531870847,0.5239563859638,0.971521315884902,0.602467284191848,0.877343444692064,1.16002140566194,1.24153927309453,0.354066547668085,1.02647190330837,1.04823667339114,1.17452303749159,1.20467403894563
HEB_10_176,0.55835683379278,0.698620250178674,0.536866675820403,0.73233768839975,0.617468850889144,0.632248615497276,0.502054309825832,0.753908821738013,0.588106479085471,0.623964483500389,0.324781630562215,0.547759622866035,0.402901734633164,0.577914144988153,0.617468850889144,0.617468850889144,0.617468850889144,0.617468850889144,0.413671458295926,0.758242764146924,0.74171322750205,0.617468850889144,0.617468850889144,0.617468850889144,0.617468850889144,0.617468850889144,0.617468850889144,0.617468850889144,0.408950242397997,0.604477585666656,0.617468850889144,0.804029052553012,0.804029052553012,0.664864084608695,0.410742262451723,0.577685301562824,0.682354763639948,0.7090062210205,0.557247823346958,0.413111672070892,0.644796276541436,0.50149804426888,0.538922745980277,0.648468333350936,0.617468850889144,0.803888225829733,0.7090062210205,0.522446019356633,0.7090062210205,0.522446019356633,0.7090062210205,0.617468850889144,0.7090062210205,0.556244432943595,0.72893320236448,0.776427014790326,0.72893320236448,0.617468850889144,0.642430387590349,0.617468850889144,0.669891598629756,0.789097899217355,0.527938261564514,0.66645894724983,0.516496090298095,0.60100972760591,0.614036199509218,0.614036199509218,0.604442378985836,0.60100972760591,0.407651115875748,0.718776074947982,0.879072092720314,0.369384974492759,0.580607456070864,0.685470554892496,0.418290574819477,0.502607054714702,0.529839422328781,0.512376908642184,0.708706964233533,0.657745293746941,0.483609529744364,0.528202311670662,0.411706925506184,0.712421269060016,0.617468850889144,0.617468850889144,0.617468850889144,0.614036199509218,0.670138045395494,0.639930713252146,0.7090062210205,0.528079088287793,0.368451997451036,0.617468850889144,0.631410696493766,0.484598837475399,0.522622052760731,0.562194362002133,0.522410812675813,0.517446670680228,0.562194362002133,0.617468850889144,0.447279755806461,0.557089393283269,0.593123431102286,0.368451997451036,0.478321486285237,0.564429986234187,0.610638754810112,0.702088108239419,0.643204934568383,0.412569489186268,0.354066547668085,1.03433065689754,0.543492573150681,0.581734069857096,0.420733918468368,0.39173769614522
HEB_10_182,0.749557275988691,0.477902526783482,0.806225949436165,0.574991990480113,0.512933174199136,0.7220538169323,0.524262684086932,0.524741494946081,0.960973394311304,0.4454947770889,0.845516605231008,0.411537933438249,0.520168147107595,0.420568447068515,0.512933174199136,0.512933174199136,0.512933174199136,0.512933174199136,0.361945802835546,0.42134299404655,0.383689448909825,0.512933174199136,0.512933174199136,0.512933174199136,0.512933174199136,0.512933174199136,0.512933174199136,0.512933174199136,0.758158268112957,0.977344500892489,0.512933174199136,0.446005273960787,0.446005273960787,0.486394378197206,0.963163249858293,1.05617225924791,0.429951027506979,0.456602484887532,0.744223463844499,0.511366476902657,0.436752958241356,0.979985001953971,0.880103648468333,0.624203888929963,0.512933174199136,0.551484489696765,0.456602484887532,0.523530385125881,0.456602484887532,0.523530385125881,0.456602484887532,0.512933174199136,0.456602484887532,0.612251220791657,0.637071930769583,0.524023278657358,0.637071930769583,0.512933174199136,0.546344314297081,0.512933174199136,0.332991828529382,0.437411323172685,0.423402584874506,0.329559177149456,0.411960413608086,0.538722067899604,0.50950052281921,0.50950052281921,0.54215471927953,0.538722067899604,0.858676862521432,0.434686326077236,0.54217232261994,0.947154772089552,0.486633783626781,0.433066818759527,0.943250351186641,0.524815428975802,0.754838278111654,0.927491840851719,0.456303228100564,0.481387988184638,0.497368300608723,0.244112562799916,0.571221354964317,0.322711477730014,0.512933174199136,0.512933174199136,0.512933174199136,0.50950052281921,0.544478360213634,0.493147019578435,0.456602484887532,0.710829927086964,1.01593102307094,0.512933174199136,0.600809049525238,0.582853642307164,0.663124874576199,0.457658685312124,0.481247161461358,0.757232332407397,0.457658685312124,0.512933174199136,0.828596274429035,0.45255371659326,0.38296771195302,0.889186972119829,0.384347813841154,0.459894309544179,0.983505670035946,0.720071680802149,0.889327798843108,0.933304463855061,1.02647190330837,0.543492573150681,1.11198882417964,1.06022102754219,1.00484091861272,0.971619894591197
HEB_10_184,1.04128687459732,0.674574087178783,0.888827863975468,0.666043508416157,0.297686569003334,0.870140157796343,0.30901607889113,0.518622573819608,1.24002858782483,0.473174269549389,0.744339645891204,0.23853934522615,0.378855571633273,0.205321841872713,0.297686569003334,0.297686569003334,0.297686569003334,0.297686569003334,0.347377278312332,0.565204533212222,0.696543056010308,0.297686569003334,0.297686569003334,0.297686569003334,0.297686569003334,0.297686569003334,0.297686569003334,0.297686569003334,0.545446543936177,1.0874076264712,0.297686569003334,0.484246770667201,0.484246770667201,0.467601051975623,1.016191552509,1.44084749522069,0.742804634607463,0.642712041036907,1.12467389811891,0.410189517562852,0.443308442209993,1.28016420395934,1.12747282924408,0.814538246777708,0.297686569003334,0.737594045846139,0.642712041036907,0.456151839373039,0.642712041036907,0.456151839373039,0.642712041036907,0.297686569003334,0.642712041036907,0.405454218992596,0.831631090315698,0.710132834806733,0.831631090315698,0.297686569003334,0.664857043272531,0.297686569003334,0.434605350711351,0.481990022426655,0.208155979678704,0.431172699331425,0.196713808412284,0.323475462703802,0.294253917623408,0.294253917623408,0.326908114083728,0.323475462703802,0.958177983854216,0.652481894964388,0.643785844801909,0.95793505775656,0.429817242119864,0.724796417368159,0.951918236004464,0.520808908698514,0.548041276312593,1.24879505134894,0.705784809725493,0.802691198681861,0.797547502614096,0.620338195375954,0.712970493280804,0.561631055109017,0.297686569003334,0.297686569003334,0.297686569003334,0.294253917623408,0.6038438654119,0.573636533268553,0.642712041036907,0.504032925287902,1.08374613166594,0.297686569003334,0.438372465559064,0.460552674475508,0.456327872777138,0.242412080116323,0.371620598724814,0.599020550139594,0.242412080116323,0.297686569003334,0.718969711692491,0.25843111988931,0.167721106757218,0.788010012780025,0.5176473487609,0.244647704348377,1.41042892299243,1.037150089601,1.31625105179959,0.946197150371255,1.04823667339114,0.581734069857096,1.06022102754219,1.43550443613268,0.903663959272911,0.997186986202502
HEB_10_187,0.626798621306379,0.260085833887838,0.86724616863296,0.505043357027429,0.64366262141904,0.700690403010875,0.654992131306836,0.488591275080359,0.910036368501286,0.396670152128068,1.04806768132321,0.584515397641856,0.724831624048979,0.55129789428842,0.64366262141904,0.64366262141904,0.64366262141904,0.64366262141904,0.482113245809524,0.235212313888683,0.155310751768255,0.64366262141904,0.64366262141904,0.64366262141904,0.64366262141904,0.64366262141904,0.64366262141904,0.64366262141904,0.870298587860032,0.884159458098768,0.64366262141904,0.323246619278474,0.323246619278474,0.437569753236374,0.943912236786052,0.857367173994937,0.20157233036541,0.228223787745962,0.562317585385002,0.544925485060045,0.366804324788671,0.823427933684696,0.67073655896943,0.357801976503061,0.64366262141904,0.323105792555195,0.228223787745962,0.548639789886529,0.228223787745962,0.548639789886529,0.228223787745962,0.64366262141904,0.228223787745962,0.709182254424599,0.374894820041051,0.295644581515788,0.374894820041051,0.64366262141904,0.482732883391952,0.64366262141904,0.189109165355218,0.308315465942817,0.55413203209441,0.185676513975292,0.542689860827991,0.627203498135806,0.640229970039114,0.640229970039114,0.630636149515732,0.627203498135806,0.81830184095734,0.237993641673444,0.398289659445776,1.09267102525375,0.649049243584462,0.246936138601661,1.03595658312121,0.528800825244598,0.851769311744596,0.665314730123188,0.227924530958995,0.219210877456106,0.298563215355745,0.0791058911339014,0.628016772462742,0.168266810309924,0.64366262141904,0.64366262141904,0.64366262141904,0.640229970039114,0.442843714023173,0.370388364896122,0.228223787745962,0.807760960719906,0.986118005752771,0.64366262141904,0.699852484007365,0.764280709907511,0.760055908209141,0.588388132532029,0.71759665114052,0.923872594063449,0.588388132532029,0.64366262141904,1.0649457641082,0.604407172305016,0.513697159172924,1.09173804821203,0.441143231339579,0.590623756764083,0.826948601766671,0.453669768375247,0.753894739065685,1.13585553994726,1.17452303749159,0.420733918468368,1.00484091861272,0.903663959272911,1.25668070713042,1.1741709706834
HEB_10_190,0.551329580301157,0.184616792882617,0.791777127627738,0.429574316022208,0.568193580413819,0.625221362005654,0.579523090301615,0.413122234075138,1.00355939543088,0.384573136598401,1.18510616574601,0.671701222023891,0.649362583043758,0.596235701686752,0.568193580413819,0.568193580413819,0.568193580413819,0.568193580413819,0.514376648112745,0.189316884772054,0.561469104377246,0.568193580413819,0.568193580413819,0.568193580413819,0.568193580413819,0.568193580413819,0.568193580413819,0.568193580413819,0.815953555346662,0.85093843407725,0.568193580413819,0.247777578273253,0.247777578273253,0.362100712231153,0.910691212764534,0.950890200924527,0.252847340311297,0.152754746740741,0.634716603822741,0.511704461038526,0.29133528378345,0.790206909663178,0.637515534947911,0.324580952481543,0.568193580413819,0.247636751549974,0.152754746740741,0.473170748881307,0.152754746740741,0.473170748881307,0.152754746740741,0.568193580413819,0.152754746740741,0.675961230403081,0.341673796019532,0.220175540510567,0.341673796019532,0.568193580413819,0.555131901829691,0.568193580413819,0.113640124349997,0.232846424937596,0.478662991089189,0.110207472970071,0.467220819822769,0.593982474114288,0.564760929033893,0.564760929033893,0.597415125494213,0.593982474114288,0.91182486788693,0.225896626143777,0.40731665240796,1.03832599274038,0.700324253530349,0.234839123071994,1.00273555909969,0.537827818206782,0.818548287723078,0.758837757052778,0.215827515429328,0.312733904385696,0.717395973059847,0.30782257241134,0.917993078366551,0.574425162918915,0.568193580413819,0.568193580413819,0.568193580413819,0.564760929033893,0.367374673017951,0.294919323890901,0.152754746740741,0.827349957928016,1.06907902843644,0.568193580413819,0.624383443002144,0.731059685885993,0.726834884187623,0.512919091526808,0.642127610135299,0.869527561550079,0.512919091526808,0.568193580413819,0.989476723102975,0.528938131299795,0.740301439601178,1.30778032439436,0.741681541489313,0.515154715758862,1.27535497135936,0.652812837764094,1.18117710016653,1.57158750444484,1.20467403894563,0.39173769614522,0.971619894591197,0.997186986202502,1.1741709706834,1.40005778768592
