HEB_01_001,1.43121815655396,0.989529256489221,1.0849098108227,1.02446106467224,0.274879014518257,0.946502419709635,0.283501979762428,0.498196216454025,0.922305323361196,0.429124505059392,0.552045754509458,0.34245490541135,0.41935767707875,0.182490101187857,0.274879014518257,0.274879014518257,0.274879014518257,0.274879014518257,0.346150461944566,0.542278926528816,0.547118345798504,0.274879014518257,0.274879014518257,0.274879014518257,0.274879014518257,0.274879014518257,0.274879014518257,0.274879014518257,0.676550813902331,1.10637923449186,0.274879014518257,0.799120105587329,0.799120105587329,0.616278046634403,1.0379234491861,1.03757149142103,0.931104267487901,0.957677078750549,1.18618565772107,0.534887813462384,0.875318961724593,1.34148702155741,1.23106027276727,0.960404751429828,0.274879014518257,0.756885173779146,0.957677078750549,0.433435987681478,0.957677078750549,0.433435987681478,0.957677078750549,0.274879014518257,0.957677078750549,0.255697316322041,0.766212054553453,0.813902331720193,0.766212054553453,0.274879014518257,0.493972723273207,0.274879014518257,0.791728992520897,0.844610646722393,0.227540695116586,0.788297404311482,0.21610206775187,0.258424989001319,0.271447426308842,0.271447426308842,0.261856577210734,0.258424989001319,0.509634843818741,0.904091509018917,0.57853057633084,0.766124065112186,0.280334359876814,0.97641882974043,0.965596128464584,0.413638363396392,0.250417949846018,1.14122305323361,0.915178178618565,0.906291245050594,0.711130664320281,0.935415750109986,0.917377914650242,0.64320281566212,0.274879014518257,0.274879014518257,0.274879014518257,0.271447426308842,0.581082270127584,0.719753629564452,0.957677078750549,0.185305763308403,0.701803783545974,0.274879014518257,0.415574131104267,0.437483501979762,0.264320281566212,0.388561372635283,0.51772987241531,0.428244610646722,0.388561372635283,0.274879014518257,0.738407391113066,0.404575450945886,0.145094588649362,0.596216454025517,0.411966564012318,0.221821381434228,0.965068191816981,0.612846458424989,0.997624285085789,0.515354157501099,0.667135943686757,0.558732952045754,0.747558293004839,1.04161900571931,0.627188737351517,0.553541575010998
HEB_01_003,0.989529256489221,1.14934162641435,0.591289045314562,0.889837219533655,0.414782226132864,0.473999120105587,0.317817861856577,0.638099428068631,0.428684557853057,0.526792784865816,0.0584249890013197,0.313418389793224,0.221381434227892,0.322393312802463,0.414782226132864,0.414782226132864,0.414782226132864,0.414782226132864,0.31711394632644,0.682182138143422,0.68702155741311,0.414782226132864,0.414782226132864,0.414782226132864,0.414782226132864,0.414782226132864,0.414782226132864,0.414782226132864,0.510250769907611,0.781698196216454,0.414782226132864,0.939023317201935,0.939023317201935,0.75618125824901,0.71324241091069,0.712890453145622,1.07100747910251,1.09758029036516,0.967091948966123,0.52696876374835,0.793488781346238,0.890101187857457,0.948614166300043,1.04751429828421,0.414782226132864,0.896788385393752,1.09758029036516,0.573339199296084,1.09758029036516,0.573339199296084,1.09758029036516,0.414782226132864,1.09758029036516,0.395600527936647,0.906115266168059,0.953805543334799,0.906115266168059,0.414782226132864,0.633875934887813,0.414782226132864,0.88939727232732,0.942278926528816,0.325208974923009,0.885965684117906,0.313770347558293,0.398328200615926,0.411350637923449,0.411350637923449,0.40175978882534,0.398328200615926,0.47003959524857,1.04399472063352,0.718433787945446,0.399208095028596,0.388561372635283,1.07408710954685,0.598680158380994,0.553541575010998,0.337527496700396,0.922129344478662,1.05508139023317,1.0461944566652,0.787681478222613,0.885261768587769,0.423757149142103,0.783106027276726,0.414782226132864,0.414782226132864,0.414782226132864,0.411350637923449,0.72098548174219,0.859656841179058,1.09758029036516,0.325208974923009,0.440475142982842,0.414782226132864,0.428772547294324,0.471799384073911,0.404223493180818,0.52846458424989,0.509810822701275,0.335855697316322,0.52846458424989,0.414782226132864,0.371491421029476,0.523361196656401,0.284997800263968,0.102595688517378,0.435723713154421,0.361724593048834,0.598152221733391,0.752749670039595,0.630708315002199,0.14843818741751,0.300219973603167,0.69863616366036,0.475670919489661,0.674703035635723,0.260272767267927,0.186625604927408
HEB_01_004,1.0849098108227,0.591289045314562,1.13399060411566,0.752925648922129,0.510162780466344,0.928376594808623,0.518785745710514,0.543422789265288,0.904179498460185,0.484909810822701,0.787329520457545,0.577738671359436,0.654641443026836,0.417773867135943,0.510162780466344,0.510162780466344,0.510162780466344,0.510162780466344,0.528640563132424,0.439683238011438,0.402287725472943,0.510162780466344,0.510162780466344,0.510162780466344,0.510162780466344,0.510162780466344,0.510162780466344,0.510162780466344,0.679542454905411,0.834843818741751,0.510162780466344,0.527584689837219,0.527584689837219,0.534799824021117,0.829740431148262,0.871623405191377,0.532864056313242,0.55943686757589,0.787945446546414,0.453409590849098,0.646018477782666,0.985481742190937,0.832820061592608,0.562164540255169,0.510162780466344,0.590937087549494,0.55943686757589,0.542014958205015,0.55943686757589,0.542014958205015,0.55943686757589,0.510162780466344,0.55943686757589,0.469863616366036,0.558029036515618,0.605719313682358,0.558029036515618,0.510162780466344,0.507523097228332,0.510162780466344,0.477958644962604,0.562516498020237,0.462824461064672,0.474527056753189,0.451385833699956,0.493708754949406,0.506731192256929,0.506731192256929,0.497140343158821,0.493708754949406,0.586537615486141,0.537527496700395,0.539287285525736,0.906379234491861,0.515618125824901,0.578178618565772,0.841882974043115,0.522217333919929,0.485701715794104,0.742982842058952,0.559172899252089,0.508051033875935,0.376242850857897,0.537175538935327,0.846458424989001,0.413902331720193,0.510162780466344,0.510162780466344,0.510162780466344,0.506731192256929,0.562956445226572,0.553805543334799,0.55943686757589,0.420589529256489,0.768147822261328,0.510162780466344,0.60862296524417,0.503827540695116,0.415134183897932,0.454905411350638,0.584073911130664,0.663528376594808,0.454905411350638,0.510162780466344,0.889221293444786,0.47091948966124,0.380378354597448,0.831500219973603,0.499428068631764,0.457105147382314,0.820237571491421,0.468015838099428,0.852793664760228,0.750637923449186,0.849626044874614,0.540607127144742,0.803343598768147,0.896788385393752,0.862472503299604,0.788825340959084
HEB_01_005,1.02446106467224,0.889837219533655,0.752925648922129,1.11453715344406,0.449714034315882,0.772899252089749,0.405543334799824,0.588561372635283,0.738143422789265,0.477254729432468,0.367883853937527,0.432820061592609,0.414694236691597,0.367883853937527,0.449714034315882,0.449714034315882,0.449714034315882,0.449714034315882,0.330928288605367,0.548174219093708,0.46854377474703,0.449714034315882,0.449714034315882,0.449714034315882,0.449714034315882,0.449714034315882,0.449714034315882,0.449714034315882,0.671887373515178,1.0066871975363,0.449714034315882,0.973955125384953,0.973955125384953,0.664408271007479,0.811526616805983,0.684469863616366,0.852529696436427,0.879102507699076,0.896436427628684,0.635811702595688,0.934007919049714,0.925032996040475,0.909634843818741,0.850153981522217,0.449714034315882,0.678310602727672,0.879102507699076,0.354861416630004,0.879102507699076,0.354861416630004,0.879102507699076,0.449714034315882,0.879102507699076,0.430532336119665,0.687637483501979,0.735327760668719,0.687637483501979,0.449714034315882,0.542102947646282,0.449714034315882,0.860976682798064,0.956093268807743,0.381258249010118,0.857545094588649,0.369819621645402,0.433260008798944,0.446282446106467,0.446282446106467,0.436691597008359,0.433260008798944,0.32547294324681,0.888869335679718,0.753365596128464,0.455257369115706,0.434051913770347,0.876726792784865,0.844786625604927,0.335063792344918,0.393576770787505,0.851473823141223,0.836603607567092,0.82771667399912,0.611438627364716,0.751253849538055,0.627628684557853,0.68077430708315,0.449714034315882,0.449714034315882,0.449714034315882,0.446282446106467,0.50250769907611,0.641179058512978,0.879102507699076,0.360140783106027,0.390937087549494,0.449714034315882,0.527056753189617,0.548966124065112,0.439155301363836,0.563396392432908,0.608095028596568,0.476374835019797,0.563396392432908,0.449714034315882,0.617597888253409,0.568851737791465,0.319929608446986,0.412054553453585,0.280598328200616,0.396656401231852,0.590849098108227,0.534271887373515,0.623405191377034,0.394544654641443,0.440739111306643,0.733567971843378,0.573955125384954,0.667399912010558,0.506379234491861,0.432732072151341
HEB_01_013,0.274879014518257,0.414782226132864,0.510162780466344,0.449714034315882,0.947925626943691,0.350637923449186,0.722393312802463,0.683677958644962,0.305323361196656,0.593488781346238,0.441882974043114,0.739111306643202,0.625956885173779,0.748086229652441,0.840475142982842,0.840475142982842,0.840475142982842,0.840475142982842,0.637219533655961,0.432116146062472,0.352485701715794,0.840475142982842,0.840475142982842,0.840475142982842,0.840475142982842,0.840475142982842,0.840475142982842,0.840475142982842,0.629740431148262,0.320457545094588,0.840475142982842,0.520017597888253,0.520017597888253,0.632820061592609,0.378706555213374,0.29388473383194,0.398592168939727,0.425164980202375,0.273559172899252,0.466959964804223,0.448394192696876,0.217685877694677,0.255081390233172,0.364540255169379,0.840475142982842,0.520017597888253,0.425164980202375,0.745622525296964,0.425164980202375,0.745622525296964,0.425164980202375,0.840475142982842,0.425164980202375,0.779058512978442,0.444874615046194,0.492564892212934,0.444874615046194,0.840475142982842,0.616102067751869,0.840475142982842,0.385921689397272,0.502155741311042,0.750901891772987,0.382490101187857,0.73946326440827,0.824021117465903,0.837043554773427,0.837043554773427,0.827452705675318,0.824021117465903,0.568411790585129,0.434931808183018,0.595072591289045,0.592608886933568,0.803695556533215,0.401671799384073,0.43308402991641,0.725824901011878,0.752661680598328,0.22859656841179,0.424901011878574,0.373779146502419,0.22085349758029,0.191728992520897,0.27927848658161,0.364100307963044,0.840475142982842,0.840475142982842,0.840475142982842,0.837043554773427,0.639859216893972,0.567355917289925,0.425164980202375,0.750901891772987,0.507171139463264,0.840475142982842,0.769995600527936,0.707435107787065,0.74544654641443,0.785217773867135,0.74544654641443,0.740431148262208,0.785217773867135,0.840475142982842,0.670479542454905,0.780114386273647,0.710690717113946,0.486053673559173,0.555213374395072,0.787417509898812,0.221381434227892,0.418213814342279,0.2539375274967,0.531896172459304,0.578090629124505,0.617509898812142,0.510690717113946,0.297932248130224,0.643730752309722,0.570083589969203
HEB_01_021,0.946502419709635,0.473999120105587,0.928376594808623,0.772899252089749,0.350637923449186,1.77542513068219,0.992784865816102,0.489485261768587,1.46264848218214,0.948350197976243,1.53585569731632,0.650505939287285,1.4242850857897,0.722833260008798,0.350637923449186,0.350637923449186,0.350637923449186,0.350637923449186,1.09766827980642,1.33603167619886,0.960756709194896,0.350637923449186,0.350637923449186,0.350637923449186,0.350637923449186,0.350637923449186,0.350637923449186,0.350637923449186,0.456665200175979,0.844258688957324,0.350637923449186,0.536999560052793,0.536999560052793,0.396392432908051,0.649098108227012,0.817685877694676,0.415574131104267,0.442146942366916,0.670655521337439,0.969643642762868,1.0144302683678,0.84707435107787,0.704971403431588,0.444874615046194,0.350637923449186,0.536999560052793,0.442146942366916,0.255785305763308,0.442146942366916,0.255785305763308,0.442146942366916,0.350637923449186,0.442146942366916,0.289221293444786,0.461856577210734,0.509546854377474,0.461856577210734,0.350637923449186,0.379674439067312,0.350637923449186,1.07866256049274,0.582490101187857,0.852353717553893,1.09634843818742,0.925384953805543,0.355301363836339,0.368323801143862,0.368323801143862,0.337615486141663,0.355301363836339,0.331984161900572,0.451913770347558,0.612054553453585,0.651825780906291,0.356093268807743,0.460888693356797,0.703475582930048,0.235987681478222,0.326176858776946,0.625692916849978,0.441882974043114,0.39076110866696,0.670743510778706,1.32793664760229,1.62666080070391,0.676726792784865,0.350637923449186,0.350637923449186,0.350637923449186,0.368323801143862,0.403431588209414,0.37316322041355,0.442146942366916,0.282182138143422,0.524153101627804,0.350637923449186,0.512450505939287,0.344302683677958,0.255609326880774,0.29538055433348,0.424549054113506,0.50400351957765,0.29538055433348,0.350637923449186,0.729696436427628,0.311394632644082,0.685437747470303,1.15767707875055,0.688341399032116,0.656577210734711,0.787417509898811,0.435195776506819,0.819973603167619,0.591113066432028,0.637307523097228,0.634491860976682,0.71772987241531,0.863968323801143,0.702947646282446,0.629300483941926
HEB_01_022,0.283501979762428,0.317817861856577,0.518785745710514,0.405543334799824,0.722393312802463,0.992784865816102,1.27850195196189,0.565596128464584,0.662384513858337,0.728816542014958,1.08402991641003,0.747734271887373,1.20475142982842,0.946766388033435,0.722393312802463,0.722393312802463,0.722393312802463,0.722393312802463,1.02595688517378,0.926440827100747,0.698988121425429,0.722393312802463,0.722393312802463,0.722393312802463,0.722393312802463,0.722393312802463,0.722393312802463,0.722393312802463,0.575010998680158,0.329080510338759,0.722393312802463,0.401935767707875,0.401935767707875,0.51473823141223,0.387329520457545,0.302507699076111,0.280510338759348,0.307083150021997,0.155477342718874,0.750109986801583,0.562604487461504,0.226308842938847,0.200351957765068,0.309810822701275,0.722393312802463,0.401935767707875,0.307083150021997,0.627540695116586,0.307083150021997,0.627540695116586,0.307083150021997,0.722393312802463,0.307083150021997,0.660976682798064,0.326792784865816,0.374483062032556,0.326792784865816,0.722393312802463,0.498020237571491,0.722393312802463,0.605719313682358,0.405191377034755,0.907347118345798,0.623405191377034,0.959260888693356,0.727056753189617,0.74007919049714,0.74007919049714,0.70937087549494,0.727056753189617,0.513682358117026,0.316849978002639,0.476990761108667,0.601231852177738,0.685613726352837,0.283589969203695,0.44170699516058,0.6077430708315,0.697932248130224,0.237219533655961,0.306819181698196,0.255697316322041,0.419533655961284,0.707171139463264,0.921425428948526,0.457193136823581,0.722393312802463,0.722393312802463,0.722393312802463,0.74007919049714,0.521777386713594,0.449274087109546,0.307083150021997,0.6539375274967,0.515794104707435,0.722393312802463,0.673031236251649,0.589353277606687,0.627364716234052,0.667135943686757,0.627364716234051,0.685701715794104,0.667135943686757,0.722393312802463,0.679102507699076,0.662032556093268,1.03607567091949,0.959260888693356,0.880598328200615,0.796040475142982,0.230004399472063,0.3001319841619,0.262560492740871,0.540519137703475,0.586713594368675,0.499428068631764,0.519313682358117,0.306555213374395,0.652353717553893,0.578706555213374
HEB_01_023,0.498196216454025,0.638099428068631,0.543422789265288,0.588561372635283,0.683677958644962,0.489485261768587,0.565596128464584,0.91854694633759,0.444170699516058,0.605631324241091,0.285085789705235,0.582314122305323,0.469159700835899,0.591289045314562,0.683677958644962,0.683677958644962,0.683677958644962,0.683677958644962,0.501539815222173,0.65543334799824,0.575802903651561,0.683677958644962,0.683677958644962,0.683677958644962,0.683677958644962,0.683677958644962,0.683677958644962,0.683677958644962,0.472943246810382,0.45930488341399,0.683677958644962,0.658864936207655,0.658864936207655,0.666080070391553,0.411966564012318,0.517201935767707,0.621909370875494,0.648482182138143,0.496876374835019,0.39463264408271,0.502771667399912,0.441003079630444,0.478398592168939,0.587857457105147,0.683677958644962,0.743334799824021,0.648482182138143,0.67329520457545,0.648482182138143,0.67329520457545,0.648482182138143,0.683677958644962,0.648482182138143,0.622261328640563,0.668191816981962,0.715882094148702,0.668191816981962,0.683677958644962,0.649362076550813,0.683677958644962,0.60923889133304,0.641003079630444,0.594104707435107,0.605807303123625,0.582666080070391,0.667223933128024,0.680246370435547,0.680246370435547,0.670655521337439,0.667223933128024,0.559436867575891,0.658249010118785,0.733919929608446,0.520281566212054,0.646898372195336,0.624989001319841,0.381874175098988,0.653497580290365,0.595864496260448,0.451913770347558,0.648218213814342,0.597096348438187,0.359700835899692,0.415046194456665,0.291421029476462,0.524065112186537,0.683677958644962,0.683677958644962,0.683677958644962,0.680246370435547,0.736471623405191,0.685085789705235,0.648482182138143,0.594104707435107,0.519313682358117,0.683677958644962,0.697668279806423,0.550637923449186,0.58864936207655,0.628420589529256,0.58864936207655,0.583633963924329,0.628420589529256,0.683677958644962,0.513682358117026,0.623317201935767,0.553893532776066,0.329256489221293,0.525120985481742,0.630620325560932,0.44469863616366,0.641531016278046,0.477254729432468,0.375098988121425,0.442410910690717,0.756357237131544,0.522833260008799,0.521249450065992,0.486933567971843,0.413286405631324
HEB_01_025,0.922305323361196,0.428684557853057,0.904179498460185,0.738143422789265,0.305323361196656,1.46264848218214,0.662384513858337,0.444170699516058,1.59610930986568,0.712978442586889,1.36383633963924,0.584073911130664,0.956621205455345,0.455785305763308,0.305323361196656,0.305323361196656,0.305323361196656,0.305323361196656,0.798944126704795,0.847250329960404,0.704267487901451,0.305323361196656,0.305323361196656,0.305323361196656,0.305323361196656,0.305323361196656,0.305323361196656,0.305323361196656,0.559172899252089,1.09458864936208,0.305323361196656,0.491684997800264,0.491684997800264,0.351077870655521,0.899428068631763,1.19472063352398,0.496964364276287,0.396832380114386,0.878750549934007,0.913770347558293,0.821293444786625,1.11852177738671,0.923625164980202,0.568499780026396,0.305323361196656,0.491684997800264,0.396832380114386,0.210470743510779,0.396832380114386,0.210470743510779,0.396832380114386,0.305323361196656,0.396832380114386,0.412846458424989,0.585481742190937,0.464232292124945,0.585481742190937,0.305323361196656,0.545534535855697,0.305323361196656,0.737703475582929,0.526616805983282,0.564188297404311,0.74483062032556,0.584425868895732,0.341663000439947,0.312450505939287,0.312450505939287,0.334535855697316,0.341663000439947,0.709018917729872,0.469951605807303,0.651209854817422,0.775450945886493,0.437483501979762,0.478926528816542,0.953805543334799,0.275142982842059,0.555389353277606,1.00272767267928,0.459920809502859,0.556621205455345,0.836603607567091,0.986977562692476,1.22234931808183,0.610294764628244,0.305323361196656,0.305323361196656,0.305323361196656,0.312450505939287,0.358117025956885,0.327848658161021,0.396832380114386,0.521953365596128,0.83783545974483,0.305323361196656,0.456577210734712,0.467927848658161,0.463704355477342,0.25006599208095,0.379234491860976,0.606511218653761,0.25006599208095,0.305323361196656,0.726616805983282,0.266080070391553,0.428948526176858,1.21794984601848,0.569115706115266,0.389529256489221,1.16445226572811,0.791113066432028,1.07030356357237,0.947030356357237,0.950989881214254,0.589177298724153,0.968059832820061,1.24100307963044,0.911042674879014,1.00633523977123
HEB_01_030,0.429124505059392,0.526792784865816,0.484909810822701,0.477254729432468,0.593488781346238,0.948350197976243,0.728816542014958,0.605631324241091,0.712978442586889,1.17991133461259,0.786185657721073,0.78776946766388,0.970259568851738,0.775626924769027,0.593488781346238,0.593488781346238,0.593488781346238,0.593488781346238,1.08710954685438,1.00871095468544,0.739023317201935,0.593488781346238,0.593488781346238,0.593488781346238,0.593488781346238,0.593488781346238,0.593488781346238,0.593488781346238,0.382754069511658,0.326880774307083,0.593488781346238,0.526440827100748,0.526440827100748,0.565332160140783,0.311218653761548,0.469247690277166,0.573955125384953,0.537175538935327,0.448922129344478,0.853497580290365,0.8771667399912,0.329696436427628,0.367091948966124,0.476550813902331,0.593488781346238,0.632028156621205,0.537175538935327,0.604223493180818,0.537175538935327,0.604223493180818,0.537175538935327,0.593488781346238,0.537175538935327,0.532072151341838,0.556885173779146,0.604575450945886,0.556885173779146,0.593488781346238,0.611966564012318,0.593488781346238,1.00475142982842,0.561372635283766,1.03185217773867,1.00131984161901,1.08376594808623,0.5770347558293,0.590057193136823,0.590057193136823,0.580466344038715,0.5770347558293,0.522041355037395,0.54694236691597,0.633172019357677,0.419533655961284,0.620061592608886,0.545358556973163,0.291684997800264,0.616102067751869,0.505675318961724,0.403959524857017,0.568587769467663,0.549142102947646,0.628508578970523,0.958380994280687,0.834755829300484,0.676726792784865,0.593488781346238,0.593488781346238,0.593488781346238,0.590057193136823,0.625164980202375,0.573779146502419,0.537175538935327,0.503915530136383,0.439683238011438,0.593488781346238,0.565244170699516,0.460448746150462,0.498460184777826,0.538231412230532,0.498460184777826,0.493444786625604,0.538231412230532,0.593488781346238,0.423493180818302,0.533128024637043,0.548174219093708,0.408007039155301,0.582754069511658,0.878310602727672,0.396744390673119,0.593576770787505,0.429300483941927,0.33770347558293,0.415574131104267,0.623933128024637,0.44320281566212,0.473295204575451,0.396744390673119,0.386449626044874
HEB_01_031,0.552045754509458,0.0584249890013197,0.787329520457545,0.367883853937527,0.441882974043114,1.53585569731632,1.08402991641003,0.285085789705235,1.36383633963924,0.786185657721073,2,0.910690717113946,1.53664760228772,0.993576770787505,0.441882974043114,0.441882974043114,0.441882974043114,0.441882974043114,1.21003079630444,1.00492740871095,0.925296964364276,0.441882974043114,0.441882974043114,0.441882974043114,0.441882974043114,0.441882974043114,0.441882974043114,0.441882974043114,0.695732512098548,0.724329080510339,0.441882974043114,0.121425428948526,0.121425428948526,0.234227892652881,0.782578090629125,0.69775626924769,0,0.0265728112626484,0.381786185657721,1.20871095468544,0.704443466783986,0.748262208534976,0.553365596128464,0.198240211174659,0.441882974043114,0.121425428948526,0.0265728112626484,0.347030356357236,0.0265728112626484,0.347030356357236,0.0265728112626484,0.441882974043114,0.0265728112626484,0.549406071271447,0.215222173339199,0.093972723273207,0.215222173339199,0.441882974043114,0.301979762428508,0.441882974043114,0.663088429388473,0.16691597008359,0.943598768147822,0.680774307083149,1.01663000439947,0.488781346238451,0.459568851737791,0.459568851737791,0.471095468543774,0.488781346238451,0.655521337439507,0.0363396392432908,0.217597888253409,0.912010558732952,0.447338319401671,0.0453145622525296,0.879190497140343,0.348350197976242,0.691948966124065,0.505763308402991,0.0263088429388473,0.0596568411790585,0.941487021557413,1.12353717553894,1.86572811262648,0.683501979762428,0.441882974043114,0.441882974043114,0.441882974043114,0.459568851737791,0.241267047954245,0.168763748350198,0.0265728112626484,0.669071711394632,0.826572811262648,0.441882974043114,0.519225692916849,0.604487461504619,0.600263968323801,0.386625604927408,0.515794104707434,0.743070831500219,0.386625604927408,0.441882974043114,0.86317641882974,0.402639683238011,1.15679718433788,1.9457985041795,1.12802463704355,0.74782226132864,1.04760228772547,0.294148702155741,0.953453585569731,1.35811702595688,1.02419709634844,0.324505059392872,0.851209854817422,0.744038715354158,1.04760228772547,1.17457105147382
HEB_01_032,0.34245490541135,0.313418389793224,0.577738671359436,0.432820061592609,0.739111306643202,0.650505939287285,0.747734271887373,0.582314122305323,0.584073911130664,0.78776946766388,0.910690717113946,1.24012439621518,0.904707435107787,0.879014518257808,0.739111306643202,0.739111306643202,0.739111306643202,0.739111306643202,0.958205015398151,0.541926968763748,0.589001319841619,0.739111306643202,0.739111306643202,0.739111306643202,0.739111306643202,0.739111306643202,0.739111306643202,0.739111306643202,0.528376594808623,0.219093708754949,0.739111306643202,0.418653761548614,0.418653761548614,0.531456225252969,0.277342718873735,0.192520897492301,0.297228332600088,0.323801143862736,0.172195336559613,0.766827980642322,0.727144742630884,0.243026836779586,0.217069951605807,0.26317641882974,0.739111306643202,0.418653761548614,0.323801143862736,0.644258688957325,0.323801143862736,0.644258688957325,0.323801143862736,0.739111306643202,0.323801143862736,0.677694676638803,0.343510778706555,0.391201055873295,0.343510778706555,0.739111306643202,0.51473823141223,0.739111306643202,0.580202375714914,0.443026836779586,0.945182578090628,0.576770787505499,0.933743950725912,0.722657281126264,0.735679718433787,0.735679718433787,0.726088869335679,0.722657281126264,0.46704795424549,0.333567971843378,0.493708754949406,0.533479982402111,0.723449186097668,0.342542894852617,0.373955125384953,0.624461064672239,0.651297844258689,0.127232732072151,0.323537175538935,0.27241531016278,0.647426308842938,0.68165420149582,0.885349758029036,0.727320721513418,0.739111306643202,0.739111306643202,0.739111306643202,0.735679718433787,0.538495380554333,0.465992080950286,0.323801143862736,0.702331720193576,0.458600967883853,0.739111306643202,0.668631764188297,0.648306203255609,0.644082710074791,0.683853937527496,0.686317641882974,0.66018477782666,0.683853937527496,0.739111306643202,0.611350637923449,0.699868015838099,0.936647602287725,0.870391553013638,0.791728992520897,0.812758468983722,0.5001319841619,0.422437307523097,0.532688077430708,0.810646722393312,0.518961724593048,0.54782226132864,0.409326880774307,0.238803343598768,0.584601847778266,0.669335679718433
HEB_01_033,0.41935767707875,0.221381434227892,0.654641443026836,0.414694236691597,0.625956885173779,1.4242850857897,1.20475142982842,0.469159700835899,0.956621205455345,0.970259568851738,1.53664760228772,0.904707435107787,1.51459008800371,0.998152221733391,0.625956885173779,0.625956885173779,0.625956885173779,0.625956885173779,1.35186977562692,1.10453145622525,0.729256489221293,0.625956885173779,0.625956885173779,0.625956885173779,0.625956885173779,0.625956885173779,0.625956885173779,0.625956885173779,0.563044434667839,0.359348878134623,0.625956885173779,0.30549934007919,0.30549934007919,0.418301803783546,0.417597888253409,0.332776066871975,0.184073911130664,0.210646722393313,0.227980642322921,1.07602287725473,0.793488781346238,0.341047074351077,0.251737791465024,0.1922569291685,0.625956885173779,0.30549934007919,0.210646722393313,0.531104267487901,0.210646722393313,0.531104267487901,0.210646722393313,0.625956885173779,0.210646722393313,0.564540255169379,0.230356357237131,0.278046634403871,0.230356357237131,0.625956885173779,0.401583809942807,0.625956885173779,0.847162340519138,0.350989881214254,1.12767267927849,0.864848218213814,1.20070391553014,0.630620325560932,0.643642762868455,0.643642762868455,0.612934447866256,0.630620325560932,0.459480862296524,0.220413550373955,0.380554333479982,0.673735151781786,0.62085349758029,0.229388473383194,0.514210294764628,0.511306643202815,0.580378354597448,0.204135503739551,0.210382754069512,0.159260888693357,0.534271887373515,1.0542014958205,1.35292564892213,0.487461504619445,0.625956885173779,0.625956885173779,0.625956885173779,0.643642762868455,0.42534095908491,0.352837659480862,0.210646722393313,0.578618565772107,0.503827540695116,0.625956885173779,0.639947206335239,0.577386713594368,0.530928288605367,0.570699516058073,0.636515618125824,0.673735151781786,0.570699516058073,0.625956885173779,0.751605807303123,0.586713594368675,0.960756709194896,1.15846898372195,0.879190497140343,0.931896172459304,0.30250769907611,0.224813022437307,0.324505059392872,0.613022437307523,0.659216893972723,0.402991641003079,0.517905851297844,0.379058512978442,0.724857017157941,0.651209854817421
HEB_01_038,0.182490101187857,0.322393312802463,0.417773867135943,0.367883853937527,0.748086229652441,0.722833260008798,0.946766388033435,0.591289045314562,0.455785305763308,0.775626924769027,0.993576770787505,0.879014518257808,0.998152221733391,1.07893866207901,0.748086229652441,0.748086229652441,0.748086229652441,0.748086229652441,0.946062472503299,0.825428948526176,0.809150901891772,0.748086229652441,0.748086229652441,0.748086229652441,0.748086229652441,0.748086229652441,0.748086229652441,0.748086229652441,0.537351517817862,0.228068631764188,0.748086229652441,0.427628684557853,0.427628684557853,0.540431148262208,0.286317641882974,0.201495820501539,0.306203255609326,0.332776066871975,0.181170259568852,0.723009238891333,0.567179938407391,0.125296964364276,0.162692476902771,0.272151341838979,0.748086229652441,0.427628684557853,0.332776066871975,0.653233611966563,0.332776066871975,0.653233611966563,0.332776066871975,0.748086229652441,0.332776066871975,0.686669599648042,0.352485701715794,0.400175978882534,0.352485701715794,0.748086229652441,0.523713154421469,0.748086229652441,0.610294764628244,0.420325560932688,0.933040035195776,0.617421909370875,0.963836339639242,0.742190937087549,0.755213374395072,0.755213374395072,0.735063792344918,0.742190937087549,0.476022877254729,0.342542894852617,0.502683677958644,0.500219973603167,0.711306643202815,0.309282886053673,0.340695116586009,0.633435987681478,0.660272767267927,0.13620765508139,0.332512098548174,0.281390233172019,0.571931368235811,0.690629124505059,0.904883413990321,0.694060712714474,0.748086229652441,0.748086229652441,0.748086229652441,0.755213374395072,0.547470303563572,0.474967003959524,0.332776066871975,0.669071711394632,0.414782226132863,0.748086229652441,0.688165420149582,0.615046194456665,0.653057633084029,0.692828860536735,0.653057633084029,0.648042234931808,0.692828860536735,0.748086229652441,0.578090629124505,0.687725472943246,1.10400351957765,0.900483941926968,0.948526176858776,0.874527056753189,0.38240211174659,0.325824901011878,0.414958205015398,0.692916849978002,0.485701715794104,0.577914650241971,0.418301803783545,0.205543334799824,0.551341838979322,0.593840739111306
HEB_01_041,0.274879014518257,0.414782226132864,0.510162780466344,0.449714034315882,0.840475142982842,0.350637923449186,0.722393312802463,0.683677958644962,0.305323361196656,0.593488781346238,0.441882974043114,0.739111306643202,0.625956885173779,0.748086229652441,0.947925626943691,0.840475142982842,0.840475142982842,0.840475142982842,0.637219533655961,0.432116146062472,0.352485701715794,0.840475142982842,0.840475142982842,0.840475142982842,0.840475142982842,0.840475142982842,0.840475142982842,0.840475142982842,0.629740431148262,0.320457545094588,0.840475142982842,0.520017597888253,0.520017597888253,0.632820061592609,0.378706555213374,0.29388473383194,0.398592168939727,0.425164980202375,0.273559172899252,0.466959964804223,0.448394192696876,0.217685877694677,0.255081390233172,0.364540255169379,0.840475142982842,0.520017597888253,0.425164980202375,0.745622525296964,0.425164980202375,0.745622525296964,0.425164980202375,0.840475142982842,0.425164980202375,0.779058512978442,0.444874615046194,0.492564892212934,0.444874615046194,0.840475142982842,0.616102067751869,0.840475142982842,0.385921689397272,0.502155741311042,0.750901891772987,0.382490101187857,0.73946326440827,0.824021117465903,0.837043554773427,0.837043554773427,0.827452705675318,0.824021117465903,0.568411790585129,0.434931808183018,0.595072591289045,0.592608886933568,0.803695556533215,0.401671799384073,0.43308402991641,0.725824901011878,0.752661680598328,0.22859656841179,0.424901011878574,0.373779146502419,0.22085349758029,0.191728992520897,0.27927848658161,0.364100307963044,0.840475142982842,0.840475142982842,0.840475142982842,0.837043554773427,0.639859216893972,0.567355917289925,0.425164980202375,0.750901891772987,0.507171139463264,0.840475142982842,0.769995600527936,0.707435107787065,0.74544654641443,0.785217773867135,0.74544654641443,0.740431148262208,0.785217773867135,0.840475142982842,0.670479542454905,0.780114386273647,0.710690717113946,0.486053673559173,0.555213374395072,0.787417509898812,0.221381434227892,0.418213814342279,0.2539375274967,0.531896172459304,0.578090629124505,0.617509898812142,0.510690717113946,0.297932248130224,0.643730752309722,0.570083589969203
HEB_01_042,0.274879014518257,0.414782226132864,0.510162780466344,0.449714034315882,0.840475142982842,0.350637923449186,0.722393312802463,0.683677958644962,0.305323361196656,0.593488781346238,0.441882974043114,0.739111306643202,0.625956885173779,0.748086229652441,0.840475142982842,0.947925626943691,0.840475142982842,0.840475142982842,0.637219533655961,0.432116146062472,0.352485701715794,0.840475142982842,0.840475142982842,0.840475142982842,0.840475142982842,0.840475142982842,0.840475142982842,0.840475142982842,0.629740431148262,0.320457545094588,0.840475142982842,0.520017597888253,0.520017597888253,0.632820061592609,0.378706555213374,0.29388473383194,0.398592168939727,0.425164980202375,0.273559172899252,0.466959964804223,0.448394192696876,0.217685877694677,0.255081390233172,0.364540255169379,0.840475142982842,0.520017597888253,0.425164980202375,0.745622525296964,0.425164980202375,0.745622525296964,0.425164980202375,0.840475142982842,0.425164980202375,0.779058512978442,0.444874615046194,0.492564892212934,0.444874615046194,0.840475142982842,0.616102067751869,0.840475142982842,0.385921689397272,0.502155741311042,0.750901891772987,0.382490101187857,0.73946326440827,0.824021117465903,0.837043554773427,0.837043554773427,0.827452705675318,0.824021117465903,0.568411790585129,0.434931808183018,0.595072591289045,0.592608886933568,0.803695556533215,0.401671799384073,0.43308402991641,0.725824901011878,0.752661680598328,0.22859656841179,0.424901011878574,0.373779146502419,0.22085349758029,0.191728992520897,0.27927848658161,0.364100307963044,0.840475142982842,0.840475142982842,0.840475142982842,0.837043554773427,0.639859216893972,0.567355917289925,0.425164980202375,0.750901891772987,0.507171139463264,0.840475142982842,0.769995600527936,0.707435107787065,0.74544654641443,0.785217773867135,0.74544654641443,0.740431148262208,0.785217773867135,0.840475142982842,0.670479542454905,0.780114386273647,0.710690717113946,0.486053673559173,0.555213374395072,0.787417509898812,0.221381434227892,0.418213814342279,0.2539375274967,0.531896172459304,0.578090629124505,0.617509898812142,0.510690717113946,0.297932248130224,0.643730752309722,0.570083589969203
HEB_01_047,0.274879014518257,0.414782226132864,0.510162780466344,0.449714034315882,0.840475142982842,0.350637923449186,0.722393312802463,0.683677958644962,0.305323361196656,0.593488781346238,0.441882974043114,0.739111306643202,0.625956885173779,0.748086229652441,0.840475142982842,0.840475142982842,0.947925626943691,0.840475142982842,0.637219533655961,0.432116146062472,0.352485701715794,0.840475142982842,0.840475142982842,0.840475142982842,0.840475142982842,0.840475142982842,0.840475142982842,0.840475142982842,0.629740431148262,0.320457545094588,0.840475142982842,0.520017597888253,0.520017597888253,0.632820061592609,0.378706555213374,0.29388473383194,0.398592168939727,0.425164980202375,0.273559172899252,0.466959964804223,0.448394192696876,0.217685877694677,0.255081390233172,0.364540255169379,0.840475142982842,0.520017597888253,0.425164980202375,0.745622525296964,0.425164980202375,0.745622525296964,0.425164980202375,0.840475142982842,0.425164980202375,0.779058512978442,0.444874615046194,0.492564892212934,0.444874615046194,0.840475142982842,0.616102067751869,0.840475142982842,0.385921689397272,0.502155741311042,0.750901891772987,0.382490101187857,0.73946326440827,0.824021117465903,0.837043554773427,0.837043554773427,0.827452705675318,0.824021117465903,0.568411790585129,0.434931808183018,0.595072591289045,0.592608886933568,0.803695556533215,0.401671799384073,0.43308402991641,0.725824901011878,0.752661680598328,0.22859656841179,0.424901011878574,0.373779146502419,0.22085349758029,0.191728992520897,0.27927848658161,0.364100307963044,0.840475142982842,0.840475142982842,0.840475142982842,0.837043554773427,0.639859216893972,0.567355917289925,0.425164980202375,0.750901891772987,0.507171139463264,0.840475142982842,0.769995600527936,0.707435107787065,0.74544654641443,0.785217773867135,0.74544654641443,0.740431148262208,0.785217773867135,0.840475142982842,0.670479542454905,0.780114386273647,0.710690717113946,0.486053673559173,0.555213374395072,0.787417509898812,0.221381434227892,0.418213814342279,0.2539375274967,0.531896172459304,0.578090629124505,0.617509898812142,0.510690717113946,0.297932248130224,0.643730752309722,0.570083589969203
HEB_01_050,0.274879014518257,0.414782226132864,0.510162780466344,0.449714034315882,0.840475142982842,0.350637923449186,0.722393312802463,0.683677958644962,0.305323361196656,0.593488781346238,0.441882974043114,0.739111306643202,0.625956885173779,0.748086229652441,0.840475142982842,0.840475142982842,0.840475142982842,0.947925626943691,0.637219533655961,0.432116146062472,0.352485701715794,0.840475142982842,0.840475142982842,0.840475142982842,0.840475142982842,0.840475142982842,0.840475142982842,0.840475142982842,0.629740431148262,0.320457545094588,0.840475142982842,0.520017597888253,0.520017597888253,0.632820061592609,0.378706555213374,0.29388473383194,0.398592168939727,0.425164980202375,0.273559172899252,0.466959964804223,0.448394192696876,0.217685877694677,0.255081390233172,0.364540255169379,0.840475142982842,0.520017597888253,0.425164980202375,0.745622525296964,0.425164980202375,0.745622525296964,0.425164980202375,0.840475142982842,0.425164980202375,0.779058512978442,0.444874615046194,0.492564892212934,0.444874615046194,0.840475142982842,0.616102067751869,0.840475142982842,0.385921689397272,0.502155741311042,0.750901891772987,0.382490101187857,0.73946326440827,0.824021117465903,0.837043554773427,0.837043554773427,0.827452705675318,0.824021117465903,0.568411790585129,0.434931808183018,0.595072591289045,0.592608886933568,0.803695556533215,0.401671799384073,0.43308402991641,0.725824901011878,0.752661680598328,0.22859656841179,0.424901011878574,0.373779146502419,0.22085349758029,0.191728992520897,0.27927848658161,0.364100307963044,0.840475142982842,0.840475142982842,0.840475142982842,0.837043554773427,0.639859216893972,0.567355917289925,0.425164980202375,0.750901891772987,0.507171139463264,0.840475142982842,0.769995600527936,0.707435107787065,0.74544654641443,0.785217773867135,0.74544654641443,0.740431148262208,0.785217773867135,0.840475142982842,0.670479542454905,0.780114386273647,0.710690717113946,0.486053673559173,0.555213374395072,0.787417509898812,0.221381434227892,0.418213814342279,0.2539375274967,0.531896172459304,0.578090629124505,0.617509898812142,0.510690717113946,0.297932248130224,0.643730752309722,0.570083589969203
HEB_01_053,0.346150461944566,0.31711394632644,0.528640563132424,0.330928288605367,0.637219533655961,1.09766827980642,1.02595688517378,0.501539815222173,0.798944126704795,1.08710954685438,1.21003079630444,0.958205015398151,1.35186977562692,0.946062472503299,0.637219533655961,0.637219533655961,0.637219533655961,0.637219533655961,1.48388804340634,1.05244170699516,0.824989001319841,0.637219533655961,0.637219533655961,0.637219533655961,0.637219533655961,0.637219533655961,0.637219533655961,0.637219533655961,0.426484821821381,0.117201935767708,0.637219533655961,0.316761988561372,0.316761988561372,0.482358117025956,0.228244610646722,0.301803783545974,0.406511218653761,0.327496700395952,0.281478222613286,1.04505059392873,0.794192696876374,0.246722393312802,0.220765508139023,0.266871975362956,0.637219533655961,0.42234931808183,0.327496700395952,0.647954245490541,0.327496700395952,0.647954245490541,0.327496700395952,0.637219533655961,0.327496700395952,0.575802903651561,0.347206335239771,0.394896612406511,0.347206335239771,0.637219533655961,0.571227452705675,0.637219533655961,0.879542454905411,0.35169379674439,1.11781786185658,0.876110866695996,1.21196656401232,0.620765508139023,0.633787945446546,0.633787945446546,0.624197096348438,0.620765508139023,0.576330840299164,0.358380994280686,0.444610646722393,0.50549934007919,0.727144742630884,0.399032116146062,0.272063352397712,0.680950285965684,0.549406071271447,0.236515618125825,0.38002639683238,0.381698196216454,0.693356797184337,1.17105147382314,1.1530136383634,0.530400351957765,0.637219533655961,0.637219533655961,0.637219533655961,0.633787945446546,0.542190937087549,0.469687637483502,0.327496700395952,0.547646282446106,0.46229652441707,0.637219533655961,0.566739991201055,0.546414430268367,0.542190937087549,0.581962164540255,0.584425868895732,0.558293004839419,0.581962164540255,0.637219533655961,0.509458864936207,0.597976242850857,0.845314562252529,0.831852177738671,0.964364276286845,0.922041355037395,0.271535415750109,0.426132864056313,0.304091509018917,0.465904091509018,0.522657281126264,0.414254289485261,0.360228772547294,0.348086229652441,0.482710074791025,0.514650241970963
HEB_01_055,0.542278926528816,0.682182138143422,0.439683238011438,0.548174219093708,0.432116146062472,1.33603167619886,0.926440827100747,0.65543334799824,0.847250329960404,1.00871095468544,1.00492740871095,0.541926968763748,1.10453145622525,0.825428948526176,0.432116146062472,0.432116146062472,0.432116146062472,0.432116146062472,1.05244170699516,1.54066035863164,1.29564452265728,0.432116146062472,0.432116146062472,0.432116146062472,0.432116146062472,0.432116146062472,0.432116146062472,0.432116146062472,0.221381434227892,0.418917729872415,0.432116146062472,0.61847778266608,0.61847778266608,0.562340519137703,0.308227012758469,0.561284645842498,0.665992080950285,0.692564892212934,0.54095908490981,0.882182138143422,0.842498900131984,0.485085789705235,0.52248130224373,0.631940167179938,0.432116146062472,0.787417509898812,0.692564892212934,0.506203255609326,0.692564892212934,0.506203255609326,0.692564892212934,0.432116146062472,0.692564892212934,0.370699516058073,0.712274527056753,0.759964804223493,0.712274527056753,0.432116146062472,0.545622525296964,0.432116146062472,1.16014078310603,0.632292124945006,0.849362076550814,1.1778266608007,0.922393312802463,0.436779586449626,0.449802023757149,0.449802023757149,0.419093708754949,0.436779586449626,0.392344918609767,0.670655521337439,0.693532776066871,0.321513418389793,0.395336559612846,0.669071711394632,0.235899692036955,0.486405631324241,0.344302683677958,0.495996480422349,0.692300923889133,0.641179058512978,0.847250329960404,1.38829740431148,1.15908490981082,0.927144742630884,0.432116146062472,0.432116146062472,0.432116146062472,0.449802023757149,0.653849538055433,0.623581170259568,0.692564892212934,0.363660360756709,0.352221733391993,0.432116146062472,0.467223933128024,0.299076110866696,0.33708754949406,0.376858776946766,0.33708754949406,0.332072151341839,0.376858776946766,0.432116146062472,0.262120545534536,0.371755389353277,0.851385833699956,0.626748790145182,0.885965684117906,0.738055433347998,0.573251209854817,0.685613726352837,0.605807303123625,0.208007039155301,0.23308402991641,0.758205015398152,0.419093708754949,0.565332160140783,0.235371755389353,0.182842058952925
HEB_01_057,0.547118345798504,0.68702155741311,0.402287725472943,0.46854377474703,0.352485701715794,0.960756709194896,0.698988121425429,0.575802903651561,0.704267487901451,0.739023317201935,0.925296964364276,0.589001319841619,0.729256489221293,0.809150901891772,0.352485701715794,0.352485701715794,0.352485701715794,0.352485701715794,0.824989001319841,1.29564452265728,1.89730695427778,0.352485701715794,0.352485701715794,0.352485701715794,0.352485701715794,0.352485701715794,0.352485701715794,0.352485701715794,0.141750989881214,0.339287285525736,0.352485701715794,0.538847338319401,0.538847338319401,0.524945006599208,0.270831500219973,0.692828860536735,0.797536295644522,0.697404311482622,0.672503299604047,0.506907171139463,0.467223933128024,0.489925208974923,0.527320721513418,0.636779586449625,0.352485701715794,0.792256929168499,0.697404311482622,0.511042674879014,0.697404311482622,0.511042674879014,0.697404311482622,0.352485701715794,0.697404311482622,0.291069071711394,0.71711394632644,0.76480422349318,0.71711394632644,0.352485701715794,0.634931808183018,0.352485701715794,0.784865816102067,0.563220413550374,0.474087109546854,0.802551693796744,0.547118345798504,0.357149142102947,0.37017157941047,0.37017157941047,0.339463264408271,0.357149142102947,0.523889133304003,0.707171139463264,0.677254729432468,0.294676638803343,0.442410910690717,0.737263528376594,0.156269247690277,0.554597448306203,0.26467223933128,0.627540695116586,0.760492740871095,0.772723273207215,1.50673119225693,1.5620765508139,1.45956885173779,1.54439067311922,0.352485701715794,0.352485701715794,0.352485701715794,0.37017157941047,0.65868895732512,0.628420589529256,0.697404311482622,0.389617245930488,0.526000879894412,0.352485701715794,0.387593488781346,0.219445666520017,0.257457105147382,0.297228332600088,0.257457105147382,0.25244170699516,0.297228332600088,0.352485701715794,0.182490101187857,0.292124945006599,1.29969203695556,0.969467663880334,1.46097668279806,0.447250329960404,1.38055433347998,1.02833260008799,1.41311042674879,0.909722833260009,0.259040915090189,0.741926968763748,0.381698196216454,0.696876374835019,0.155741311042675,0.546678398592169
HEB_01_071,0.274879014518257,0.414782226132864,0.510162780466344,0.449714034315882,0.840475142982842,0.350637923449186,0.722393312802463,0.683677958644962,0.305323361196656,0.593488781346238,0.441882974043114,0.739111306643202,0.625956885173779,0.748086229652441,0.840475142982842,0.840475142982842,0.840475142982842,0.840475142982842,0.637219533655961,0.432116146062472,0.352485701715794,0.947925626943691,0.840475142982842,0.840475142982842,0.840475142982842,0.840475142982842,0.840475142982842,0.840475142982842,0.629740431148262,0.320457545094588,0.840475142982842,0.520017597888253,0.520017597888253,0.632820061592609,0.378706555213374,0.29388473383194,0.398592168939727,0.425164980202375,0.273559172899252,0.466959964804223,0.448394192696876,0.217685877694677,0.255081390233172,0.364540255169379,0.840475142982842,0.520017597888253,0.425164980202375,0.745622525296964,0.425164980202375,0.745622525296964,0.425164980202375,0.840475142982842,0.425164980202375,0.779058512978442,0.444874615046194,0.492564892212934,0.444874615046194,0.840475142982842,0.616102067751869,0.840475142982842,0.385921689397272,0.502155741311042,0.750901891772987,0.382490101187857,0.73946326440827,0.824021117465903,0.837043554773427,0.837043554773427,0.827452705675318,0.824021117465903,0.568411790585129,0.434931808183018,0.595072591289045,0.592608886933568,0.803695556533215,0.401671799384073,0.43308402991641,0.725824901011878,0.752661680598328,0.22859656841179,0.424901011878574,0.373779146502419,0.22085349758029,0.191728992520897,0.27927848658161,0.364100307963044,0.840475142982842,0.840475142982842,0.840475142982842,0.837043554773427,0.639859216893972,0.567355917289925,0.425164980202375,0.750901891772987,0.507171139463264,0.840475142982842,0.769995600527936,0.707435107787065,0.74544654641443,0.785217773867135,0.74544654641443,0.740431148262208,0.785217773867135,0.840475142982842,0.670479542454905,0.780114386273647,0.710690717113946,0.486053673559173,0.555213374395072,0.787417509898812,0.221381434227892,0.418213814342279,0.2539375274967,0.531896172459304,0.578090629124505,0.617509898812142,0.510690717113946,0.297932248130224,0.643730752309722,0.570083589969203
HEB_01_072,0.274879014518257,0.414782226132864,0.510162780466344,0.449714034315882,0.840475142982842,0.350637923449186,0.722393312802463,0.683677958644962,0.305323361196656,0.593488781346238,0.441882974043114,0.739111306643202,0.625956885173779,0.748086229652441,0.840475142982842,0.840475142982842,0.840475142982842,0.840475142982842,0.637219533655961,0.432116146062472,0.352485701715794,0.840475142982842,0.947925626943691,0.840475142982842,0.840475142982842,0.840475142982842,0.840475142982842,0.840475142982842,0.629740431148262,0.320457545094588,0.840475142982842,0.520017597888253,0.520017597888253,0.632820061592609,0.378706555213374,0.29388473383194,0.398592168939727,0.425164980202375,0.273559172899252,0.466959964804223,0.448394192696876,0.217685877694677,0.255081390233172,0.364540255169379,0.840475142982842,0.520017597888253,0.425164980202375,0.745622525296964,0.425164980202375,0.745622525296964,0.425164980202375,0.840475142982842,0.425164980202375,0.779058512978442,0.444874615046194,0.492564892212934,0.444874615046194,0.840475142982842,0.616102067751869,0.840475142982842,0.385921689397272,0.502155741311042,0.750901891772987,0.382490101187857,0.73946326440827,0.824021117465903,0.837043554773427,0.837043554773427,0.827452705675318,0.824021117465903,0.568411790585129,0.434931808183018,0.595072591289045,0.592608886933568,0.803695556533215,0.401671799384073,0.43308402991641,0.725824901011878,0.752661680598328,0.22859656841179,0.424901011878574,0.373779146502419,0.22085349758029,0.191728992520897,0.27927848658161,0.364100307963044,0.840475142982842,0.840475142982842,0.840475142982842,0.837043554773427,0.639859216893972,0.567355917289925,0.425164980202375,0.750901891772987,0.507171139463264,0.840475142982842,0.769995600527936,0.707435107787065,0.74544654641443,0.785217773867135,0.74544654641443,0.740431148262208,0.785217773867135,0.840475142982842,0.670479542454905,0.780114386273647,0.710690717113946,0.486053673559173,0.555213374395072,0.787417509898812,0.221381434227892,0.418213814342279,0.2539375274967,0.531896172459304,0.578090629124505,0.617509898812142,0.510690717113946,0.297932248130224,0.643730752309722,0.570083589969203
HEB_01_074,0.274879014518257,0.414782226132864,0.510162780466344,0.449714034315882,0.840475142982842,0.350637923449186,0.722393312802463,0.683677958644962,0.305323361196656,0.593488781346238,0.441882974043114,0.739111306643202,0.625956885173779,0.748086229652441,0.840475142982842,0.840475142982842,0.840475142982842,0.840475142982842,0.637219533655961,0.432116146062472,0.352485701715794,0.840475142982842,0.840475142982842,0.947925626943691,0.840475142982842,0.840475142982842,0.840475142982842,0.840475142982842,0.629740431148262,0.320457545094588,0.840475142982842,0.520017597888253,0.520017597888253,0.632820061592609,0.378706555213374,0.29388473383194,0.398592168939727,0.425164980202375,0.273559172899252,0.466959964804223,0.448394192696876,0.217685877694677,0.255081390233172,0.364540255169379,0.840475142982842,0.520017597888253,0.425164980202375,0.745622525296964,0.425164980202375,0.745622525296964,0.425164980202375,0.840475142982842,0.425164980202375,0.779058512978442,0.444874615046194,0.492564892212934,0.444874615046194,0.840475142982842,0.616102067751869,0.840475142982842,0.385921689397272,0.502155741311042,0.750901891772987,0.382490101187857,0.73946326440827,0.824021117465903,0.837043554773427,0.837043554773427,0.827452705675318,0.824021117465903,0.568411790585129,0.434931808183018,0.595072591289045,0.592608886933568,0.803695556533215,0.401671799384073,0.43308402991641,0.725824901011878,0.752661680598328,0.22859656841179,0.424901011878574,0.373779146502419,0.22085349758029,0.191728992520897,0.27927848658161,0.364100307963044,0.840475142982842,0.840475142982842,0.840475142982842,0.837043554773427,0.639859216893972,0.567355917289925,0.425164980202375,0.750901891772987,0.507171139463264,0.840475142982842,0.769995600527936,0.707435107787065,0.74544654641443,0.785217773867135,0.74544654641443,0.740431148262208,0.785217773867135,0.840475142982842,0.670479542454905,0.780114386273647,0.710690717113946,0.486053673559173,0.555213374395072,0.787417509898812,0.221381434227892,0.418213814342279,0.2539375274967,0.531896172459304,0.578090629124505,0.617509898812142,0.510690717113946,0.297932248130224,0.643730752309722,0.570083589969203
HEB_01_075,0.274879014518257,0.414782226132864,0.510162780466344,0.449714034315882,0.840475142982842,0.350637923449186,0.722393312802463,0.683677958644962,0.305323361196656,0.593488781346238,0.441882974043114,0.739111306643202,0.625956885173779,0.748086229652441,0.840475142982842,0.840475142982842,0.840475142982842,0.840475142982842,0.637219533655961,0.432116146062472,0.352485701715794,0.840475142982842,0.840475142982842,0.840475142982842,0.947925626943691,0.840475142982842,0.840475142982842,0.840475142982842,0.629740431148262,0.320457545094588,0.840475142982842,0.520017597888253,0.520017597888253,0.632820061592609,0.378706555213374,0.29388473383194,0.398592168939727,0.425164980202375,0.273559172899252,0.466959964804223,0.448394192696876,0.217685877694677,0.255081390233172,0.364540255169379,0.840475142982842,0.520017597888253,0.425164980202375,0.745622525296964,0.425164980202375,0.745622525296964,0.425164980202375,0.840475142982842,0.425164980202375,0.779058512978442,0.444874615046194,0.492564892212934,0.444874615046194,0.840475142982842,0.616102067751869,0.840475142982842,0.385921689397272,0.502155741311042,0.750901891772987,0.382490101187857,0.73946326440827,0.824021117465903,0.837043554773427,0.837043554773427,0.827452705675318,0.824021117465903,0.568411790585129,0.434931808183018,0.595072591289045,0.592608886933568,0.803695556533215,0.401671799384073,0.43308402991641,0.725824901011878,0.752661680598328,0.22859656841179,0.424901011878574,0.373779146502419,0.22085349758029,0.191728992520897,0.27927848658161,0.364100307963044,0.840475142982842,0.840475142982842,0.840475142982842,0.837043554773427,0.639859216893972,0.567355917289925,0.425164980202375,0.750901891772987,0.507171139463264,0.840475142982842,0.769995600527936,0.707435107787065,0.74544654641443,0.785217773867135,0.74544654641443,0.740431148262208,0.785217773867135,0.840475142982842,0.670479542454905,0.780114386273647,0.710690717113946,0.486053673559173,0.555213374395072,0.787417509898812,0.221381434227892,0.418213814342279,0.2539375274967,0.531896172459304,0.578090629124505,0.617509898812142,0.510690717113946,0.297932248130224,0.643730752309722,0.570083589969203
HEB_01_077,0.274879014518257,0.414782226132864,0.510162780466344,0.449714034315882,0.840475142982842,0.350637923449186,0.722393312802463,0.683677958644962,0.305323361196656,0.593488781346238,0.441882974043114,0.739111306643202,0.625956885173779,0.748086229652441,0.840475142982842,0.840475142982842,0.840475142982842,0.840475142982842,0.637219533655961,0.432116146062472,0.352485701715794,0.840475142982842,0.840475142982842,0.840475142982842,0.840475142982842,0.947925626943691,0.840475142982842,0.840475142982842,0.629740431148262,0.320457545094588,0.840475142982842,0.520017597888253,0.520017597888253,0.632820061592609,0.378706555213374,0.29388473383194,0.398592168939727,0.425164980202375,0.273559172899252,0.466959964804223,0.448394192696876,0.217685877694677,0.255081390233172,0.364540255169379,0.840475142982842,0.520017597888253,0.425164980202375,0.745622525296964,0.425164980202375,0.745622525296964,0.425164980202375,0.840475142982842,0.425164980202375,0.779058512978442,0.444874615046194,0.492564892212934,0.444874615046194,0.840475142982842,0.616102067751869,0.840475142982842,0.385921689397272,0.502155741311042,0.750901891772987,0.382490101187857,0.73946326440827,0.824021117465903,0.837043554773427,0.837043554773427,0.827452705675318,0.824021117465903,0.568411790585129,0.434931808183018,0.595072591289045,0.592608886933568,0.803695556533215,0.401671799384073,0.43308402991641,0.725824901011878,0.752661680598328,0.22859656841179,0.424901011878574,0.373779146502419,0.22085349758029,0.191728992520897,0.27927848658161,0.364100307963044,0.840475142982842,0.840475142982842,0.840475142982842,0.837043554773427,0.639859216893972,0.567355917289925,0.425164980202375,0.750901891772987,0.507171139463264,0.840475142982842,0.769995600527936,0.707435107787065,0.74544654641443,0.785217773867135,0.74544654641443,0.740431148262208,0.785217773867135,0.840475142982842,0.670479542454905,0.780114386273647,0.710690717113946,0.486053673559173,0.555213374395072,0.787417509898812,0.221381434227892,0.418213814342279,0.2539375274967,0.531896172459304,0.578090629124505,0.617509898812142,0.510690717113946,0.297932248130224,0.643730752309722,0.570083589969203
HEB_01_079,0.274879014518257,0.414782226132864,0.510162780466344,0.449714034315882,0.840475142982842,0.350637923449186,0.722393312802463,0.683677958644962,0.305323361196656,0.593488781346238,0.441882974043114,0.739111306643202,0.625956885173779,0.748086229652441,0.840475142982842,0.840475142982842,0.840475142982842,0.840475142982842,0.637219533655961,0.432116146062472,0.352485701715794,0.840475142982842,0.840475142982842,0.840475142982842,0.840475142982842,0.840475142982842,0.947925626943691,0.840475142982842,0.629740431148262,0.320457545094588,0.840475142982842,0.520017597888253,0.520017597888253,0.632820061592609,0.378706555213374,0.29388473383194,0.398592168939727,0.425164980202375,0.273559172899252,0.466959964804223,0.448394192696876,0.217685877694677,0.255081390233172,0.364540255169379,0.840475142982842,0.520017597888253,0.425164980202375,0.745622525296964,0.425164980202375,0.745622525296964,0.425164980202375,0.840475142982842,0.425164980202375,0.779058512978442,0.444874615046194,0.492564892212934,0.444874615046194,0.840475142982842,0.616102067751869,0.840475142982842,0.385921689397272,0.502155741311042,0.750901891772987,0.382490101187857,0.73946326440827,0.824021117465903,0.837043554773427,0.837043554773427,0.827452705675318,0.824021117465903,0.568411790585129,0.434931808183018,0.595072591289045,0.592608886933568,0.803695556533215,0.401671799384073,0.43308402991641,0.725824901011878,0.752661680598328,0.22859656841179,0.424901011878574,0.373779146502419,0.22085349758029,0.191728992520897,0.27927848658161,0.364100307963044,0.840475142982842,0.840475142982842,0.840475142982842,0.837043554773427,0.639859216893972,0.567355917289925,0.425164980202375,0.750901891772987,0.507171139463264,0.840475142982842,0.769995600527936,0.707435107787065,0.74544654641443,0.785217773867135,0.74544654641443,0.740431148262208,0.785217773867135,0.840475142982842,0.670479542454905,0.780114386273647,0.710690717113946,0.486053673559173,0.555213374395072,0.787417509898812,0.221381434227892,0.418213814342279,0.2539375274967,0.531896172459304,0.578090629124505,0.617509898812142,0.510690717113946,0.297932248130224,0.643730752309722,0.570083589969203
HEB_01_080,0.274879014518257,0.414782226132864,0.510162780466344,0.449714034315882,0.840475142982842,0.350637923449186,0.722393312802463,0.683677958644962,0.305323361196656,0.593488781346238,0.441882974043114,0.739111306643202,0.625956885173779,0.748086229652441,0.840475142982842,0.840475142982842,0.840475142982842,0.840475142982842,0.637219533655961,0.432116146062472,0.352485701715794,0.840475142982842,0.840475142982842,0.840475142982842,0.840475142982842,0.840475142982842,0.840475142982842,0.947925626943691,0.629740431148262,0.320457545094588,0.840475142982842,0.520017597888253,0.520017597888253,0.632820061592609,0.378706555213374,0.29388473383194,0.398592168939727,0.425164980202375,0.273559172899252,0.466959964804223,0.448394192696876,0.217685877694677,0.255081390233172,0.364540255169379,0.840475142982842,0.520017597888253,0.425164980202375,0.745622525296964,0.425164980202375,0.745622525296964,0.425164980202375,0.840475142982842,0.425164980202375,0.779058512978442,0.444874615046194,0.492564892212934,0.444874615046194,0.840475142982842,0.616102067751869,0.840475142982842,0.385921689397272,0.502155741311042,0.750901891772987,0.382490101187857,0.73946326440827,0.824021117465903,0.837043554773427,0.837043554773427,0.827452705675318,0.824021117465903,0.568411790585129,0.434931808183018,0.595072591289045,0.592608886933568,0.803695556533215,0.401671799384073,0.43308402991641,0.725824901011878,0.752661680598328,0.22859656841179,0.424901011878574,0.373779146502419,0.22085349758029,0.191728992520897,0.27927848658161,0.364100307963044,0.840475142982842,0.840475142982842,0.840475142982842,0.837043554773427,0.639859216893972,0.567355917289925,0.425164980202375,0.750901891772987,0.507171139463264,0.840475142982842,0.769995600527936,0.707435107787065,0.74544654641443,0.785217773867135,0.74544654641443,0.740431148262208,0.785217773867135,0.840475142982842,0.670479542454905,0.780114386273647,0.710690717113946,0.486053673559173,0.555213374395072,0.787417509898812,0.221381434227892,0.418213814342279,0.2539375274967,0.531896172459304,0.578090629124505,0.617509898812142,0.510690717113946,0.297932248130224,0.643730752309722,0.570083589969203
HEB_01_082,0.676550813902331,0.510250769907611,0.679542454905411,0.671887373515178,0.629740431148262,0.456665200175979,0.575010998680158,0.472943246810382,0.559172899252089,0.382754069511658,0.695732512098548,0.528376594808623,0.563044434667839,0.537351517817862,0.629740431148262,0.629740431148262,0.629740431148262,0.629740431148262,0.426484821821381,0.221381434227892,0.141750989881214,0.629740431148262,0.629740431148262,0.629740431148262,0.629740431148262,0.629740431148262,0.629740431148262,0.629740431148262,1.12327135578641,0.869951605807303,0.629740431148262,0.604927408710954,0.604927408710954,0.569907611086669,0.928200615926089,0.547734271887373,0.483501979762428,0.510074791025077,0.675230972283326,0.678574571051473,0.586097668279806,0.724945006599208,0.751781786185657,0.565596128464584,0.629740431148262,0.309282886053673,0.510074791025077,0.534887813462384,0.510074791025077,0.534887813462384,0.510074791025077,0.629740431148262,0.510074791025077,0.695028596568411,0.403079630444346,0.36630004399472,0.403079630444346,0.629740431148262,0.489837219533655,0.629740431148262,0.470831500219973,0.587065552133743,0.540167179938407,0.467399912010558,0.528728552573691,0.634403871535415,0.626308842938847,0.626308842938847,0.63783545974483,0.634403871535415,0.663880334359876,0.519841619005719,0.394896612406511,0.783106027276726,0.592960844698636,0.486581610206775,0.982578090629124,0.525648922129344,0.71086669599648,0.778090629124505,0.467575890893092,0.500923889133304,0.43246810382754,0.276638803343598,0.533128024637043,0.343422789265288,0.629740431148262,0.629740431148262,0.629740431148262,0.626308842938847,0.429124505059392,0.504443466783985,0.510074791025077,0.687989441267048,0.761020677518697,0.629740431148262,0.664848218213814,0.750109986801583,0.745886493620765,0.743422789265288,0.703651561812582,0.740871095468543,0.743422789265288,0.629740431148262,0.882094148702155,0.738319401671799,0.499956005279366,0.739903211614605,0.344478662560492,0.576682798064232,0.475230972283326,0.344742630884294,0.444434667839859,0.785745710514738,0.831940167179938,0.406775186977562,0.76454025516938,0.551781786185657,0.876462824461064,0.823933128024636
HEB_01_085,1.10637923449186,0.781698196216454,0.834843818741751,1.0066871975363,0.320457545094588,0.844258688957324,0.329080510338759,0.45930488341399,1.09458864936208,0.326880774307083,0.724329080510339,0.219093708754949,0.359348878134623,0.228068631764188,0.320457545094588,0.320457545094588,0.320457545094588,0.320457545094588,0.117201935767708,0.418917729872415,0.339287285525736,0.320457545094588,0.320457545094588,0.320457545094588,0.320457545094588,0.320457545094588,0.320457545094588,0.320457545094588,0.869951605807303,1.40448620393039,0.320457545094588,0.84469863616366,0.84469863616366,0.535151781786185,1.25244170699516,1.12538495380554,0.723273207215134,0.749846018477782,1.10505939287285,0.728288605367356,0.794192696876374,1.30259568851738,1.21328640563132,0.921513418389793,0.320457545094588,0.549054113506379,0.749846018477782,0.225604927408711,0.749846018477782,0.225604927408711,0.749846018477782,0.320457545094588,0.749846018477782,0.470215574131104,0.727320721513418,0.606071271447426,0.727320721513418,0.320457545094588,0.497316322041355,0.320457545094588,0.710602727672679,0.826836779586449,0.230884293884734,0.707171139463264,0.219445666520017,0.346238451385833,0.317025956885173,0.317025956885173,0.349670039595248,0.346238451385833,0.597448306203255,0.759612846458425,0.645226572811262,0.748350197976242,0.304795424549054,0.726352837659481,1.26458424989001,0.226924769027716,0.570523537175539,1.22903651561813,0.707347118345798,0.782930048394192,0.73559172899252,0.558644962604487,0.688429388473383,0.54095908490981,0.320457545094588,0.320457545094588,0.320457545094588,0.317025956885173,0.373251209854817,0.511922569291685,0.749846018477782,0.526528816542015,0.789617245930488,0.320457545094588,0.461152661680598,0.609766827980642,0.563308402991641,0.434139903211614,0.521073471183458,0.600527936647602,0.434139903211614,0.320457545094588,0.783985921689397,0.429036515618126,0.190673119225693,0.768499780026397,0.140783106027277,0.267399912010559,1.01064672239331,0.679542454905411,0.916498020237571,0.814342278926529,0.860536735591729,0.604311482622085,0.983194016717994,1.08719753629564,0.883941926968764,0.852529696436428
HEB_01_086,0.274879014518257,0.414782226132864,0.510162780466344,0.449714034315882,0.840475142982842,0.350637923449186,0.722393312802463,0.683677958644962,0.305323361196656,0.593488781346238,0.441882974043114,0.739111306643202,0.625956885173779,0.748086229652441,0.840475142982842,0.840475142982842,0.840475142982842,0.840475142982842,0.637219533655961,0.432116146062472,0.352485701715794,0.840475142982842,0.840475142982842,0.840475142982842,0.840475142982842,0.840475142982842,0.840475142982842,0.840475142982842,0.629740431148262,0.320457545094588,0.947925626943691,0.520017597888253,0.520017597888253,0.632820061592609,0.378706555213374,0.29388473383194,0.398592168939727,0.425164980202375,0.273559172899252,0.466959964804223,0.448394192696876,0.217685877694677,0.255081390233172,0.364540255169379,0.840475142982842,0.520017597888253,0.425164980202375,0.745622525296964,0.425164980202375,0.745622525296964,0.425164980202375,0.840475142982842,0.425164980202375,0.779058512978442,0.444874615046194,0.492564892212934,0.444874615046194,0.840475142982842,0.616102067751869,0.840475142982842,0.385921689397272,0.502155741311042,0.750901891772987,0.382490101187857,0.73946326440827,0.824021117465903,0.837043554773427,0.837043554773427,0.827452705675318,0.824021117465903,0.568411790585129,0.434931808183018,0.595072591289045,0.592608886933568,0.803695556533215,0.401671799384073,0.43308402991641,0.725824901011878,0.752661680598328,0.22859656841179,0.424901011878574,0.373779146502419,0.22085349758029,0.191728992520897,0.27927848658161,0.364100307963044,0.840475142982842,0.840475142982842,0.840475142982842,0.837043554773427,0.639859216893972,0.567355917289925,0.425164980202375,0.750901891772987,0.507171139463264,0.840475142982842,0.769995600527936,0.707435107787065,0.74544654641443,0.785217773867135,0.74544654641443,0.740431148262208,0.785217773867135,0.840475142982842,0.670479542454905,0.780114386273647,0.710690717113946,0.486053673559173,0.555213374395072,0.787417509898812,0.221381434227892,0.418213814342279,0.2539375274967,0.531896172459304,0.578090629124505,0.617509898812142,0.510690717113946,0.297932248130224,0.643730752309722,0.570083589969203
HEB_01_087,0.799120105587329,0.939023317201935,0.527584689837219,0.973955125384953,0.520017597888253,0.536999560052793,0.401935767707875,0.658864936207655,0.491684997800264,0.526440827100748,0.121425428948526,0.418653761548614,0.30549934007919,0.427628684557853,0.520017597888253,0.520017597888253,0.520017597888253,0.520017597888253,0.316761988561372,0.61847778266608,0.538847338319401,0.520017597888253,0.520017597888253,0.520017597888253,0.520017597888253,0.520017597888253,0.520017597888253,0.520017597888253,0.604927408710954,0.84469863616366,0.520017597888253,1.10117117713227,1.04425868895732,0.73471183457985,0.649538055433348,0.52248130224373,0.922833260008799,0.949406071271447,0.797800263968323,0.632204135503739,0.888165420149582,0.699692036955565,0.779322481302243,0.888781346238451,0.520017597888253,0.748614166300043,0.949406071271447,0.425164980202375,0.949406071271447,0.425164980202375,0.949406071271447,0.520017597888253,0.949406071271447,0.500835899692037,0.757941047074351,0.805631324241091,0.757941047074351,0.520017597888253,0.612406511218653,0.520017597888253,0.910162780466343,1.02639683238011,0.430444346678398,0.906731192256929,0.419005719313682,0.503563572371315,0.516586009678838,0.516586009678838,0.50699516058073,0.503563572371315,0.311306643202815,0.959172899252089,0.823669159700835,0.272151341838979,0.483238011438627,0.925912890453145,0.6616805983282,0.40536735591729,0.432204135503739,0.752837659480862,0.906907171139463,0.898020237571491,0.639507259128904,0.715970083589969,0.381170259568851,0.740519137703475,0.520017597888253,0.520017597888253,0.520017597888253,0.516586009678838,0.572811262648482,0.711482622085349,0.949406071271447,0.430444346678398,0.271183457985041,0.520017597888253,0.534007919049714,0.555917289925209,0.509458864936207,0.633699956005279,0.593928728552573,0.41997360316762,0.633699956005279,0.520017597888253,0.434491860976682,0.62859656841179,0.390233172019357,0.165596128464584,0.276990761108667,0.466959964804223,0.4077430708315,0.604575450945886,0.440299164100307,0.211438627364716,0.257633084029916,0.803871535415749,0.443642762868456,0.484293884733832,0.323273207215134,0.249626044874615
HEB_01_090,0.799120105587329,0.939023317201935,0.527584689837219,0.973955125384953,0.520017597888253,0.536999560052793,0.401935767707875,0.658864936207655,0.491684997800264,0.526440827100748,0.121425428948526,0.418653761548614,0.30549934007919,0.427628684557853,0.520017597888253,0.520017597888253,0.520017597888253,0.520017597888253,0.316761988561372,0.61847778266608,0.538847338319401,0.520017597888253,0.520017597888253,0.520017597888253,0.520017597888253,0.520017597888253,0.520017597888253,0.520017597888253,0.604927408710954,0.84469863616366,0.520017597888253,1.04425868895732,1.10117117713227,0.73471183457985,0.649538055433348,0.52248130224373,0.922833260008799,0.949406071271447,0.797800263968323,0.632204135503739,0.888165420149582,0.699692036955565,0.779322481302243,0.888781346238451,0.520017597888253,0.748614166300043,0.949406071271447,0.425164980202375,0.949406071271447,0.425164980202375,0.949406071271447,0.520017597888253,0.949406071271447,0.500835899692037,0.757941047074351,0.805631324241091,0.757941047074351,0.520017597888253,0.612406511218653,0.520017597888253,0.910162780466343,1.02639683238011,0.430444346678398,0.906731192256929,0.419005719313682,0.503563572371315,0.516586009678838,0.516586009678838,0.50699516058073,0.503563572371315,0.311306643202815,0.959172899252089,0.823669159700835,0.272151341838979,0.483238011438627,0.925912890453145,0.6616805983282,0.40536735591729,0.432204135503739,0.752837659480862,0.906907171139463,0.898020237571491,0.639507259128904,0.715970083589969,0.381170259568851,0.740519137703475,0.520017597888253,0.520017597888253,0.520017597888253,0.516586009678838,0.572811262648482,0.711482622085349,0.949406071271447,0.430444346678398,0.271183457985041,0.520017597888253,0.534007919049714,0.555917289925209,0.509458864936207,0.633699956005279,0.593928728552573,0.41997360316762,0.633699956005279,0.520017597888253,0.434491860976682,0.62859656841179,0.390233172019357,0.165596128464584,0.276990761108667,0.466959964804223,0.4077430708315,0.604575450945886,0.440299164100307,0.211438627364716,0.257633084029916,0.803871535415749,0.443642762868456,0.484293884733832,0.323273207215134,0.249626044874615
HEB_01_091,0.616278046634403,0.75618125824901,0.534799824021117,0.664408271007479,0.632820061592609,0.396392432908051,0.51473823141223,0.666080070391553,0.351077870655521,0.565332160140783,0.234227892652881,0.531456225252969,0.418301803783546,0.540431148262208,0.632820061592609,0.632820061592609,0.632820061592609,0.632820061592609,0.482358117025956,0.562340519137703,0.524945006599208,0.632820061592609,0.632820061592609,0.632820061592609,0.632820061592609,0.632820061592609,0.632820061592609,0.632820061592609,0.569907611086669,0.535151781786185,0.632820061592609,0.73471183457985,0.73471183457985,0.842056507642427,0.530048394192697,0.487461504619445,0.739991201055873,0.766564012318521,0.614958205015398,0.502155741311042,0.62085349758029,0.537967443906731,0.596480422349318,0.705939287285525,0.632820061592609,0.713594368675758,0.766564012318521,0.66467223933128,0.766564012318521,0.66467223933128,0.766564012318521,0.632820061592609,0.766564012318521,0.592520897492301,0.680686317641883,0.728376594808622,0.680686317641883,0.632820061592609,0.630180378354597,0.632820061592609,0.642850857897052,0.727408710954685,0.543246810382754,0.639419269687637,0.531808183018037,0.61636603607567,0.629388473383193,0.629388473383193,0.619797624285085,0.61636603607567,0.519137703475583,0.744654641443026,0.661944566652001,0.479982402111746,0.596040475142982,0.743070831500219,0.499956005279366,0.644874615046194,0.545006599208095,0.569995600527936,0.745182578090629,0.715178178618565,0.509458864936207,0.533128024637043,0.33559172899252,0.578794544654641,0.632820061592609,0.632820061592609,0.632820061592609,0.629388473383193,0.685613726352837,0.718697756269247,0.766564012318521,0.543246810382754,0.468455785305763,0.632820061592609,0.604575450945886,0.584249890013198,0.58002639683238,0.662032556093268,0.622261328640563,0.532776066871975,0.662032556093268,0.632820061592609,0.505059392872855,0.656929168499779,0.503035635723713,0.278398592168939,0.49538055433348,0.579762428508579,0.393840739111306,0.590673119225693,0.426396832380114,0.324241091069071,0.4232292124945,0.663264408271007,0.482534095908491,0.470391553013638,0.436075670919489,0.36242850857897
HEB_01_092,1.0379234491861,0.71324241091069,0.829740431148262,0.811526616805983,0.378706555213374,0.649098108227012,0.387329520457545,0.411966564012318,0.899428068631763,0.311218653761548,0.782578090629125,0.277342718873735,0.417597888253409,0.286317641882974,0.378706555213374,0.378706555213374,0.378706555213374,0.378706555213374,0.228244610646722,0.308227012758469,0.270831500219973,0.378706555213374,0.378706555213374,0.378706555213374,0.378706555213374,0.378706555213374,0.378706555213374,0.378706555213374,0.928200615926089,1.25244170699516,0.378706555213374,0.649538055433348,0.649538055433348,0.530048394192697,1.25388738172434,1.05692916849978,0.65481742190937,0.681390233172019,1.03660360756709,0.702067751869775,0.641267047954245,1.23413990321161,1.14483062032556,0.853057633084029,0.378706555213374,0.480598328200616,0.681390233172019,0.410558732952045,0.681390233172019,0.410558732952045,0.681390233172019,0.378706555213374,0.681390233172019,0.52846458424989,0.658864936207655,0.537615486141663,0.658864936207655,0.378706555213374,0.492212934447866,0.378706555213374,0.55767707875055,0.642234931808183,0.289133304003519,0.554245490541135,0.277694676638803,0.404487461504619,0.375274967003959,0.375274967003959,0.407919049714034,0.404487461504619,0.750725912890453,0.659480862296524,0.45006599208095,0.90162780466344,0.363044434667839,0.657897052353717,1.21724593048834,0.411878574571051,0.628772547294324,1.16058073031236,0.638891333040035,0.714474263088429,0.70937087549494,0.490189177298724,0.672767267927848,0.44082710074791,0.378706555213374,0.378706555213374,0.378706555213374,0.375274967003959,0.431500219973603,0.549054113506379,0.681390233172019,0.5847778266608,0.93233611966564,0.378706555213374,0.477166739991201,0.668015838099428,0.621557413110426,0.4923889133304,0.579322481302243,0.658776946766388,0.4923889133304,0.378706555213374,0.842234931808183,0.487285525736911,0.248922129344478,0.826748790145183,0.30461944566652,0.325648922129344,0.942190937087549,0.611086669599648,0.848042234931808,0.872591289045314,0.971579410470743,0.409150901891773,0.967531896172459,1.01874175098988,0.942190937087549,0.910778706555213
HEB_01_093,1.03757149142103,0.712890453145622,0.871623405191377,0.684469863616366,0.29388473383194,0.817685877694676,0.302507699076111,0.517201935767707,1.19472063352398,0.469247690277166,0.69775626924769,0.192520897492301,0.332776066871975,0.201495820501539,0.29388473383194,0.29388473383194,0.29388473383194,0.29388473383194,0.301803783545974,0.561284645842498,0.692828860536735,0.29388473383194,0.29388473383194,0.29388473383194,0.29388473383194,0.29388473383194,0.29388473383194,0.29388473383194,0.547734271887373,1.12538495380554,0.29388473383194,0.52248130224373,0.52248130224373,0.487461504619445,1.05692916849978,1.42804208297492,0.781170259568851,0.681038275406951,1.16295644522657,0.427188737351517,0.471975362956445,1.27602287725473,1.14447866256049,0.852705675318961,0.29388473383194,0.775890893092828,0.681038275406951,0.45244170699516,0.681038275406951,0.45244170699516,0.681038275406951,0.29388473383194,0.681038275406951,0.401407831060272,0.869687637483501,0.748438187417509,0.869687637483501,0.29388473383194,0.681918169819621,0.29388473383194,0.472855257369115,0.525736911570611,0.204311482622085,0.469423669159701,0.192872855257369,0.319665640123185,0.290453145622525,0.290453145622525,0.3230972283326,0.319665640123185,0.950989881214254,0.690805103387593,0.682006159260888,0.911834579850417,0.404927408710954,0.720897492300923,0.942366915970083,0.51711394632644,0.54395072591289,1.28693356797184,0.744126704795424,0.84082710074791,0.814606247250329,0.616542014958204,0.682974043114826,0.598856137263528,0.29388473383194,0.29388473383194,0.29388473383194,0.290453145622525,0.600087989441267,0.590937087549494,0.681038275406951,0.499956005279366,1.07980642322921,0.29388473383194,0.434579850417949,0.414254289485261,0.452265728112626,0.238627364716234,0.325560932688077,0.573955125384954,0.238627364716234,0.29388473383194,0.672943246810382,0.233523977122745,0.164100307963044,0.741926968763749,0.494324681038275,0.24082710074791,1.36418829740431,1.03308402991641,1.27003959524857,0.893356797184338,1.00290365156181,0.577738671359437,1.0622085349758,1.44073911130664,0.857369115706115,0.952661680598328
HEB_01_096,0.931104267487901,1.07100747910251,0.532864056313242,0.852529696436427,0.398592168939727,0.415574131104267,0.280510338759348,0.621909370875494,0.496964364276287,0.573955125384953,0,0.297228332600088,0.184073911130664,0.306203255609326,0.398592168939727,0.398592168939727,0.398592168939727,0.398592168939727,0.406511218653761,0.665992080950285,0.797536295644522,0.398592168939727,0.398592168939727,0.398592168939727,0.398592168939727,0.398592168939727,0.398592168939727,0.398592168939727,0.483501979762428,0.723273207215134,0.398592168939727,0.922833260008799,0.922833260008799,0.739991201055873,0.65481742190937,0.781170259568851,1.204393568451,1.08139023317202,1.05648922129344,0.510778706555213,0.766739991201055,0.831676198856137,0.911306643202815,1.02076550813902,0.398592168939727,0.880598328200615,1.08139023317202,0.557149142102947,1.08139023317202,0.557149142102947,1.08139023317202,0.398592168939727,1.08139023317202,0.37941047074351,0.889925208974922,0.937615486141662,0.889925208974922,0.398592168939727,0.744390673119225,0.398592168939727,0.873207215134183,0.926088869335679,0.309018917729872,0.869775626924769,0.297580290365156,0.382138143422789,0.395160580730312,0.395160580730312,0.385569731632204,0.382138143422789,0.569995600527936,1.09115706115266,0.765596128464584,0.340783106027276,0.48851737791465,1.12124945006599,0.540255169379674,0.600703915530136,0.310778706555213,1.01152661680598,1.10224373075231,1.15670919489661,0.898196216454025,0.97465904091509,0.428684557853057,0.893620765508138,0.398592168939727,0.398592168939727,0.398592168939727,0.395160580730312,0.704795424549054,0.843466783985921,1.08139023317202,0.309018917729872,0.466520017597888,0.398592168939727,0.412582490101187,0.434491860976682,0.388033435987681,0.512274527056753,0.472503299604047,0.298548174219093,0.512274527056753,0.398592168939727,0.313066432028156,0.507171139463264,0.268807743070831,0.0441706995160582,0.535679718433787,0.345534535855697,0.666432028156621,0.863264408271007,0.698988121425428,0.195600527936647,0.305147382314122,0.682446106467223,0.427804663440387,0.742982842058952,0.201847778266608,0.254905411350638
HEB_01_097,0.957677078750549,1.09758029036516,0.55943686757589,0.879102507699076,0.425164980202375,0.442146942366916,0.307083150021997,0.648482182138143,0.396832380114386,0.537175538935327,0.0265728112626484,0.323801143862736,0.210646722393313,0.332776066871975,0.425164980202375,0.425164980202375,0.425164980202375,0.425164980202375,0.327496700395952,0.692564892212934,0.697404311482622,0.425164980202375,0.425164980202375,0.425164980202375,0.425164980202375,0.425164980202375,0.425164980202375,0.425164980202375,0.510074791025077,0.749846018477782,0.425164980202375,0.949406071271447,0.949406071271447,0.766564012318521,0.681390233172019,0.681038275406951,1.08139023317202,1.14907695361609,0.956357237131544,0.537351517817862,0.793312802463704,0.858249010118785,0.937879454465464,1.04733831940167,0.425164980202375,0.907171139463264,1.10796304443467,0.583721953365596,1.10796304443467,0.583721953365596,1.10796304443467,0.425164980202375,1.10796304443467,0.405983282006159,0.916498020237571,0.964188297404311,0.916498020237571,0.425164980202375,0.644258688957325,0.425164980202375,0.899780026396832,0.952661680598328,0.33559172899252,0.896348438187417,0.324153101627804,0.408710954685437,0.42173339199296,0.42173339199296,0.412142542894852,0.408710954685437,0.469863616366036,1.05437747470304,0.728816542014958,0.367355917289925,0.388385393752749,1.08446986361637,0.566827980642323,0.56392432908051,0.337351517817861,0.911394632644082,1.06546414430268,1.05657721073471,0.798064232292124,0.874527056753189,0.391904971403431,0.793488781346238,0.425164980202375,0.425164980202375,0.425164980202375,0.42173339199296,0.731368235811702,0.87003959524857,1.10796304443467,0.33559172899252,0.429740431148262,0.425164980202375,0.439155301363836,0.461064672239331,0.414606247250329,0.538847338319401,0.499076110866696,0.325120985481742,0.538847338319401,0.425164980202375,0.339639243290805,0.533743950725912,0.29538055433348,0.0707435107787066,0.435547734271887,0.372107347118345,0.56630004399472,0.763132424109106,0.598856137263528,0.116586009678838,0.268367795864496,0.709018917729872,0.454377474703035,0.642850857897052,0.228420589529256,0.154773427188737
HEB_01_099,1.18618565772107,0.967091948966123,0.787945446546414,0.896436427628684,0.273559172899252,0.670655521337439,0.155477342718874,0.496876374835019,0.878750549934007,0.448922129344478,0.381786185657721,0.172195336559613,0.227980642322921,0.181170259568852,0.273559172899252,0.273559172899252,0.273559172899252,0.273559172899252,0.281478222613286,0.54095908490981,0.672503299604047,0.273559172899252,0.273559172899252,0.273559172899252,0.273559172899252,0.273559172899252,0.273559172899252,0.273559172899252,0.675230972283326,1.10505939287285,0.273559172899252,0.797800263968323,0.797800263968323,0.614958205015398,1.03660360756709,1.16295644522657,1.05648922129344,0.956357237131544,1.34983127109111,0.512450505939287,0.683941926968763,1.21346238451386,1.22974043114826,0.969643642762868,0.273559172899252,0.75556533216014,0.956357237131544,0.432116146062472,0.956357237131544,0.432116146062472,0.956357237131544,0.273559172899252,0.956357237131544,0.338847338319401,0.849362076550813,0.812582490101187,0.849362076550813,0.273559172899252,0.661592608886933,0.273559172899252,0.748174219093708,0.801055873295204,0.183985921689397,0.744742630884293,0.172547294324681,0.278222613286405,0.270127584689837,0.270127584689837,0.28165420149582,0.278222613286405,0.698372195336559,0.966124065112186,0.651121865376154,0.659216893972723,0.384601847778266,0.996216454025516,0.922041355037395,0.486229652441707,0.312450505939287,1.26660800703915,0.977210734711834,1.07391113066432,0.899868015838099,0.891860976682797,0.683765948086229,0.768587769467663,0.273559172899252,0.273559172899252,0.273559172899252,0.270127584689837,0.579762428508579,0.718433787945446,0.956357237131544,0.310690717113946,0.763836339639243,0.273559172899252,0.414254289485261,0.478398592168939,0.389705235371755,0.387241531016278,0.474175098988121,0.405807303123625,0.387241531016278,0.273559172899252,0.568147822261328,0.382138143422789,0.143774747030356,0.425956885173779,0.473999120105587,0.220501539815222,1.04821821381434,0.854377474703035,1.02798064232292,0.577386713594368,0.686933567971843,0.557413110426748,0.746238451385833,1.12476902771667,0.562516498020237,0.636691597008358
HEB_01_101,0.534887813462384,0.52696876374835,0.453409590849098,0.635811702595688,0.466959964804223,0.969643642762868,0.750109986801583,0.39463264408271,0.913770347558293,0.853497580290365,1.20871095468544,0.766827980642322,1.07602287725473,0.723009238891333,0.466959964804223,0.466959964804223,0.466959964804223,0.466959964804223,1.04505059392873,0.882182138143422,0.506907171139463,0.466959964804223,0.466959964804223,0.466959964804223,0.466959964804223,0.466959964804223,0.466959964804223,0.466959964804223,0.678574571051473,0.728288605367356,0.466959964804223,0.632204135503739,0.632204135503739,0.502155741311042,0.702067751869775,0.427188737351517,0.510778706555213,0.537351517817862,0.512450505939287,1.50572354926223,1.10963484381874,0.709986801583809,0.673471183457985,0.645666520017598,0.466959964804223,0.35767707875055,0.537351517817862,0.372107347118345,0.537351517817862,0.372107347118345,0.537351517817862,0.466959964804223,0.537351517817862,0.616717993840739,0.535943686757589,0.414694236691597,0.535943686757589,0.466959964804223,0.474879014518257,0.466959964804223,1.08939727232732,0.667135943686757,0.915882094148702,1.09652441706995,0.957237131544214,0.503299604047514,0.474087109546854,0.474087109546854,0.496172459304883,0.503299604047514,0.490541135063792,0.547118345798504,0.453849538055433,0.409150901891773,0.440739111306643,0.534975802903651,0.862032556093268,0.373427188737351,0.653673559172899,0.636427628684557,0.515970083589969,0.570435547734271,1.01935767707875,1.14861416630004,0.993312802463705,0.655785305763308,0.466959964804223,0.466959964804223,0.466959964804223,0.474087109546854,0.266344038715354,0.436691597008359,0.537351517817862,0.683589969203695,0.429300483941927,0.466959964804223,0.407039155301364,0.671799384073911,0.69925208974923,0.559524857017158,0.540871095468544,0.525296964364276,0.559524857017158,0.466959964804223,0.434227892652881,0.564980202375715,0.590585129784425,0.851649802023757,0.48790145182578,0.762340519137703,0.333567971843378,0.488165420149582,0.239419269687637,0.475142982842059,0.521337439507259,0.412934447866256,0.517289925208975,0.41011878574571,0.544742630884294,0.513330400351957
HEB_01_103,0.875318961724593,0.793488781346238,0.646018477782666,0.934007919049714,0.448394192696876,1.0144302683678,0.562604487461504,0.502771667399912,0.821293444786625,0.8771667399912,0.704443466783986,0.727144742630884,0.793488781346238,0.567179938407391,0.448394192696876,0.448394192696876,0.448394192696876,0.448394192696876,0.794192696876374,0.842498900131984,0.467223933128024,0.448394192696876,0.448394192696876,0.448394192696876,0.448394192696876,0.448394192696876,0.448394192696876,0.448394192696876,0.586097668279806,0.794192696876374,0.448394192696876,0.888165420149582,0.888165420149582,0.62085349758029,0.641267047954245,0.471975362956445,0.766739991201055,0.793312802463704,0.683941926968763,1.10963484381874,1.38251836167538,0.733655961284645,0.728816542014958,0.764364276286845,0.448394192696876,0.592520897492301,0.793312802463704,0.353541575010998,0.793312802463704,0.353541575010998,0.793312802463704,0.448394192696876,0.793312802463704,0.429212494500659,0.601847778266607,0.649538055433348,0.601847778266607,0.448394192696876,0.498548174219093,0.448394192696876,1.21865376154861,0.912538495380554,0.823405191377034,1.2152221733392,0.811966564012318,0.431940167179938,0.444962604487461,0.444962604487461,0.435371755389353,0.431940167179938,0.218565772107347,0.803079630444346,0.667575890893092,0.30611526616806,0.41161460624725,0.769819621645402,0.695644522657281,0.333743950725912,0.392256929168499,0.681214254289485,0.75081390233172,0.741926968763748,0.821293444786625,1.1089309282886,0.921953365596128,0.83783545974483,0.448394192696876,0.448394192696876,0.448394192696876,0.444962604487461,0.416717993840739,0.555389353277606,0.793312802463704,0.358820941487021,0.199560052793665,0.448394192696876,0.388473383194016,0.494852617685877,0.43783545974483,0.562076550813902,0.543422789265288,0.401143862736471,0.562076550813902,0.448394192696876,0.468455785305763,0.556973163220413,0.360844698636163,0.410734711834579,0.258161020677518,0.690981082270127,0.357237131544214,0.448482182138143,0.389793224813022,0.245402551693796,0.291597008358997,0.647778266608007,0.424813022437307,0.433787945446546,0.357237131544214,0.283589969203695
HEB_01_104,1.34148702155741,0.890101187857457,0.985481742190937,0.925032996040475,0.217685877694677,0.84707435107787,0.226308842938847,0.441003079630444,1.11852177738671,0.329696436427628,0.748262208534976,0.243026836779586,0.341047074351077,0.125296964364276,0.217685877694677,0.217685877694677,0.217685877694677,0.217685877694677,0.246722393312802,0.485085789705235,0.489925208974923,0.217685877694677,0.217685877694677,0.217685877694677,0.217685877694677,0.217685877694677,0.217685877694677,0.217685877694677,0.724945006599208,1.30259568851738,0.217685877694677,0.699692036955565,0.699692036955565,0.537967443906731,1.23413990321161,1.27602287725473,0.831676198856137,0.858249010118785,1.21346238451386,0.709986801583809,0.733655961284645,1.50400317607358,1.3850417949846,1.0299164100308,0.217685877694677,0.699692036955565,0.858249010118785,0.376242850857897,0.858249010118785,0.376242850857897,0.858249010118785,0.217685877694677,0.858249010118785,0.367443906731192,0.877958644962604,0.756709194896612,0.877958644962604,0.217685877694677,0.521249450065992,0.217685877694677,0.65006599208095,0.702947646282446,0.128112626484822,0.646634403871535,0.116673999120106,0.243466783985921,0.214254289485262,0.214254289485262,0.246898372195336,0.243466783985921,0.748086229652441,0.804663440387153,0.54245490541135,0.877870655521337,0.223141223053234,0.876990761108667,1.1618125824901,0.377562692476902,0.467751869775627,1.33743950725913,0.857985041794984,0.891333040035195,0.92846458424989,0.793752749670039,0.796832380114386,0.564892212934447,0.217685877694677,0.217685877694677,0.217685877694677,0.214254289485262,0.523889133304003,0.641443026836779,0.858249010118785,0.423757149142103,0.940255169379674,0.217685877694677,0.358380994280686,0.50699516058073,0.439419269687637,0.289133304003519,0.418301803783546,0.518873735151781,0.289133304003519,0.217685877694677,0.702331720193576,0.305147382314122,0.087901451825781,0.792432908051035,0.354773427188737,0.164628244610647,1.20351957765068,0.830180378354597,1.10937087549494,0.7538055433348,0.905587329520457,0.501539815222173,0.986009678838539,1.28007039155301,0.823405191377034,0.791992960844698
HEB_01_106,1.23106027276727,0.948614166300043,0.832820061592608,0.909634843818741,0.255081390233172,0.704971403431588,0.200351957765068,0.478398592168939,0.923625164980202,0.367091948966124,0.553365596128464,0.217069951605807,0.251737791465024,0.162692476902771,0.255081390233172,0.255081390233172,0.255081390233172,0.255081390233172,0.220765508139023,0.52248130224373,0.527320721513418,0.255081390233172,0.255081390233172,0.255081390233172,0.255081390233172,0.255081390233172,0.255081390233172,0.255081390233172,0.751781786185657,1.21328640563132,0.255081390233172,0.779322481302243,0.779322481302243,0.596480422349318,1.14483062032556,1.14447866256049,0.911306643202815,0.937879454465464,1.22974043114826,0.673471183457985,0.728816542014958,1.3850417949846,1.34586117911732,1.05675318961725,0.255081390233172,0.73708754949406,0.937879454465464,0.413638363396392,0.937879454465464,0.413638363396392,0.937879454465464,0.255081390233172,0.937879454465464,0.404839419269687,0.915354157501099,0.794104707435107,0.915354157501099,0.255081390233172,0.558644962604487,0.255081390233172,0.729696436427628,0.782578090629124,0.165508139023317,0.726264848218213,0.154069511658601,0.280862296524417,0.251649802023757,0.251649802023757,0.284293884733831,0.280862296524417,0.711570611526617,0.884293884733832,0.579850417949845,0.725208974923009,0.239419269687637,0.935503739551253,1.05138583369996,0.414958205015398,0.452353717553893,1.31148262208535,0.89538055433348,0.970963484381874,0.913066432028156,0.788913330400351,0.665288165420149,0.623405191377034,0.255081390233172,0.255081390233172,0.255081390233172,0.251649802023757,0.561284645842498,0.699956005279366,0.937879454465464,0.418917729872415,0.85094588649362,0.255081390233172,0.385217773867136,0.523273207215134,0.497932248130224,0.368763748350198,0.413462384513858,0.461240651121865,0.368763748350198,0.255081390233172,0.57078750549934,0.374219093708755,0.125296964364276,0.597536295644522,0.328816542014958,0.202023757149142,1.05085789705235,0.825340959084909,0.977826660800704,0.601143862736471,0.752925648922129,0.538935327760668,0.88614166300044,1.12740871095468,0.670743510778706,0.63933128024637
HEB_01_109,0.960404751429828,1.04751429828421,0.562164540255169,0.850153981522217,0.364540255169379,0.444874615046194,0.309810822701275,0.587857457105147,0.568499780026396,0.476550813902331,0.198240211174659,0.26317641882974,0.1922569291685,0.272151341838979,0.364540255169379,0.364540255169379,0.364540255169379,0.364540255169379,0.266871975362956,0.631940167179938,0.636779586449625,0.364540255169379,0.364540255169379,0.364540255169379,0.364540255169379,0.364540255169379,0.364540255169379,0.364540255169379,0.565596128464584,0.921513418389793,0.364540255169379,0.888781346238451,0.888781346238451,0.705939287285525,0.853057633084029,0.852705675318961,1.02076550813902,1.04733831940167,0.969643642762868,0.645666520017598,0.764364276286845,1.0299164100308,1.05675318961725,1.16111956593661,0.364540255169379,0.846546414430268,1.04733831940167,0.5230972283326,1.04733831940167,0.5230972283326,1.04733831940167,0.364540255169379,1.04733831940167,0.45094588649362,0.961460624725032,0.903563572371315,0.961460624725032,0.364540255169379,0.636427628684557,0.364540255169379,0.839155301363836,0.892036955565332,0.274967003959524,0.835723713154421,0.263528376594808,0.390321161460624,0.361108666959964,0.361108666959964,0.393752749670039,0.390321161460624,0.609854817421909,0.993752749670039,0.689309282886053,0.465112186537615,0.327760668719753,1.02384513858337,0.738495380554333,0.524417069951605,0.466783985921689,1.08306203255609,1.00483941926969,1.05930488341399,0.906379234491861,0.813902331720193,0.39463264408271,0.732864056313242,0.364540255169379,0.364540255169379,0.364540255169379,0.361108666959964,0.670743510778706,0.809414870215574,1.04733831940167,0.443906731192257,0.601407831060272,0.364540255169379,0.37853057633084,0.506027276726792,0.501803783545974,0.478222613286405,0.4384513858337,0.380642322921249,0.478222613286405,0.364540255169379,0.363484381874175,0.473119225692916,0.234755829300484,0.242410910690717,0.374923009238891,0.311482622085349,0.737967443906731,0.860888693356797,0.696612406511218,0.288253409590849,0.440035195776506,0.648394192696876,0.626044874615046,0.814518257809062,0.357853057633084,0.326440827100748
HEB_01_112,0.274879014518257,0.414782226132864,0.510162780466344,0.449714034315882,0.840475142982842,0.350637923449186,0.722393312802463,0.683677958644962,0.305323361196656,0.593488781346238,0.441882974043114,0.739111306643202,0.625956885173779,0.748086229652441,0.840475142982842,0.840475142982842,0.840475142982842,0.840475142982842,0.637219533655961,0.432116146062472,0.352485701715794,0.840475142982842,0.840475142982842,0.840475142982842,0.840475142982842,0.840475142982842,0.840475142982842,0.840475142982842,0.629740431148262,0.320457545094588,0.840475142982842,0.520017597888253,0.520017597888253,0.632820061592609,0.378706555213374,0.29388473383194,0.398592168939727,0.425164980202375,0.273559172899252,0.466959964804223,0.448394192696876,0.217685877694677,0.255081390233172,0.364540255169379,0.947925626943691,0.520017597888253,0.425164980202375,0.745622525296964,0.425164980202375,0.745622525296964,0.425164980202375,0.840475142982842,0.425164980202375,0.779058512978442,0.444874615046194,0.492564892212934,0.444874615046194,0.840475142982842,0.616102067751869,0.840475142982842,0.385921689397272,0.502155741311042,0.750901891772987,0.382490101187857,0.73946326440827,0.824021117465903,0.837043554773427,0.837043554773427,0.827452705675318,0.824021117465903,0.568411790585129,0.434931808183018,0.595072591289045,0.592608886933568,0.803695556533215,0.401671799384073,0.43308402991641,0.725824901011878,0.752661680598328,0.22859656841179,0.424901011878574,0.373779146502419,0.22085349758029,0.191728992520897,0.27927848658161,0.364100307963044,0.840475142982842,0.840475142982842,0.840475142982842,0.837043554773427,0.639859216893972,0.567355917289925,0.425164980202375,0.750901891772987,0.507171139463264,0.840475142982842,0.769995600527936,0.707435107787065,0.74544654641443,0.785217773867135,0.74544654641443,0.740431148262208,0.785217773867135,0.840475142982842,0.670479542454905,0.780114386273647,0.710690717113946,0.486053673559173,0.555213374395072,0.787417509898812,0.221381434227892,0.418213814342279,0.2539375274967,0.531896172459304,0.578090629124505,0.617509898812142,0.510690717113946,0.297932248130224,0.643730752309722,0.570083589969203
HEB_01_121,0.756885173779146,0.896788385393752,0.590937087549494,0.678310602727672,0.520017597888253,0.536999560052793,0.401935767707875,0.743334799824021,0.491684997800264,0.632028156621205,0.121425428948526,0.418653761548614,0.30549934007919,0.427628684557853,0.520017597888253,0.520017597888253,0.520017597888253,0.520017597888253,0.42234931808183,0.787417509898812,0.792256929168499,0.520017597888253,0.520017597888253,0.520017597888253,0.520017597888253,0.520017597888253,0.520017597888253,0.520017597888253,0.309282886053673,0.549054113506379,0.520017597888253,0.748614166300043,0.748614166300043,0.713594368675758,0.480598328200616,0.775890893092828,0.880598328200615,0.907171139463264,0.75556533216014,0.35767707875055,0.592520897492301,0.699692036955565,0.73708754949406,0.846546414430268,0.520017597888253,1.06941044134189,0.907171139463264,0.678574571051473,0.907171139463264,0.678574571051473,0.907171139463264,0.520017597888253,0.907171139463264,0.458600967883854,0.926880774307082,0.974571051473823,0.926880774307082,0.520017597888253,0.696876374835019,0.520017597888253,0.698988121425429,0.751869775626924,0.430444346678398,0.695556533216014,0.419005719313682,0.503563572371315,0.516586009678838,0.516586009678838,0.50699516058073,0.503563572371315,0.564716234051913,0.853585569731631,0.823669159700835,0.462208534975802,0.483238011438627,0.883677958644962,0.366036075670919,0.658776946766388,0.432204135503739,0.710602727672679,0.906907171139463,0.855785305763308,0.618389793224812,0.673735151781786,0.338935327760668,0.698284205895292,0.520017597888253,0.520017597888253,0.520017597888253,0.516586009678838,0.82622085349758,0.817069951605807,0.907171139463264,0.430444346678398,0.524593048834139,0.520017597888253,0.534007919049714,0.386977562692477,0.424989001319841,0.464760228772547,0.424989001319841,0.41997360316762,0.464760228772547,0.520017597888253,0.350021997360316,0.459656841179058,0.390233172019357,0.165596128464584,0.530400351957765,0.466959964804223,0.661152661680598,0.857985041794984,0.693708754949405,0.211438627364716,0.363220413550374,0.80387153541575,0.549230092388913,0.73770347558293,0.323273207215134,0.249626044874615
HEB_01_122,0.957677078750549,1.09758029036516,0.55943686757589,0.879102507699076,0.425164980202375,0.442146942366916,0.307083150021997,0.648482182138143,0.396832380114386,0.537175538935327,0.0265728112626484,0.323801143862736,0.210646722393313,0.332776066871975,0.425164980202375,0.425164980202375,0.425164980202375,0.425164980202375,0.327496700395952,0.692564892212934,0.697404311482622,0.425164980202375,0.425164980202375,0.425164980202375,0.425164980202375,0.425164980202375,0.425164980202375,0.425164980202375,0.510074791025077,0.749846018477782,0.425164980202375,0.949406071271447,0.949406071271447,0.766564012318521,0.681390233172019,0.681038275406951,1.08139023317202,1.10796304443467,0.956357237131544,0.537351517817862,0.793312802463704,0.858249010118785,0.937879454465464,1.04733831940167,0.425164980202375,0.907171139463264,1.14907695361609,0.583721953365596,1.10796304443467,0.583721953365596,1.10796304443467,0.425164980202375,1.10796304443467,0.405983282006159,0.916498020237571,0.964188297404311,0.916498020237571,0.425164980202375,0.644258688957325,0.425164980202375,0.899780026396832,0.952661680598328,0.33559172899252,0.896348438187417,0.324153101627804,0.408710954685437,0.42173339199296,0.42173339199296,0.412142542894852,0.408710954685437,0.469863616366036,1.05437747470304,0.728816542014958,0.367355917289925,0.388385393752749,1.08446986361637,0.566827980642323,0.56392432908051,0.337351517817861,0.911394632644082,1.06546414430268,1.05657721073471,0.798064232292124,0.874527056753189,0.391904971403431,0.793488781346238,0.425164980202375,0.425164980202375,0.425164980202375,0.42173339199296,0.731368235811702,0.87003959524857,1.10796304443467,0.33559172899252,0.429740431148262,0.425164980202375,0.439155301363836,0.461064672239331,0.414606247250329,0.538847338319401,0.499076110866696,0.325120985481742,0.538847338319401,0.425164980202375,0.339639243290805,0.533743950725912,0.29538055433348,0.0707435107787066,0.435547734271887,0.372107347118345,0.56630004399472,0.763132424109106,0.598856137263528,0.116586009678838,0.268367795864496,0.709018917729872,0.454377474703035,0.642850857897052,0.228420589529256,0.154773427188737
HEB_01_123,0.433435987681478,0.573339199296084,0.542014958205015,0.354861416630004,0.745622525296964,0.255785305763308,0.627540695116586,0.67329520457545,0.210470743510779,0.604223493180818,0.347030356357236,0.644258688957325,0.531104267487901,0.653233611966563,0.745622525296964,0.745622525296964,0.745622525296964,0.745622525296964,0.647954245490541,0.506203255609326,0.511042674879014,0.745622525296964,0.745622525296964,0.745622525296964,0.745622525296964,0.745622525296964,0.745622525296964,0.745622525296964,0.534887813462384,0.225604927408711,0.745622525296964,0.425164980202375,0.425164980202375,0.66467223933128,0.410558732952045,0.45244170699516,0.557149142102947,0.583721953365596,0.432116146062472,0.372107347118345,0.353541575010998,0.376242850857897,0.413638363396392,0.5230972283326,0.745622525296964,0.678574571051473,0.583721953365596,0.995831403427513,0.583721953365596,0.904179498460184,0.583721953365596,0.745622525296964,0.583721953365596,0.684205895292565,0.603431588209414,0.651121865376154,0.603431588209414,0.745622525296964,0.647954245490541,0.745622525296964,0.37553893532776,0.428420589529256,0.656049274087109,0.372107347118345,0.644610646722393,0.729168499780026,0.742190937087549,0.742190937087549,0.732600087989441,0.729168499780026,0.72696876374835,0.530136383633963,0.500219973603167,0.687813462384513,0.708842938847338,0.560228772547294,0.338231412230532,0.884381874175098,0.65780906291245,0.387153541575011,0.583457985041794,0.53233611966564,0.37941047074351,0.350285965684117,0.29001319841619,0.417069951605807,0.745622525296964,0.745622525296964,0.745622525296964,0.742190937087549,0.798416190057193,0.725912890453145,0.583721953365596,0.656049274087109,0.665728112626484,0.745622525296964,0.675142982842059,0.612582490101187,0.650593928728552,0.690365156181258,0.650593928728552,0.64557853057633,0.690365156181258,0.745622525296964,0.575626924769027,0.685261768587769,0.615838099428068,0.391201055873295,0.713770347558293,0.692564892212934,0.379938407391113,0.576770787505499,0.41249450065992,0.437043554773427,0.588825340959085,0.522657281126264,0.521425428948526,0.456489221293444,0.548878134623845,0.475230972283326
HEB_01_124,0.957677078750549,1.09758029036516,0.55943686757589,0.879102507699076,0.425164980202375,0.442146942366916,0.307083150021997,0.648482182138143,0.396832380114386,0.537175538935327,0.0265728112626484,0.323801143862736,0.210646722393313,0.332776066871975,0.425164980202375,0.425164980202375,0.425164980202375,0.425164980202375,0.327496700395952,0.692564892212934,0.697404311482622,0.425164980202375,0.425164980202375,0.425164980202375,0.425164980202375,0.425164980202375,0.425164980202375,0.425164980202375,0.510074791025077,0.749846018477782,0.425164980202375,0.949406071271447,0.949406071271447,0.766564012318521,0.681390233172019,0.681038275406951,1.08139023317202,1.10796304443467,0.956357237131544,0.537351517817862,0.793312802463704,0.858249010118785,0.937879454465464,1.04733831940167,0.425164980202375,0.907171139463264,1.10796304443467,0.583721953365596,1.14907695361609,0.583721953365596,1.10796304443467,0.425164980202375,1.10796304443467,0.405983282006159,0.916498020237571,0.964188297404311,0.916498020237571,0.425164980202375,0.644258688957325,0.425164980202375,0.899780026396832,0.952661680598328,0.33559172899252,0.896348438187417,0.324153101627804,0.408710954685437,0.42173339199296,0.42173339199296,0.412142542894852,0.408710954685437,0.469863616366036,1.05437747470304,0.728816542014958,0.367355917289925,0.388385393752749,1.08446986361637,0.566827980642323,0.56392432908051,0.337351517817861,0.911394632644082,1.06546414430268,1.05657721073471,0.798064232292124,0.874527056753189,0.391904971403431,0.793488781346238,0.425164980202375,0.425164980202375,0.425164980202375,0.42173339199296,0.731368235811702,0.87003959524857,1.10796304443467,0.33559172899252,0.429740431148262,0.425164980202375,0.439155301363836,0.461064672239331,0.414606247250329,0.538847338319401,0.499076110866696,0.325120985481742,0.538847338319401,0.425164980202375,0.339639243290805,0.533743950725912,0.29538055433348,0.0707435107787066,0.435547734271887,0.372107347118345,0.56630004399472,0.763132424109106,0.598856137263528,0.116586009678838,0.268367795864496,0.709018917729872,0.454377474703035,0.642850857897052,0.228420589529256,0.154773427188737
HEB_01_126,0.433435987681478,0.573339199296084,0.542014958205015,0.354861416630004,0.745622525296964,0.255785305763308,0.627540695116586,0.67329520457545,0.210470743510779,0.604223493180818,0.347030356357236,0.644258688957325,0.531104267487901,0.653233611966563,0.745622525296964,0.745622525296964,0.745622525296964,0.745622525296964,0.647954245490541,0.506203255609326,0.511042674879014,0.745622525296964,0.745622525296964,0.745622525296964,0.745622525296964,0.745622525296964,0.745622525296964,0.745622525296964,0.534887813462384,0.225604927408711,0.745622525296964,0.425164980202375,0.425164980202375,0.66467223933128,0.410558732952045,0.45244170699516,0.557149142102947,0.583721953365596,0.432116146062472,0.372107347118345,0.353541575010998,0.376242850857897,0.413638363396392,0.5230972283326,0.745622525296964,0.678574571051473,0.583721953365596,0.904179498460184,0.583721953365596,0.995831403427513,0.583721953365596,0.745622525296964,0.583721953365596,0.684205895292565,0.603431588209414,0.651121865376154,0.603431588209414,0.745622525296964,0.647954245490541,0.745622525296964,0.37553893532776,0.428420589529256,0.656049274087109,0.372107347118345,0.644610646722393,0.729168499780026,0.742190937087549,0.742190937087549,0.732600087989441,0.729168499780026,0.72696876374835,0.530136383633963,0.500219973603167,0.687813462384513,0.708842938847338,0.560228772547294,0.338231412230532,0.884381874175098,0.65780906291245,0.387153541575011,0.583457985041794,0.53233611966564,0.37941047074351,0.350285965684117,0.29001319841619,0.417069951605807,0.745622525296964,0.745622525296964,0.745622525296964,0.742190937087549,0.798416190057193,0.725912890453145,0.583721953365596,0.656049274087109,0.665728112626484,0.745622525296964,0.675142982842059,0.612582490101187,0.650593928728552,0.690365156181258,0.650593928728552,0.64557853057633,0.690365156181258,0.745622525296964,0.575626924769027,0.685261768587769,0.615838099428068,0.391201055873295,0.713770347558293,0.692564892212934,0.379938407391113,0.576770787505499,0.41249450065992,0.437043554773427,0.588825340959085,0.522657281126264,0.521425428948526,0.456489221293444,0.548878134623845,0.475230972283326
HEB_01_127,0.957677078750549,1.09758029036516,0.55943686757589,0.879102507699076,0.425164980202375,0.442146942366916,0.307083150021997,0.648482182138143,0.396832380114386,0.537175538935327,0.0265728112626484,0.323801143862736,0.210646722393313,0.332776066871975,0.425164980202375,0.425164980202375,0.425164980202375,0.425164980202375,0.327496700395952,0.692564892212934,0.697404311482622,0.425164980202375,0.425164980202375,0.425164980202375,0.425164980202375,0.425164980202375,0.425164980202375,0.425164980202375,0.510074791025077,0.749846018477782,0.425164980202375,0.949406071271447,0.949406071271447,0.766564012318521,0.681390233172019,0.681038275406951,1.08139023317202,1.10796304443467,0.956357237131544,0.537351517817862,0.793312802463704,0.858249010118785,0.937879454465464,1.04733831940167,0.425164980202375,0.907171139463264,1.10796304443467,0.583721953365596,1.10796304443467,0.583721953365596,1.14907695361609,0.425164980202375,1.10796304443467,0.405983282006159,0.916498020237571,0.964188297404311,0.916498020237571,0.425164980202375,0.644258688957325,0.425164980202375,0.899780026396832,0.952661680598328,0.33559172899252,0.896348438187417,0.324153101627804,0.408710954685437,0.42173339199296,0.42173339199296,0.412142542894852,0.408710954685437,0.469863616366036,1.05437747470304,0.728816542014958,0.367355917289925,0.388385393752749,1.08446986361637,0.566827980642323,0.56392432908051,0.337351517817861,0.911394632644082,1.06546414430268,1.05657721073471,0.798064232292124,0.874527056753189,0.391904971403431,0.793488781346238,0.425164980202375,0.425164980202375,0.425164980202375,0.42173339199296,0.731368235811702,0.87003959524857,1.10796304443467,0.33559172899252,0.429740431148262,0.425164980202375,0.439155301363836,0.461064672239331,0.414606247250329,0.538847338319401,0.499076110866696,0.325120985481742,0.538847338319401,0.425164980202375,0.339639243290805,0.533743950725912,0.29538055433348,0.0707435107787066,0.435547734271887,0.372107347118345,0.56630004399472,0.763132424109106,0.598856137263528,0.116586009678838,0.268367795864496,0.709018917729872,0.454377474703035,0.642850857897052,0.228420589529256,0.154773427188737
HEB_01_128,0.274879014518257,0.414782226132864,0.510162780466344,0.449714034315882,0.840475142982842,0.350637923449186,0.722393312802463,0.683677958644962,0.305323361196656,0.593488781346238,0.441882974043114,0.739111306643202,0.625956885173779,0.748086229652441,0.840475142982842,0.840475142982842,0.840475142982842,0.840475142982842,0.637219533655961,0.432116146062472,0.352485701715794,0.840475142982842,0.840475142982842,0.840475142982842,0.840475142982842,0.840475142982842,0.840475142982842,0.840475142982842,0.629740431148262,0.320457545094588,0.840475142982842,0.520017597888253,0.520017597888253,0.632820061592609,0.378706555213374,0.29388473383194,0.398592168939727,0.425164980202375,0.273559172899252,0.466959964804223,0.448394192696876,0.217685877694677,0.255081390233172,0.364540255169379,0.840475142982842,0.520017597888253,0.425164980202375,0.745622525296964,0.425164980202375,0.745622525296964,0.425164980202375,0.947925626943691,0.425164980202375,0.779058512978442,0.444874615046194,0.492564892212934,0.444874615046194,0.840475142982842,0.616102067751869,0.840475142982842,0.385921689397272,0.502155741311042,0.750901891772987,0.382490101187857,0.73946326440827,0.824021117465903,0.837043554773427,0.837043554773427,0.827452705675318,0.824021117465903,0.568411790585129,0.434931808183018,0.595072591289045,0.592608886933568,0.803695556533215,0.401671799384073,0.43308402991641,0.725824901011878,0.752661680598328,0.22859656841179,0.424901011878574,0.373779146502419,0.22085349758029,0.191728992520897,0.27927848658161,0.364100307963044,0.840475142982842,0.840475142982842,0.840475142982842,0.837043554773427,0.639859216893972,0.567355917289925,0.425164980202375,0.750901891772987,0.507171139463264,0.840475142982842,0.769995600527936,0.707435107787065,0.74544654641443,0.785217773867135,0.74544654641443,0.740431148262208,0.785217773867135,0.840475142982842,0.670479542454905,0.780114386273647,0.710690717113946,0.486053673559173,0.555213374395072,0.787417509898812,0.221381434227892,0.418213814342279,0.2539375274967,0.531896172459304,0.578090629124505,0.617509898812142,0.510690717113946,0.297932248130224,0.643730752309722,0.570083589969203
HEB_01_130,0.957677078750549,1.09758029036516,0.55943686757589,0.879102507699076,0.425164980202375,0.442146942366916,0.307083150021997,0.648482182138143,0.396832380114386,0.537175538935327,0.0265728112626484,0.323801143862736,0.210646722393313,0.332776066871975,0.425164980202375,0.425164980202375,0.425164980202375,0.425164980202375,0.327496700395952,0.692564892212934,0.697404311482622,0.425164980202375,0.425164980202375,0.425164980202375,0.425164980202375,0.425164980202375,0.425164980202375,0.425164980202375,0.510074791025077,0.749846018477782,0.425164980202375,0.949406071271447,0.949406071271447,0.766564012318521,0.681390233172019,0.681038275406951,1.08139023317202,1.10796304443467,0.956357237131544,0.537351517817862,0.793312802463704,0.858249010118785,0.937879454465464,1.04733831940167,0.425164980202375,0.907171139463264,1.10796304443467,0.583721953365596,1.10796304443467,0.583721953365596,1.10796304443467,0.425164980202375,1.14907695361609,0.405983282006159,0.916498020237571,0.964188297404311,0.916498020237571,0.425164980202375,0.644258688957325,0.425164980202375,0.899780026396832,0.952661680598328,0.33559172899252,0.896348438187417,0.324153101627804,0.408710954685437,0.42173339199296,0.42173339199296,0.412142542894852,0.408710954685437,0.469863616366036,1.05437747470304,0.728816542014958,0.367355917289925,0.388385393752749,1.08446986361637,0.566827980642323,0.56392432908051,0.337351517817861,0.911394632644082,1.06546414430268,1.05657721073471,0.798064232292124,0.874527056753189,0.391904971403431,0.793488781346238,0.425164980202375,0.425164980202375,0.425164980202375,0.42173339199296,0.731368235811702,0.87003959524857,1.10796304443467,0.33559172899252,0.429740431148262,0.425164980202375,0.439155301363836,0.461064672239331,0.414606247250329,0.538847338319401,0.499076110866696,0.325120985481742,0.538847338319401,0.425164980202375,0.339639243290805,0.533743950725912,0.29538055433348,0.0707435107787066,0.435547734271887,0.372107347118345,0.56630004399472,0.763132424109106,0.598856137263528,0.116586009678838,0.268367795864496,0.709018917729872,0.454377474703035,0.642850857897052,0.228420589529256,0.154773427188737
HEB_01_131,0.255697316322041,0.395600527936647,0.469863616366036,0.430532336119665,0.779058512978442,0.289221293444786,0.660976682798064,0.622261328640563,0.412846458424989,0.532072151341838,0.549406071271447,0.677694676638803,0.564540255169379,0.686669599648042,0.779058512978442,0.779058512978442,0.779058512978442,0.779058512978442,0.575802903651561,0.370699516058073,0.291069071711394,0.779058512978442,0.779058512978442,0.779058512978442,0.779058512978442,0.779058512978442,0.779058512978442,0.779058512978442,0.695028596568411,0.470215574131104,0.779058512978442,0.500835899692037,0.500835899692037,0.592520897492301,0.52846458424989,0.401407831060272,0.37941047074351,0.405983282006159,0.338847338319401,0.616717993840739,0.429212494500659,0.367443906731192,0.404839419269687,0.45094588649362,0.779058512978442,0.458600967883854,0.405983282006159,0.684205895292565,0.405983282006159,0.684205895292565,0.405983282006159,0.779058512978442,0.405983282006159,0.998478131410045,0.59463264408271,0.473383194016718,0.59463264408271,0.779058512978442,0.660272767267927,0.779058512978442,0.366739991201055,0.482974043114826,0.689485261768587,0.363308402991641,0.678046634403871,0.804839419269687,0.775626924769027,0.775626924769027,0.808271007479102,0.804839419269687,0.675934887813462,0.415750109986801,0.554773427188737,0.615662120545534,0.742278926528816,0.382490101187857,0.582842058952925,0.68552573691157,0.86018477782666,0.378354597448306,0.405719313682358,0.439067311922569,0.370611526616806,0.172547294324681,0.238979322481302,0.344918609766828,0.779058512978442,0.779058512978442,0.779058512978442,0.775626924769027,0.578442586889573,0.527056753189617,0.405983282006159,0.858424989001319,0.614694236691597,0.779058512978442,0.708578970523537,0.814958205015398,0.852969643642763,0.723801143862736,0.68402991641003,0.763484381874175,0.723801143862736,0.779058512978442,0.609062912450506,0.718697756269247,0.649274087109546,0.593576770787505,0.493796744390673,0.726000879894412,0.328904531456225,0.50461944566652,0.298108227012758,0.639419269687637,0.685613726352837,0.556093268807743,0.618213814342279,0.405455345358557,0.709018917729872,0.677606687197536
HEB_01_132,0.766212054553453,0.906115266168059,0.558029036515618,0.687637483501979,0.444874615046194,0.461856577210734,0.326792784865816,0.668191816981962,0.585481742190937,0.556885173779146,0.215222173339199,0.343510778706555,0.230356357237131,0.352485701715794,0.444874615046194,0.444874615046194,0.444874615046194,0.444874615046194,0.347206335239771,0.712274527056753,0.71711394632644,0.444874615046194,0.444874615046194,0.444874615046194,0.444874615046194,0.444874615046194,0.444874615046194,0.444874615046194,0.403079630444346,0.727320721513418,0.444874615046194,0.757941047074351,0.757941047074351,0.680686317641883,0.658864936207655,0.869687637483501,0.889925208974922,0.916498020237571,0.849362076550813,0.535943686757589,0.601847778266607,0.877958644962604,0.915354157501099,0.961460624725032,0.444874615046194,0.926880774307082,0.916498020237571,0.603431588209414,0.916498020237571,0.603431588209414,0.916498020237571,0.444874615046194,0.916498020237571,0.59463264408271,1.14695957123007,0.983897932248129,1.10514738231412,0.444874615046194,0.748438187417509,0.444874615046194,0.708315002199735,0.761196656401231,0.355301363836339,0.704883413990321,0.343862736471623,0.470655521337439,0.441443026836779,0.441443026836779,0.474087109546854,0.470655521337439,0.658512978442586,0.862912450505939,0.769643642762868,0.471535415750109,0.408095028596568,0.893004839419269,0.544302683677958,0.60475142982842,0.526000879894412,0.888869335679718,0.91623405191377,0.949582050153981,0.796656401231852,0.683062032556093,0.306027276726792,0.707611086669599,0.444874615046194,0.444874615046194,0.444874615046194,0.441443026836779,0.751077870655521,0.784161900571931,0.916498020237571,0.524241091069071,0.618389793224813,0.444874615046194,0.458864936207655,0.48077430708315,0.518785745710515,0.389617245930488,0.349846018477782,0.429300483941927,0.389617245930488,0.444874615046194,0.274879014518258,0.384513858336999,0.315090189177298,0.259392872855257,0.455257369115706,0.391816981962164,0.754949406071271,0.930664320281566,0.724153101627804,0.305235371755389,0.457017157941047,0.728728552573691,0.643026836779586,0.831500219973603,0.374835019797624,0.343422789265288
HEB_01_133,0.813902331720193,0.953805543334799,0.605719313682358,0.735327760668719,0.492564892212934,0.509546854377474,0.374483062032556,0.715882094148702,0.464232292124945,0.604575450945886,0.093972723273207,0.391201055873295,0.278046634403871,0.400175978882534,0.492564892212934,0.492564892212934,0.492564892212934,0.492564892212934,0.394896612406511,0.759964804223493,0.76480422349318,0.492564892212934,0.492564892212934,0.492564892212934,0.492564892212934,0.492564892212934,0.492564892212934,0.492564892212934,0.36630004399472,0.606071271447426,0.492564892212934,0.805631324241091,0.805631324241091,0.728376594808622,0.537615486141663,0.748438187417509,0.937615486141662,0.964188297404311,0.812582490101187,0.414694236691597,0.649538055433348,0.756709194896612,0.794104707435107,0.903563572371315,0.492564892212934,0.974571051473823,0.964188297404311,0.651121865376154,0.964188297404311,0.651121865376154,0.964188297404311,0.492564892212934,0.964188297404311,0.473383194016718,0.983897932248129,1.09164295639516,0.983897932248129,0.492564892212934,0.711658600967883,0.492564892212934,0.756005279366476,0.808886933567971,0.402991641003079,0.752573691157061,0.391553013638363,0.476110866695996,0.489133304003519,0.489133304003519,0.479542454905411,0.476110866695996,0.537263528376594,0.910602727672678,0.796216454025516,0.434755829300484,0.455785305763308,0.940695116586009,0.423053233611966,0.631324241091069,0.40475142982842,0.767619885613726,0.96392432908051,0.912802463704355,0.675406951165859,0.730752309722833,0.353717553893532,0.755301363836339,0.492564892212934,0.492564892212934,0.492564892212934,0.489133304003519,0.798768147822261,0.831852177738671,0.964188297404311,0.402991641003079,0.497140343158821,0.492564892212934,0.506555213374395,0.359524857017158,0.397536295644522,0.437307523097228,0.397536295644522,0.392520897492301,0.437307523097228,0.492564892212934,0.322569291684997,0.432204135503739,0.362780466344038,0.138143422789265,0.502947646282446,0.439507259128904,0.633699956005279,0.830532336119665,0.666256049274087,0.183985921689397,0.335767707875055,0.776418829740431,0.521777386713594,0.710250769907611,0.295820501539815,0.222173339199296
HEB_01_134,0.766212054553453,0.906115266168059,0.558029036515618,0.687637483501979,0.444874615046194,0.461856577210734,0.326792784865816,0.668191816981962,0.585481742190937,0.556885173779146,0.215222173339199,0.343510778706555,0.230356357237131,0.352485701715794,0.444874615046194,0.444874615046194,0.444874615046194,0.444874615046194,0.347206335239771,0.712274527056753,0.71711394632644,0.444874615046194,0.444874615046194,0.444874615046194,0.444874615046194,0.444874615046194,0.444874615046194,0.444874615046194,0.403079630444346,0.727320721513418,0.444874615046194,0.757941047074351,0.757941047074351,0.680686317641883,0.658864936207655,0.869687637483501,0.889925208974922,0.916498020237571,0.849362076550813,0.535943686757589,0.601847778266607,0.877958644962604,0.915354157501099,0.961460624725032,0.444874615046194,0.926880774307082,0.916498020237571,0.603431588209414,0.916498020237571,0.603431588209414,0.916498020237571,0.444874615046194,0.916498020237571,0.59463264408271,1.10514738231412,0.983897932248129,1.14695957123007,0.444874615046194,0.748438187417509,0.444874615046194,0.708315002199735,0.761196656401231,0.355301363836339,0.704883413990321,0.343862736471623,0.470655521337439,0.441443026836779,0.441443026836779,0.474087109546854,0.470655521337439,0.658512978442586,0.862912450505939,0.769643642762868,0.471535415750109,0.408095028596568,0.893004839419269,0.544302683677958,0.60475142982842,0.526000879894412,0.888869335679718,0.91623405191377,0.949582050153981,0.796656401231852,0.683062032556093,0.306027276726792,0.707611086669599,0.444874615046194,0.444874615046194,0.444874615046194,0.441443026836779,0.751077870655521,0.784161900571931,0.916498020237571,0.524241091069071,0.618389793224813,0.444874615046194,0.458864936207655,0.48077430708315,0.518785745710515,0.389617245930488,0.349846018477782,0.429300483941927,0.389617245930488,0.444874615046194,0.274879014518258,0.384513858336999,0.315090189177298,0.259392872855257,0.455257369115706,0.391816981962164,0.754949406071271,0.930664320281566,0.724153101627804,0.305235371755389,0.457017157941047,0.728728552573691,0.643026836779586,0.831500219973603,0.374835019797624,0.343422789265288
HEB_01_137,0.274879014518257,0.414782226132864,0.510162780466344,0.449714034315882,0.840475142982842,0.350637923449186,0.722393312802463,0.683677958644962,0.305323361196656,0.593488781346238,0.441882974043114,0.739111306643202,0.625956885173779,0.748086229652441,0.840475142982842,0.840475142982842,0.840475142982842,0.840475142982842,0.637219533655961,0.432116146062472,0.352485701715794,0.840475142982842,0.840475142982842,0.840475142982842,0.840475142982842,0.840475142982842,0.840475142982842,0.840475142982842,0.629740431148262,0.320457545094588,0.840475142982842,0.520017597888253,0.520017597888253,0.632820061592609,0.378706555213374,0.29388473383194,0.398592168939727,0.425164980202375,0.273559172899252,0.466959964804223,0.448394192696876,0.217685877694677,0.255081390233172,0.364540255169379,0.840475142982842,0.520017597888253,0.425164980202375,0.745622525296964,0.425164980202375,0.745622525296964,0.425164980202375,0.840475142982842,0.425164980202375,0.779058512978442,0.444874615046194,0.492564892212934,0.444874615046194,0.947925626943691,0.616102067751869,0.840475142982842,0.385921689397272,0.502155741311042,0.750901891772987,0.382490101187857,0.73946326440827,0.824021117465903,0.837043554773427,0.837043554773427,0.827452705675318,0.824021117465903,0.568411790585129,0.434931808183018,0.595072591289045,0.592608886933568,0.803695556533215,0.401671799384073,0.43308402991641,0.725824901011878,0.752661680598328,0.22859656841179,0.424901011878574,0.373779146502419,0.22085349758029,0.191728992520897,0.27927848658161,0.364100307963044,0.840475142982842,0.840475142982842,0.840475142982842,0.837043554773427,0.639859216893972,0.567355917289925,0.425164980202375,0.750901891772987,0.507171139463264,0.840475142982842,0.769995600527936,0.707435107787065,0.74544654641443,0.785217773867135,0.74544654641443,0.740431148262208,0.785217773867135,0.840475142982842,0.670479542454905,0.780114386273647,0.710690717113946,0.486053673559173,0.555213374395072,0.787417509898812,0.221381434227892,0.418213814342279,0.2539375274967,0.531896172459304,0.578090629124505,0.617509898812142,0.510690717113946,0.297932248130224,0.643730752309722,0.570083589969203
HEB_01_140,0.493972723273207,0.633875934887813,0.507523097228332,0.542102947646282,0.616102067751869,0.379674439067312,0.498020237571491,0.649362076550813,0.545534535855697,0.611966564012318,0.301979762428508,0.51473823141223,0.401583809942807,0.523713154421469,0.616102067751869,0.616102067751869,0.616102067751869,0.616102067751869,0.571227452705675,0.545622525296964,0.634931808183018,0.616102067751869,0.616102067751869,0.616102067751869,0.616102067751869,0.616102067751869,0.616102067751869,0.616102067751869,0.489837219533655,0.497316322041355,0.616102067751869,0.612406511218653,0.612406511218653,0.630180378354597,0.492212934447866,0.681918169819621,0.744390673119225,0.644258688957325,0.661592608886933,0.474879014518257,0.498548174219093,0.521249450065992,0.558644962604487,0.636427628684557,0.616102067751869,0.696876374835019,0.644258688957325,0.647954245490541,0.644258688957325,0.647954245490541,0.644258688957325,0.616102067751869,0.644258688957325,0.660272767267927,0.748438187417509,0.711658600967883,0.748438187417509,0.616102067751869,0.90425461523192,0.616102067751869,0.520545534535855,0.605103387593488,0.526528816542015,0.51711394632644,0.515090189177298,0.620765508139023,0.612670479542454,0.612670479542454,0.624197096348438,0.620765508139023,0.713594368675759,0.685701715794104,0.719137703475582,0.50549934007919,0.706027276726792,0.684117905851297,0.462120545534535,0.702067751869775,0.612758468983721,0.658864936207655,0.707347118345798,0.761812582490101,0.608886933567971,0.537527496700395,0.329432468103827,0.635987681478222,0.616102067751869,0.616102067751869,0.616102067751869,0.612670479542454,0.668895732512098,0.649186097668279,0.644258688957325,0.610998680158381,0.599560052793664,0.616102067751869,0.587857457105147,0.567531896172459,0.605543334799823,0.560844698636163,0.521073471183458,0.558293004839419,0.560844698636163,0.616102067751869,0.446106467223933,0.555741311042674,0.486317641882974,0.346150461944566,0.60536735591729,0.563044434667839,0.588297404311482,0.774571051473823,0.589177298724153,0.497580290365156,0.554333479982402,0.646546414430268,0.550285965684117,0.664848218213814,0.482710074791025,0.556885173779146
HEB_01_328,0.274879014518257,0.414782226132864,0.510162780466344,0.449714034315882,0.840475142982842,0.350637923449186,0.722393312802463,0.683677958644962,0.305323361196656,0.593488781346238,0.441882974043114,0.739111306643202,0.625956885173779,0.748086229652441,0.840475142982842,0.840475142982842,0.840475142982842,0.840475142982842,0.637219533655961,0.432116146062472,0.352485701715794,0.840475142982842,0.840475142982842,0.840475142982842,0.840475142982842,0.840475142982842,0.840475142982842,0.840475142982842,0.629740431148262,0.320457545094588,0.840475142982842,0.520017597888253,0.520017597888253,0.632820061592609,0.378706555213374,0.29388473383194,0.398592168939727,0.425164980202375,0.273559172899252,0.466959964804223,0.448394192696876,0.217685877694677,0.255081390233172,0.364540255169379,0.840475142982842,0.520017597888253,0.425164980202375,0.745622525296964,0.425164980202375,0.745622525296964,0.425164980202375,0.840475142982842,0.425164980202375,0.779058512978442,0.444874615046194,0.492564892212934,0.444874615046194,0.840475142982842,0.616102067751869,0.947925626943691,0.385921689397272,0.502155741311042,0.750901891772987,0.382490101187857,0.73946326440827,0.824021117465903,0.837043554773427,0.837043554773427,0.827452705675318,0.824021117465903,0.568411790585129,0.434931808183018,0.595072591289045,0.592608886933568,0.803695556533215,0.401671799384073,0.43308402991641,0.725824901011878,0.752661680598328,0.22859656841179,0.424901011878574,0.373779146502419,0.22085349758029,0.191728992520897,0.27927848658161,0.364100307963044,0.840475142982842,0.840475142982842,0.840475142982842,0.837043554773427,0.639859216893972,0.567355917289925,0.425164980202375,0.750901891772987,0.507171139463264,0.840475142982842,0.769995600527936,0.707435107787065,0.74544654641443,0.785217773867135,0.74544654641443,0.740431148262208,0.785217773867135,0.840475142982842,0.670479542454905,0.780114386273647,0.710690717113946,0.486053673559173,0.555213374395072,0.787417509898812,0.221381434227892,0.418213814342279,0.2539375274967,0.531896172459304,0.578090629124505,0.617509898812142,0.510690717113946,0.297932248130224,0.643730752309722,0.570083589969203
HEB_10_003,0.791728992520897,0.88939727232732,0.477958644962604,0.860976682798064,0.385921689397272,1.07866256049274,0.605719313682358,0.60923889133304,0.737703475582929,1.00475142982842,0.663088429388473,0.580202375714914,0.847162340519138,0.610294764628244,0.385921689397272,0.385921689397272,0.385921689397272,0.385921689397272,0.879542454905411,1.16014078310603,0.784865816102067,0.385921689397272,0.385921689397272,0.385921689397272,0.385921689397272,0.385921689397272,0.385921689397272,0.385921689397272,0.470831500219973,0.710602727672679,0.385921689397272,0.910162780466343,0.910162780466343,0.642850857897052,0.55767707875055,0.472855257369115,0.873207215134183,0.899780026396832,0.748174219093708,1.08939727232732,1.21865376154861,0.65006599208095,0.729696436427628,0.839155301363836,0.385921689397272,0.698988121425429,0.899780026396832,0.37553893532776,0.899780026396832,0.37553893532776,0.899780026396832,0.385921689397272,0.899780026396832,0.366739991201055,0.708315002199735,0.756005279366476,0.708315002199735,0.385921689397272,0.520545534535855,0.385921689397272,1.47118374909019,0.934535855697316,0.866520017597888,1.53286405631324,0.960668719753629,0.369467663880334,0.382490101187857,0.382490101187857,0.372899252089749,0.369467663880334,0.2616805983282,0.909546854377474,0.689573251209854,0.222525296964364,0.349142102947646,0.87628684557853,0.527584689837219,0.355741311042674,0.298108227012758,0.703211614606247,0.857281126264848,0.848394192696876,0.906643202815662,1.34210294764628,0.94395072591289,0.880950285965683,0.385921689397272,0.385921689397272,0.385921689397272,0.382490101187857,0.523185217773867,0.661856577210734,0.899780026396832,0.296348438187417,0.221557413110426,0.385921689397272,0.399912010558732,0.421821381434228,0.375362956445226,0.499604047514298,0.459832820061592,0.285877694676638,0.499604047514298,0.385921689397272,0.300395952485701,0.494500659920809,0.425076990761108,0.284909810822701,0.396304443466784,0.670743510778706,0.358117025956885,0.554949406071271,0.390673119225692,0.0773427188737352,0.144654641443027,0.669775626924769,0.330664320281566,0.434667839859217,0.189177298724153,0.115530136383634
HEB_10_006,0.844610646722393,0.942278926528816,0.562516498020237,0.956093268807743,0.502155741311042,0.582490101187857,0.405191377034755,0.641003079630444,0.526616805983282,0.561372635283766,0.16691597008359,0.443026836779586,0.350989881214254,0.420325560932688,0.502155741311042,0.502155741311042,0.502155741311042,0.502155741311042,0.35169379674439,0.632292124945006,0.563220413550374,0.502155741311042,0.502155741311042,0.502155741311042,0.502155741311042,0.502155741311042,0.502155741311042,0.502155741311042,0.587065552133743,0.826836779586449,0.502155741311042,1.02639683238011,1.02639683238011,0.727408710954685,0.642234931808183,0.525736911570611,0.926088869335679,0.952661680598328,0.801055873295204,0.667135943686757,0.912538495380554,0.702947646282446,0.782578090629124,0.892036955565332,0.502155741311042,0.751869775626924,0.952661680598328,0.428420589529256,0.952661680598328,0.428420589529256,0.952661680598328,0.502155741311042,0.952661680598328,0.482974043114826,0.761196656401231,0.808886933567971,0.761196656401231,0.502155741311042,0.605103387593488,0.502155741311042,0.934535855697316,1.12194799179514,0.465376154861416,0.941663000439947,0.443378794544654,0.49626044874615,0.509282886053673,0.509282886053673,0.489133304003519,0.49626044874615,0.314562252529696,0.951869775626924,0.805807303123624,0.264848218213814,0.465376154861416,0.929168499780026,0.64381874175099,0.40862296524417,0.414342278926528,0.756093268807743,0.910162780466343,0.901275846898372,0.65332160140783,0.782578090629124,0.437219533655961,0.754333479982402,0.502155741311042,0.502155741311042,0.502155741311042,0.509282886053673,0.576066871975362,0.71473823141223,0.952661680598328,0.423141223053233,0.274439067311922,0.502155741311042,0.526704795424549,0.538055433347998,0.491597008358997,0.615838099428068,0.576066871975362,0.402111746590409,0.615838099428068,0.502155741311042,0.416630004399471,0.610734711834579,0.393488781346238,0.211086669599648,0.301363836339639,0.459656841179058,0.41099868015838,0.607831060272767,0.443554773427188,0.193576770787505,0.250329960404751,0.786009678838539,0.436339639243291,0.487549494060712,0.305411350637923,0.231764188297404
HEB_10_007,0.227540695116586,0.325208974923009,0.462824461064672,0.381258249010118,0.750901891772987,0.852353717553893,0.907347118345798,0.594104707435107,0.564188297404311,1.03185217773867,0.943598768147822,0.945182578090628,1.12767267927849,0.933040035195776,0.750901891772987,0.750901891772987,0.750901891772987,0.750901891772987,1.11781786185658,0.849362076550814,0.474087109546854,0.750901891772987,0.750901891772987,0.750901891772987,0.750901891772987,0.750901891772987,0.750901891772987,0.750901891772987,0.540167179938407,0.230884293884734,0.750901891772987,0.430444346678398,0.430444346678398,0.543246810382754,0.289133304003519,0.204311482622085,0.309018917729872,0.33559172899252,0.183985921689397,0.915882094148702,0.823405191377034,0.128112626484822,0.165508139023317,0.274967003959524,0.750901891772987,0.430444346678398,0.33559172899252,0.656049274087109,0.33559172899252,0.656049274087109,0.33559172899252,0.750901891772987,0.33559172899252,0.689485261768587,0.355301363836339,0.402991641003079,0.355301363836339,0.750901891772987,0.526528816542015,0.750901891772987,0.866520017597888,0.465376154861416,1.21021637001257,0.873647162340519,1.22006159260889,0.745006599208095,0.758029036515618,0.758029036515618,0.737879454465464,0.745006599208095,0.478838539375275,0.345358556973163,0.50549934007919,0.503035635723713,0.714122305323361,0.312098548174219,0.343510778706555,0.636251649802023,0.663088429388473,0.139023317201936,0.335327760668719,0.284205895292564,0.405807303123625,0.693444786625605,0.780994280686317,0.506819181698196,0.750901891772987,0.750901891772987,0.750901891772987,0.758029036515618,0.550285965684118,0.47778266608007,0.33559172899252,0.671887373515178,0.417597888253409,0.750901891772987,0.690981082270127,0.61786185657721,0.655873295204575,0.695644522657281,0.655873295204575,0.650857897052353,0.695644522657281,0.750901891772987,0.58090629124505,0.690541135063792,0.74782226132864,0.607655081390233,0.592344918609766,1.02516498020238,0.131808183018038,0.328640563132424,0.164364276286845,0.44232292124945,0.48851737791465,0.527936647602287,0.421117465904091,0.20835899692037,0.554157501099868,0.480510338759348
HEB_10_008,0.788297404311482,0.885965684117906,0.474527056753189,0.857545094588649,0.382490101187857,1.09634843818742,0.623405191377034,0.605807303123625,0.74483062032556,1.00131984161901,0.680774307083149,0.576770787505499,0.864848218213814,0.617421909370875,0.382490101187857,0.382490101187857,0.382490101187857,0.382490101187857,0.876110866695996,1.1778266608007,0.802551693796744,0.382490101187857,0.382490101187857,0.382490101187857,0.382490101187857,0.382490101187857,0.382490101187857,0.382490101187857,0.467399912010558,0.707171139463264,0.382490101187857,0.906731192256929,0.906731192256929,0.639419269687637,0.554245490541135,0.469423669159701,0.869775626924769,0.896348438187417,0.744742630884293,1.09652441706995,1.2152221733392,0.646634403871535,0.726264848218213,0.835723713154421,0.382490101187857,0.695556533216014,0.896348438187417,0.372107347118345,0.896348438187417,0.372107347118345,0.896348438187417,0.382490101187857,0.896348438187417,0.363308402991641,0.704883413990321,0.752573691157061,0.704883413990321,0.382490101187857,0.51711394632644,0.382490101187857,1.53286405631324,0.941663000439947,0.873647162340519,1.47396281347185,0.957237131544215,0.376594808622965,0.389617245930488,0.389617245930488,0.369467663880334,0.376594808622965,0.258249010118785,0.906115266168059,0.686141663000439,0.219093708754949,0.345710514738231,0.872855257369115,0.524153101627804,0.35230972283326,0.294676638803343,0.699780026396832,0.853849538055433,0.844962604487461,0.913770347558292,1.35978882534096,0.961636603607567,0.89863616366036,0.382490101187857,0.382490101187857,0.382490101187857,0.389617245930488,0.519753629564452,0.658424989001319,0.896348438187417,0.303475582930048,0.218125824901012,0.382490101187857,0.407039155301363,0.418389793224813,0.371931368235811,0.496172459304883,0.456401231852177,0.282446106467224,0.496172459304883,0.382490101187857,0.296964364276287,0.491069071711394,0.442762868455785,0.302595688517378,0.41399032116146,0.677870655521337,0.35468543774747,0.551517817861856,0.387241531016277,0.0739111306643203,0.141223053233612,0.666344038715354,0.327232732072151,0.431236251649802,0.185745710514738,0.112098548174219
HEB_10_010,0.21610206775187,0.313770347558293,0.451385833699956,0.369819621645402,0.73946326440827,0.925384953805543,0.959260888693356,0.582666080070391,0.584425868895732,1.08376594808623,1.01663000439947,0.933743950725912,1.20070391553014,0.963836339639242,0.73946326440827,0.73946326440827,0.73946326440827,0.73946326440827,1.21196656401232,0.922393312802463,0.547118345798504,0.73946326440827,0.73946326440827,0.73946326440827,0.73946326440827,0.73946326440827,0.73946326440827,0.73946326440827,0.528728552573691,0.219445666520017,0.73946326440827,0.419005719313682,0.419005719313682,0.531808183018037,0.277694676638803,0.192872855257369,0.297580290365156,0.324153101627804,0.172547294324681,0.957237131544214,0.811966564012318,0.116673999120106,0.154069511658601,0.263528376594808,0.73946326440827,0.419005719313682,0.324153101627804,0.644610646722393,0.324153101627804,0.644610646722393,0.324153101627804,0.73946326440827,0.324153101627804,0.678046634403871,0.343862736471623,0.391553013638363,0.343862736471623,0.73946326440827,0.515090189177298,0.73946326440827,0.960668719753629,0.443378794544654,1.22006159260889,0.957237131544215,1.30417521339244,0.723009238891333,0.736031676198856,0.736031676198856,0.726440827100747,0.723009238891333,0.467399912010558,0.333919929608447,0.494060712714474,0.491597008358997,0.702683677958645,0.300659920809502,0.332072151341839,0.624813022437307,0.651649802023757,0.12758468983722,0.323889133304003,0.272767267927848,0.436603607567091,0.766476022877255,0.854025516937967,0.474263088429388,0.73946326440827,0.73946326440827,0.73946326440827,0.736031676198856,0.538847338319401,0.466344038715354,0.324153101627804,0.649890013198416,0.406159260888693,0.73946326440827,0.668983721953365,0.606423229212494,0.644434667839859,0.684205895292564,0.644434667839859,0.639419269687637,0.684205895292564,0.73946326440827,0.569467663880334,0.679102507699076,0.778618565772107,0.6384513858337,0.623141223053233,1.0242850857897,0.120369555653321,0.317201935767707,0.152925648922129,0.430884293884733,0.477078750549934,0.516498020237571,0.409678838539375,0.196920369555653,0.542718873735151,0.469071711394632
HEB_10_014,0.258424989001319,0.398328200615926,0.493708754949406,0.433260008798944,0.824021117465903,0.355301363836339,0.727056753189617,0.667223933128024,0.341663000439947,0.5770347558293,0.488781346238451,0.722657281126264,0.630620325560932,0.742190937087549,0.824021117465903,0.824021117465903,0.824021117465903,0.824021117465903,0.620765508139023,0.436779586449626,0.357149142102947,0.824021117465903,0.824021117465903,0.824021117465903,0.824021117465903,0.824021117465903,0.824021117465903,0.824021117465903,0.634403871535415,0.346238451385833,0.824021117465903,0.503563572371315,0.503563572371315,0.61636603607567,0.404487461504619,0.319665640123185,0.382138143422789,0.408710954685437,0.278222613286405,0.503299604047514,0.431940167179938,0.243466783985921,0.280862296524417,0.390321161460624,0.824021117465903,0.503563572371315,0.408710954685437,0.729168499780026,0.408710954685437,0.729168499780026,0.408710954685437,0.824021117465903,0.408710954685437,0.804839419269687,0.470655521337439,0.476110866695996,0.470655521337439,0.824021117465903,0.620765508139023,0.824021117465903,0.369467663880334,0.49626044874615,0.745006599208095,0.376594808622965,0.723009238891333,0.962879640044995,0.831148262208534,0.831148262208534,0.853233611966563,0.860360756709194,0.594192696876374,0.41847778266608,0.599736031676198,0.597272327320721,0.787241531016277,0.385217773867136,0.458864936207655,0.730488341399032,0.778442586889573,0.254377474703035,0.408446986361636,0.399560052793664,0.257193136823581,0.196392432908051,0.283941926968763,0.368763748350198,0.824021117465903,0.824021117465903,0.824021117465903,0.831148262208534,0.623405191377034,0.550901891772987,0.408710954685437,0.787241531016277,0.532952045754509,0.824021117465903,0.764100307963044,0.73321601407831,0.771227452705675,0.768763748350197,0.728992520897492,0.745094588649362,0.768763748350197,0.824021117465903,0.654025516937967,0.763660360756709,0.715354157501099,0.532952045754509,0.559876814782226,0.781522217333919,0.247162340519137,0.443994720633524,0.258600967883854,0.55767707875055,0.60387153541575,0.601055873295204,0.536471623405191,0.323713154421469,0.627276726792785,0.595864496260448
HEB_10_018,0.271447426308842,0.411350637923449,0.506731192256929,0.446282446106467,0.837043554773427,0.368323801143862,0.74007919049714,0.680246370435547,0.312450505939287,0.590057193136823,0.459568851737791,0.735679718433787,0.643642762868455,0.755213374395072,0.837043554773427,0.837043554773427,0.837043554773427,0.837043554773427,0.633787945446546,0.449802023757149,0.37017157941047,0.837043554773427,0.837043554773427,0.837043554773427,0.837043554773427,0.837043554773427,0.837043554773427,0.837043554773427,0.626308842938847,0.317025956885173,0.837043554773427,0.516586009678838,0.516586009678838,0.629388473383193,0.375274967003959,0.290453145622525,0.395160580730312,0.42173339199296,0.270127584689837,0.474087109546854,0.444962604487461,0.214254289485262,0.251649802023757,0.361108666959964,0.837043554773427,0.516586009678838,0.42173339199296,0.742190937087549,0.42173339199296,0.742190937087549,0.42173339199296,0.837043554773427,0.42173339199296,0.775626924769027,0.441443026836779,0.489133304003519,0.441443026836779,0.837043554773427,0.612670479542454,0.837043554773427,0.382490101187857,0.509282886053673,0.758029036515618,0.389617245930488,0.736031676198856,0.831148262208534,0.950704691325349,0.844170699516057,0.824021117465903,0.831148262208534,0.564980202375714,0.431500219973603,0.59164100307963,0.589177298724153,0.800263968323801,0.398240211174659,0.429652441706995,0.722393312802463,0.749230092388913,0.225164980202376,0.421469423669159,0.370347558293004,0.227980642322921,0.209414870215574,0.296964364276286,0.381786185657721,0.837043554773427,0.837043554773427,0.837043554773427,0.844170699516057,0.636427628684557,0.56392432908051,0.42173339199296,0.758029036515618,0.503739551253849,0.837043554773427,0.777122745270567,0.70400351957765,0.742014958205015,0.78178618565772,0.742014958205015,0.736999560052793,0.78178618565772,0.837043554773427,0.66704795424549,0.776682798064232,0.728376594808622,0.503739551253849,0.572899252089749,0.794544654641442,0.217949846018477,0.414782226132864,0.250505939287285,0.52846458424989,0.57465904091509,0.614078310602727,0.507259128904531,0.294500659920809,0.640299164100308,0.566652001759788
HEB_10_020,0.271447426308842,0.411350637923449,0.506731192256929,0.446282446106467,0.837043554773427,0.368323801143862,0.74007919049714,0.680246370435547,0.312450505939287,0.590057193136823,0.459568851737791,0.735679718433787,0.643642762868455,0.755213374395072,0.837043554773427,0.837043554773427,0.837043554773427,0.837043554773427,0.633787945446546,0.449802023757149,0.37017157941047,0.837043554773427,0.837043554773427,0.837043554773427,0.837043554773427,0.837043554773427,0.837043554773427,0.837043554773427,0.626308842938847,0.317025956885173,0.837043554773427,0.516586009678838,0.516586009678838,0.629388473383193,0.375274967003959,0.290453145622525,0.395160580730312,0.42173339199296,0.270127584689837,0.474087109546854,0.444962604487461,0.214254289485262,0.251649802023757,0.361108666959964,0.837043554773427,0.516586009678838,0.42173339199296,0.742190937087549,0.42173339199296,0.742190937087549,0.42173339199296,0.837043554773427,0.42173339199296,0.775626924769027,0.441443026836779,0.489133304003519,0.441443026836779,0.837043554773427,0.612670479542454,0.837043554773427,0.382490101187857,0.509282886053673,0.758029036515618,0.389617245930488,0.736031676198856,0.831148262208534,0.844170699516057,0.950704691325349,0.824021117465903,0.831148262208534,0.564980202375714,0.431500219973603,0.59164100307963,0.589177298724153,0.800263968323801,0.398240211174659,0.429652441706995,0.722393312802463,0.749230092388913,0.225164980202376,0.421469423669159,0.370347558293004,0.227980642322921,0.209414870215574,0.296964364276286,0.381786185657721,0.837043554773427,0.837043554773427,0.837043554773427,0.844170699516057,0.636427628684557,0.56392432908051,0.42173339199296,0.758029036515618,0.503739551253849,0.837043554773427,0.777122745270567,0.70400351957765,0.742014958205015,0.78178618565772,0.742014958205015,0.736999560052793,0.78178618565772,0.837043554773427,0.66704795424549,0.776682798064232,0.728376594808622,0.503739551253849,0.572899252089749,0.794544654641442,0.217949846018477,0.414782226132864,0.250505939287285,0.52846458424989,0.57465904091509,0.614078310602727,0.507259128904531,0.294500659920809,0.640299164100308,0.566652001759788
HEB_10_022,0.261856577210734,0.40175978882534,0.497140343158821,0.436691597008359,0.827452705675318,0.337615486141663,0.70937087549494,0.670655521337439,0.334535855697316,0.580466344038715,0.471095468543774,0.726088869335679,0.612934447866256,0.735063792344918,0.827452705675318,0.827452705675318,0.827452705675318,0.827452705675318,0.624197096348438,0.419093708754949,0.339463264408271,0.827452705675318,0.827452705675318,0.827452705675318,0.827452705675318,0.827452705675318,0.827452705675318,0.827452705675318,0.63783545974483,0.349670039595248,0.827452705675318,0.50699516058073,0.50699516058073,0.619797624285085,0.407919049714034,0.3230972283326,0.385569731632204,0.412142542894852,0.28165420149582,0.496172459304883,0.435371755389353,0.246898372195336,0.284293884733831,0.393752749670039,0.827452705675318,0.50699516058073,0.412142542894852,0.732600087989441,0.412142542894852,0.732600087989441,0.412142542894852,0.827452705675318,0.412142542894852,0.808271007479102,0.474087109546854,0.479542454905411,0.474087109546854,0.827452705675318,0.624197096348438,0.827452705675318,0.372899252089749,0.489133304003519,0.737879454465464,0.369467663880334,0.726440827100747,0.853233611966563,0.824021117465903,0.824021117465903,0.960100575663337,0.853233611966563,0.597624285085789,0.421909370875494,0.603167619885613,0.600703915530136,0.790673119225692,0.38864936207655,0.46229652441707,0.733919929608446,0.781874175098988,0.25780906291245,0.411878574571051,0.402991641003079,0.25006599208095,0.178706555213374,0.266256049274087,0.351077870655521,0.827452705675318,0.827452705675318,0.827452705675318,0.824021117465903,0.626836779586449,0.554333479982402,0.412142542894852,0.780114386273647,0.536383633963924,0.827452705675318,0.756973163220413,0.736647602287725,0.77465904091509,0.772195336559612,0.732424109106907,0.748526176858776,0.772195336559612,0.827452705675318,0.657457105147382,0.767091948966123,0.697668279806423,0.515266168059832,0.542190937087549,0.774395072591288,0.250593928728552,0.447426308842938,0.262032556093268,0.561108666959964,0.607303123625165,0.604487461504619,0.539903211614606,0.327144742630884,0.630708315002199,0.599296084469863
HEB_10_025,0.258424989001319,0.398328200615926,0.493708754949406,0.433260008798944,0.824021117465903,0.355301363836339,0.727056753189617,0.667223933128024,0.341663000439947,0.5770347558293,0.488781346238451,0.722657281126264,0.630620325560932,0.742190937087549,0.824021117465903,0.824021117465903,0.824021117465903,0.824021117465903,0.620765508139023,0.436779586449626,0.357149142102947,0.824021117465903,0.824021117465903,0.824021117465903,0.824021117465903,0.824021117465903,0.824021117465903,0.824021117465903,0.634403871535415,0.346238451385833,0.824021117465903,0.503563572371315,0.503563572371315,0.61636603607567,0.404487461504619,0.319665640123185,0.382138143422789,0.408710954685437,0.278222613286405,0.503299604047514,0.431940167179938,0.243466783985921,0.280862296524417,0.390321161460624,0.824021117465903,0.503563572371315,0.408710954685437,0.729168499780026,0.408710954685437,0.729168499780026,0.408710954685437,0.824021117465903,0.408710954685437,0.804839419269687,0.470655521337439,0.476110866695996,0.470655521337439,0.824021117465903,0.620765508139023,0.824021117465903,0.369467663880334,0.49626044874615,0.745006599208095,0.376594808622965,0.723009238891333,0.860360756709194,0.831148262208534,0.831148262208534,0.853233611966563,0.962879640044995,0.594192696876374,0.41847778266608,0.599736031676198,0.597272327320721,0.787241531016277,0.385217773867136,0.458864936207655,0.730488341399032,0.778442586889573,0.254377474703035,0.408446986361636,0.399560052793664,0.257193136823581,0.196392432908051,0.283941926968763,0.368763748350198,0.824021117465903,0.824021117465903,0.824021117465903,0.831148262208534,0.623405191377034,0.550901891772987,0.408710954685437,0.787241531016277,0.532952045754509,0.824021117465903,0.764100307963044,0.73321601407831,0.771227452705675,0.768763748350197,0.728992520897492,0.745094588649362,0.768763748350197,0.824021117465903,0.654025516937967,0.763660360756709,0.715354157501099,0.532952045754509,0.559876814782226,0.781522217333919,0.247162340519137,0.443994720633524,0.258600967883854,0.55767707875055,0.60387153541575,0.601055873295204,0.536471623405191,0.323713154421469,0.627276726792785,0.595864496260448
HEB_10_040,0.509634843818741,0.47003959524857,0.586537615486141,0.32547294324681,0.568411790585129,0.331984161900572,0.513682358117026,0.559436867575891,0.709018917729872,0.522041355037395,0.655521337439507,0.46704795424549,0.459480862296524,0.476022877254729,0.568411790585129,0.568411790585129,0.568411790585129,0.568411790585129,0.576330840299164,0.392344918609767,0.523889133304003,0.568411790585129,0.568411790585129,0.568411790585129,0.568411790585129,0.568411790585129,0.568411790585129,0.568411790585129,0.663880334359876,0.597448306203255,0.568411790585129,0.311306643202815,0.311306643202815,0.519137703475583,0.750725912890453,0.950989881214254,0.569995600527936,0.469863616366036,0.698372195336559,0.490541135063792,0.218565772107347,0.748086229652441,0.711570611526617,0.609854817421909,0.568411790585129,0.564716234051913,0.469863616366036,0.72696876374835,0.469863616366036,0.72696876374835,0.469863616366036,0.568411790585129,0.469863616366036,0.675934887813462,0.658512978442586,0.537263528376594,0.658512978442586,0.568411790585129,0.713594368675759,0.568411790585129,0.2616805983282,0.314562252529696,0.478838539375275,0.258249010118785,0.467399912010558,0.594192696876374,0.564980202375714,0.564980202375714,0.597624285085789,0.594192696876374,1.1580758287567,0.479630444346678,0.470831500219973,0.869599648042235,0.658336999560052,0.509722833260008,0.646722393312802,0.79164100307963,0.786801583809942,0.885701715794105,0.532952045754509,0.629652441706995,0.624549054113506,0.363132424109106,0.397888253409591,0.398240211174659,0.568411790585129,0.568411790585129,0.568411790585129,0.564980202375714,0.684557853057633,0.612054553453585,0.469863616366036,0.774483062032555,1.1009238891333,0.568411790585129,0.614078310602727,0.604311482622085,0.726792784865816,0.513154421469423,0.473383194016718,0.700659920809502,0.513154421469423,0.568411790585129,0.630708315002199,0.508051033875934,0.438627364716234,0.699692036955565,0.70549934007919,0.515354157501099,0.878486581610206,0.864144302683677,0.784337879454465,0.851121865376154,0.960668719753629,0.408798944126704,0.861592608886933,0.955037395512538,0.815134183897932,0.910426748790144
HEB_10_043,0.904091509018917,1.04399472063352,0.537527496700395,0.888869335679718,0.434931808183018,0.451913770347558,0.316849978002639,0.658249010118785,0.469951605807303,0.54694236691597,0.0363396392432908,0.333567971843378,0.220413550373955,0.342542894852617,0.434931808183018,0.434931808183018,0.434931808183018,0.434931808183018,0.358380994280686,0.670655521337439,0.707171139463264,0.434931808183018,0.434931808183018,0.434931808183018,0.434931808183018,0.434931808183018,0.434931808183018,0.434931808183018,0.519841619005719,0.759612846458425,0.434931808183018,0.959172899252089,0.959172899252089,0.744654641443026,0.659480862296524,0.690805103387593,1.09115706115266,1.05437747470304,0.966124065112186,0.547118345798504,0.803079630444346,0.804663440387153,0.884293884733832,0.993752749670039,0.434931808183018,0.853585569731631,1.05437747470304,0.530136383633963,1.05437747470304,0.530136383633963,1.05437747470304,0.434931808183018,1.05437747470304,0.415750109986801,0.862912450505939,0.910602727672678,0.862912450505939,0.434931808183018,0.685701715794104,0.434931808183018,0.909546854377474,0.951869775626924,0.345358556973163,0.906115266168059,0.333919929608447,0.41847778266608,0.431500219973603,0.431500219973603,0.421909370875494,0.41847778266608,0.479630444346678,1.11612519023357,0.770259568851737,0.34544654641443,0.461504619445666,1.06256049274087,0.576594808622965,0.542014958205015,0.347118345798504,0.921161460624724,1.04355477342719,1.06634403871535,0.807831060272767,0.884293884733832,0.401671799384073,0.834931808183017,0.434931808183018,0.434931808183018,0.434931808183018,0.431500219973603,0.67778266608007,0.816454025516937,1.05437747470304,0.345358556973163,0.407831060272767,0.434931808183018,0.448922129344478,0.470831500219973,0.424373075230972,0.548614166300044,0.508842938847338,0.334887813462384,0.548614166300044,0.434931808183018,0.349406071271447,0.543510778706555,0.305147382314122,0.0805103387593489,0.445314562252529,0.381874175098988,0.576066871975362,0.772899252089749,0.60862296524417,0.179146502419709,0.278134623845138,0.718785745710514,0.43246810382754,0.652617685877694,0.238187417509899,0.227892652881654
HEB_10_045,0.57853057633084,0.718433787945446,0.539287285525736,0.753365596128464,0.595072591289045,0.612054553453585,0.476990761108667,0.733919929608446,0.651209854817422,0.633172019357677,0.217597888253409,0.493708754949406,0.380554333479982,0.502683677958644,0.595072591289045,0.595072591289045,0.595072591289045,0.595072591289045,0.444610646722393,0.693532776066871,0.677254729432468,0.595072591289045,0.595072591289045,0.595072591289045,0.595072591289045,0.595072591289045,0.595072591289045,0.595072591289045,0.394896612406511,0.645226572811262,0.595072591289045,0.823669159700835,0.823669159700835,0.661944566652001,0.45006599208095,0.682006159260888,0.765596128464584,0.728816542014958,0.651121865376154,0.453849538055433,0.667575890893092,0.54245490541135,0.579850417949845,0.689309282886053,0.595072591289045,0.823669159700835,0.728816542014958,0.500219973603167,0.728816542014958,0.500219973603167,0.728816542014958,0.595072591289045,0.728816542014958,0.554773427188737,0.769643642762868,0.796216454025516,0.769643642762868,0.595072591289045,0.719137703475582,0.595072591289045,0.689573251209854,0.805807303123624,0.50549934007919,0.686141663000439,0.494060712714474,0.599736031676198,0.59164100307963,0.59164100307963,0.603167619885613,0.599736031676198,0.470831500219973,0.770259568851737,1.02348971084497,0.357765068191817,0.621645402551693,0.736999560052793,0.462208534975803,0.522657281126264,0.528376594808623,0.616717993840739,0.760228772547294,0.761900571931368,0.524505059392872,0.558732952045754,0.34007919049714,0.688869335679718,0.595072591289045,0.595072591289045,0.595072591289045,0.59164100307963,0.647866256049274,0.638715354157501,0.728816542014958,0.526616805983282,0.399032116146062,0.595072591289045,0.609062912450506,0.48315002199736,0.521161460624725,0.539815222173339,0.500043994720633,0.505587329520457,0.539815222173339,0.595072591289045,0.425076990761108,0.53471183457985,0.465288165420149,0.261768587769467,0.415398152221733,0.542014958205015,0.567267927848658,0.764100307963044,0.58926528816542,0.360404751429828,0.385481742190937,0.878926528816541,0.539815222173339,0.64381874175099,0.398328200615926,0.409150901891773
HEB_10_046,0.766124065112186,0.399208095028596,0.906379234491861,0.455257369115706,0.592608886933568,0.651825780906291,0.601231852177738,0.520281566212054,0.775450945886493,0.419533655961284,0.912010558732952,0.533479982402111,0.673735151781786,0.500219973603167,0.592608886933568,0.592608886933568,0.592608886933568,0.592608886933568,0.50549934007919,0.321513418389793,0.294676638803343,0.592608886933568,0.592608886933568,0.592608886933568,0.592608886933568,0.592608886933568,0.592608886933568,0.592608886933568,0.783106027276726,0.748350197976242,0.592608886933568,0.272151341838979,0.272151341838979,0.479982402111746,0.90162780466344,0.911834579850417,0.340783106027276,0.367355917289925,0.659216893972723,0.409150901891773,0.30611526616806,0.877870655521337,0.725208974923009,0.465112186537615,0.592608886933568,0.462208534975802,0.367355917289925,0.687813462384513,0.367355917289925,0.687813462384513,0.367355917289925,0.592608886933568,0.367355917289925,0.615662120545534,0.471535415750109,0.434755829300484,0.471535415750109,0.592608886933568,0.50549934007919,0.592608886933568,0.222525296964364,0.264848218213814,0.503035635723713,0.219093708754949,0.491597008358997,0.597272327320721,0.589177298724153,0.589177298724153,0.600703915530136,0.597272327320721,0.869599648042235,0.34544654641443,0.357765068191817,1.18652815456891,0.598064232292125,0.386097668279806,0.903211614606247,0.678574571051473,0.715970083589969,0.719841619005719,0.367091948966124,0.358205015398152,0.353101627804663,0.218389793224813,0.654377474703035,0.232380114386273,0.592608886933568,0.592608886933568,0.592608886933568,0.589177298724153,0.582050153981522,0.509546854377474,0.367355917289925,0.671975362956445,1.04065112186538,0.592608886933568,0.648834139903211,0.670743510778706,0.624285085789705,0.537351517817862,0.666520017597888,0.830444346678398,0.537351517817862,0.592608886933568,1.01390233172019,0.553365596128464,0.462824461064672,0.95618125824901,0.581874175098988,0.539551253849538,0.881566212054553,0.518785745710514,0.840211174659041,1.00202375714914,1.12212934447866,0.369643642762868,0.949142102947646,0.958117025956885,1.09274087109547,1.04021117465904
HEB_10_048,0.280334359876814,0.388561372635283,0.515618125824901,0.434051913770347,0.803695556533215,0.356093268807743,0.685613726352837,0.646898372195336,0.437483501979762,0.620061592608886,0.447338319401671,0.723449186097668,0.62085349758029,0.711306643202815,0.803695556533215,0.803695556533215,0.803695556533215,0.803695556533215,0.727144742630884,0.395336559612846,0.442410910690717,0.803695556533215,0.803695556533215,0.803695556533215,0.803695556533215,0.803695556533215,0.803695556533215,0.803695556533215,0.592960844698636,0.304795424549054,0.803695556533215,0.483238011438627,0.483238011438627,0.596040475142982,0.363044434667839,0.404927408710954,0.48851737791465,0.388385393752749,0.384601847778266,0.440739111306643,0.41161460624725,0.223141223053234,0.239419269687637,0.327760668719753,0.803695556533215,0.483238011438627,0.388385393752749,0.708842938847338,0.388385393752749,0.708842938847338,0.388385393752749,0.803695556533215,0.388385393752749,0.742278926528816,0.408095028596568,0.455785305763308,0.408095028596568,0.803695556533215,0.706027276726792,0.803695556533215,0.349142102947646,0.465376154861416,0.714122305323361,0.345710514738231,0.702683677958645,0.787241531016277,0.800263968323801,0.800263968323801,0.790673119225692,0.787241531016277,0.658336999560052,0.461504619445666,0.621645402551693,0.598064232292125,1.00377158737511,0.449362076550813,0.438539375274967,0.752397712274526,0.715882094148702,0.318521777386713,0.451473823141223,0.463704355477342,0.321337439507259,0.323889133304003,0.348086229652442,0.454025516937967,0.803695556533215,0.803695556533215,0.803695556533215,0.800263968323801,0.603079630444346,0.530576330840299,0.388385393752749,0.714122305323361,0.533743950725912,0.803695556533215,0.73321601407831,0.712890453145622,0.708666959964804,0.748438187417509,0.750901891772987,0.724769027716674,0.748438187417509,0.803695556533215,0.675934887813462,0.753893532776066,0.67391113066432,0.491509018917729,0.666256049274087,0.750637923449186,0.353541575010998,0.508139023317202,0.386097668279806,0.642938847338319,0.646898372195336,0.580730312362516,0.484469863616366,0.43009238891333,0.649186097668279,0.702243730752309
HEB_10_049,0.97641882974043,1.07408710954685,0.578178618565772,0.876726792784865,0.401671799384073,0.460888693356797,0.283589969203695,0.624989001319841,0.478926528816542,0.545358556973163,0.0453145622525296,0.342542894852617,0.229388473383194,0.309282886053673,0.401671799384073,0.401671799384073,0.401671799384073,0.401671799384073,0.399032116146062,0.669071711394632,0.737263528376594,0.401671799384073,0.401671799384073,0.401671799384073,0.401671799384073,0.401671799384073,0.401671799384073,0.401671799384073,0.486581610206775,0.726352837659481,0.401671799384073,0.925912890453145,0.925912890453145,0.743070831500219,0.657897052353717,0.720897492300923,1.12124945006599,1.08446986361637,0.996216454025516,0.534975802903651,0.769819621645402,0.876990761108667,0.935503739551253,1.02384513858337,0.401671799384073,0.883677958644962,1.08446986361637,0.560228772547294,1.08446986361637,0.560228772547294,1.08446986361637,0.401671799384073,1.08446986361637,0.382490101187857,0.893004839419269,0.940695116586009,0.893004839419269,0.401671799384073,0.684117905851297,0.401671799384073,0.87628684557853,0.929168499780026,0.312098548174219,0.872855257369115,0.300659920809502,0.385217773867136,0.398240211174659,0.398240211174659,0.38864936207655,0.385217773867136,0.509722833260008,1.06256049274087,0.736999560052793,0.386097668279806,0.449362076550813,1.16932442268246,0.585569731632204,0.572107347118345,0.31385833699956,0.951253849538055,1.07364716234052,1.09643642762868,0.859040915090189,0.956621205455345,0.44232292124945,0.833347998240211,0.401671799384073,0.401671799384073,0.401671799384073,0.398240211174659,0.7078750549934,0.846546414430268,1.08446986361637,0.312098548174219,0.437923449186097,0.401671799384073,0.415662120545534,0.479806423229212,0.391113066432028,0.515354157501099,0.517817861856577,0.322745270567531,0.515354157501099,0.401671799384073,0.358380994280686,0.531368235811702,0.271887373515178,0.0894852617685878,0.496524417069951,0.348614166300044,0.648394192696876,0.802991641003079,0.680950285965684,0.188121425428948,0.318785745710514,0.68552573691157,0.430884293884733,0.724945006599208,0.247162340519137,0.236867575890893
HEB_10_050,0.965596128464584,0.598680158380994,0.841882974043115,0.844786625604927,0.43308402991641,0.703475582930048,0.44170699516058,0.381874175098988,0.953805543334799,0.291684997800264,0.879190497140343,0.373955125384953,0.514210294764628,0.340695116586009,0.43308402991641,0.43308402991641,0.43308402991641,0.43308402991641,0.272063352397712,0.235899692036955,0.156269247690277,0.43308402991641,0.43308402991641,0.43308402991641,0.43308402991641,0.43308402991641,0.43308402991641,0.43308402991641,0.982578090629124,1.26458424989001,0.43308402991641,0.6616805983282,0.6616805983282,0.499956005279366,1.21724593048834,0.942366915970083,0.540255169379674,0.566827980642323,0.922041355037395,0.862032556093268,0.695644522657281,1.1618125824901,1.05138583369996,0.738495380554333,0.43308402991641,0.366036075670919,0.566827980642323,0.338231412230532,0.566827980642323,0.338231412230532,0.566827980642323,0.43308402991641,0.566827980642323,0.582842058952925,0.544302683677958,0.423053233611966,0.544302683677958,0.43308402991641,0.462120545534535,0.43308402991641,0.527584689837219,0.64381874175099,0.343510778706555,0.524153101627804,0.332072151341839,0.458864936207655,0.429652441706995,0.429652441706995,0.46229652441707,0.458864936207655,0.646722393312802,0.576594808622965,0.462208534975803,0.903211614606247,0.438539375274967,0.585569731632204,1.38331238007014,0.339551253849538,0.68315002199736,1.04601847778267,0.524329080510338,0.599912010558732,0.658161020677518,0.41786185657721,0.695468543774746,0.400175978882534,0.43308402991641,0.43308402991641,0.43308402991641,0.429652441706995,0.23246810382754,0.434491860976683,0.566827980642323,0.639155301363836,0.817773867135943,0.43308402991641,0.489309282886053,0.764628244610646,0.675934887813462,0.546766388033436,0.675934887813462,0.734271887373515,0.546766388033436,0.43308402991641,0.938847338319401,0.562780466344038,0.303299604047514,0.923361196656402,0.232292124945006,0.38002639683238,0.869863616366036,0.496524417069951,0.775714914210294,0.969203695556533,1.01539815222173,0.421293444786625,0.947998240211175,0.946414430268367,1.03880334359877,1.00739111306643
HEB_10_051,0.413638363396392,0.553541575010998,0.522217333919929,0.335063792344918,0.725824901011878,0.235987681478222,0.6077430708315,0.653497580290365,0.275142982842059,0.616102067751869,0.348350197976242,0.624461064672239,0.511306643202815,0.633435987681478,0.725824901011878,0.725824901011878,0.725824901011878,0.725824901011878,0.680950285965684,0.486405631324241,0.554597448306203,0.725824901011878,0.725824901011878,0.725824901011878,0.725824901011878,0.725824901011878,0.725824901011878,0.725824901011878,0.525648922129344,0.226924769027716,0.725824901011878,0.40536735591729,0.40536735591729,0.644874615046194,0.411878574571051,0.51711394632644,0.600703915530136,0.56392432908051,0.486229652441707,0.373427188737351,0.333743950725912,0.377562692476902,0.414958205015398,0.524417069951605,0.725824901011878,0.658776946766388,0.56392432908051,0.884381874175098,0.56392432908051,0.884381874175098,0.56392432908051,0.725824901011878,0.56392432908051,0.68552573691157,0.60475142982842,0.631324241091069,0.60475142982842,0.725824901011878,0.702067751869775,0.725824901011878,0.355741311042674,0.40862296524417,0.636251649802023,0.35230972283326,0.624813022437307,0.730488341399032,0.722393312802463,0.722393312802463,0.733919929608446,0.730488341399032,0.79164100307963,0.542014958205015,0.522657281126264,0.678574571051473,0.752397712274526,0.572107347118345,0.339551253849538,0.997816449414412,0.659128904531456,0.451825780906291,0.595336559612846,0.59700835899692,0.44408271007479,0.393840739111306,0.301891772987241,0.460624725032996,0.725824901011878,0.725824901011878,0.725824901011878,0.722393312802463,0.778618565772107,0.706115266168059,0.56392432908051,0.657369115706115,0.698724153101627,0.725824901011878,0.655345358556973,0.613902331720193,0.651913770347558,0.670567531896172,0.630796304443466,0.63633963924329,0.670567531896172,0.725824901011878,0.555829300483941,0.665464144302683,0.596040475142982,0.392520897492301,0.757325120985481,0.672767267927848,0.444610646722393,0.641443026836779,0.466608007039155,0.491157061152661,0.621821381434227,0.502859656841179,0.522745270567532,0.521161460624725,0.529080510338759,0.539903211614606
HEB_10_054,0.250417949846018,0.337527496700396,0.485701715794104,0.393576770787505,0.752661680598328,0.326176858776946,0.697932248130224,0.595864496260448,0.555389353277606,0.505675318961724,0.691948966124065,0.651297844258689,0.580378354597448,0.660272767267927,0.752661680598328,0.752661680598328,0.752661680598328,0.752661680598328,0.549406071271447,0.344302683677958,0.26467223933128,0.752661680598328,0.752661680598328,0.752661680598328,0.752661680598328,0.752661680598328,0.752661680598328,0.752661680598328,0.71086669599648,0.570523537175539,0.752661680598328,0.432204135503739,0.432204135503739,0.545006599208095,0.628772547294324,0.54395072591289,0.310778706555213,0.337351517817861,0.312450505939287,0.653673559172899,0.392256929168499,0.467751869775627,0.452353717553893,0.466783985921689,0.752661680598328,0.432204135503739,0.337351517817861,0.65780906291245,0.337351517817861,0.65780906291245,0.337351517817861,0.752661680598328,0.337351517817861,0.86018477782666,0.526000879894412,0.40475142982842,0.526000879894412,0.752661680598328,0.612758468983721,0.752661680598328,0.298108227012758,0.414342278926528,0.663088429388473,0.294676638803343,0.651649802023757,0.778442586889573,0.749230092388913,0.749230092388913,0.781874175098988,0.778442586889573,0.786801583809942,0.347118345798504,0.528376594808623,0.715970083589969,0.715882094148702,0.31385833699956,0.68315002199736,0.659128904531456,1.03817905114802,0.478662560492741,0.33708754949406,0.370435547734271,0.407567091948966,0.103915530136383,0.254817421909371,0.27628684557853,0.752661680598328,0.752661680598328,0.752661680598328,0.749230092388913,0.552045754509459,0.479542454905411,0.337351517817861,0.937615486141663,0.757237131544214,0.752661680598328,0.682182138143422,0.788561372635283,0.911042674879014,0.697404311482622,0.657633084029916,0.821557413110426,0.697404311482622,0.752661680598328,0.667135943686757,0.692300923889133,0.622877254729432,0.736119665640123,0.467399912010558,0.699604047514298,0.471447426308843,0.583809942806863,0.387857457105147,0.781962164540255,0.828156621205455,0.529696436427628,0.760756709194896,0.547998240211174,0.85156181258249,0.820149582050153
HEB_10_055,1.14122305323361,0.922129344478662,0.742982842058952,0.851473823141223,0.22859656841179,0.625692916849978,0.237219533655961,0.451913770347558,1.00272767267928,0.403959524857017,0.505763308402991,0.127232732072151,0.204135503739551,0.13620765508139,0.22859656841179,0.22859656841179,0.22859656841179,0.22859656841179,0.236515618125825,0.495996480422349,0.627540695116586,0.22859656841179,0.22859656841179,0.22859656841179,0.22859656841179,0.22859656841179,0.22859656841179,0.22859656841179,0.778090629124505,1.22903651561813,0.22859656841179,0.752837659480862,0.752837659480862,0.569995600527936,1.16058073031236,1.28693356797184,1.01152661680598,0.911394632644082,1.26660800703915,0.636427628684557,0.681214254289485,1.33743950725913,1.31148262208535,1.08306203255609,0.22859656841179,0.710602727672679,0.911394632644082,0.387153541575011,0.911394632644082,0.387153541575011,0.911394632644082,0.22859656841179,0.911394632644082,0.378354597448306,0.888869335679718,0.767619885613726,0.888869335679718,0.22859656841179,0.658864936207655,0.22859656841179,0.703211614606247,0.756093268807743,0.139023317201936,0.699780026396832,0.12758468983722,0.254377474703035,0.225164980202376,0.225164980202376,0.25780906291245,0.254377474703035,0.885701715794105,0.921161460624724,0.616717993840739,0.719841619005719,0.318521777386713,0.951253849538055,1.04601847778267,0.451825780906291,0.478662560492741,1.45689141798452,0.932248130224373,1.07118345798504,1.02384513858337,0.804663440387153,0.638803343598768,0.723625164980202,0.22859656841179,0.22859656841179,0.22859656841179,0.225164980202376,0.534799824021117,0.673471183457985,0.911394632644082,0.434667839859217,0.97228332600088,0.22859656841179,0.348174219093708,0.433435987681478,0.471447426308843,0.342278926528816,0.302507699076111,0.445314562252529,0.342278926528816,0.22859656841179,0.56542014958205,0.337175538935327,0.0988121425428948,0.549934007919049,0.365684117905851,0.175538935327761,1.17219533655961,0.96779586449626,1.07804663440387,0.701363836339639,0.810910690717114,0.512450505939287,0.933567971843378,1.24874615046194,0.665376154861416,0.760668719753629
HEB_10_057,0.915178178618565,1.05508139023317,0.559172899252089,0.836603607567092,0.424901011878574,0.441882974043114,0.306819181698196,0.648218213814342,0.459920809502859,0.568587769467663,0.0263088429388473,0.323537175538935,0.210382754069512,0.332512098548174,0.424901011878574,0.424901011878574,0.424901011878574,0.424901011878574,0.38002639683238,0.692300923889133,0.760492740871095,0.424901011878574,0.424901011878574,0.424901011878574,0.424901011878574,0.424901011878574,0.424901011878574,0.424901011878574,0.467575890893092,0.707347118345798,0.424901011878574,0.906907171139463,0.906907171139463,0.745182578090629,0.638891333040035,0.744126704795424,1.10224373075231,1.06546414430268,0.977210734711834,0.515970083589969,0.75081390233172,0.857985041794984,0.89538055433348,1.00483941926969,0.424901011878574,0.906907171139463,1.06546414430268,0.583457985041794,1.06546414430268,0.583457985041794,1.06546414430268,0.424901011878574,1.06546414430268,0.405719313682358,0.91623405191377,0.96392432908051,0.91623405191377,0.424901011878574,0.707347118345798,0.424901011878574,0.857281126264848,0.910162780466343,0.335327760668719,0.853849538055433,0.323889133304003,0.408446986361636,0.421469423669159,0.421469423669159,0.411878574571051,0.408446986361636,0.532952045754509,1.04355477342719,0.760228772547294,0.367091948966124,0.451473823141223,1.07364716234052,0.524329080510338,0.595336559612846,0.33708754949406,0.932248130224373,1.14073976047112,1.077430708315,0.840035195776506,0.895380554333479,0.402199736031676,0.83545974483062,0.424901011878574,0.424901011878574,0.424901011878574,0.421469423669159,0.731104267487901,0.848658161020677,1.06546414430268,0.335327760668719,0.461152661680598,0.424901011878574,0.438891333040035,0.418565772107347,0.393224813022437,0.496348438187417,0.456577210734711,0.324857017157941,0.496348438187417,0.424901011878574,0.318257809062912,0.491245050593928,0.295116586009678,0.0704795424549055,0.49863616366036,0.371843378794544,0.629388473383193,0.82622085349758,0.661944566652001,0.169115706115266,0.299780026396832,0.708754949406071,0.454113506379234,0.705939287285525,0.228156621205455,0.21786185657721
HEB_10_059,0.906291245050594,1.0461944566652,0.508051033875935,0.82771667399912,0.373779146502419,0.39076110866696,0.255697316322041,0.597096348438187,0.556621205455345,0.549142102947646,0.0596568411790585,0.27241531016278,0.159260888693357,0.281390233172019,0.373779146502419,0.373779146502419,0.373779146502419,0.373779146502419,0.381698196216454,0.641179058512978,0.772723273207215,0.373779146502419,0.373779146502419,0.373779146502419,0.373779146502419,0.373779146502419,0.373779146502419,0.373779146502419,0.500923889133304,0.782930048394192,0.373779146502419,0.898020237571491,0.898020237571491,0.715178178618565,0.714474263088429,0.84082710074791,1.15670919489661,1.05657721073471,1.07391113066432,0.570435547734271,0.741926968763748,0.891333040035195,0.970963484381874,1.05930488341399,0.373779146502419,0.855785305763308,1.05657721073471,0.53233611966564,1.05657721073471,0.53233611966564,1.05657721073471,0.373779146502419,1.05657721073471,0.439067311922569,0.949582050153981,0.912802463704355,0.949582050153981,0.373779146502419,0.761812582490101,0.373779146502419,0.848394192696876,0.901275846898372,0.284205895292564,0.844962604487461,0.272767267927848,0.399560052793664,0.370347558293004,0.370347558293004,0.402991641003079,0.399560052793664,0.629652441706995,1.06634403871535,0.761900571931368,0.358205015398152,0.463704355477342,1.09643642762868,0.599912010558732,0.59700835899692,0.370435547734271,1.07118345798504,1.077430708315,1.23059617547807,0.957853057633083,0.949846018477782,0.40387153541575,0.868807743070831,0.373779146502419,0.373779146502419,0.373779146502419,0.370347558293004,0.679982402111746,0.818653761548614,1.05657721073471,0.36867575890893,0.526176858776946,0.373779146502419,0.38776946766388,0.494148702155741,0.44769027716674,0.487461504619445,0.44769027716674,0.315970083589969,0.487461504619445,0.373779146502419,0.288253409590849,0.482358117025956,0.243994720633524,0.103827540695117,0.51086669599648,0.320721513418389,0.726088869335679,0.901803783545974,0.737527496700395,0.255257369115706,0.36480422349318,0.657633084029916,0.487461504619445,0.802639683238011,0.219269687637483,0.314562252529696
HEB_10_070,0.711130664320281,0.787681478222613,0.376242850857897,0.611438627364716,0.22085349758029,0.670743510778706,0.419533655961284,0.359700835899692,0.836603607567091,0.628508578970523,0.941487021557413,0.647426308842938,0.534271887373515,0.571931368235811,0.22085349758029,0.22085349758029,0.22085349758029,0.22085349758029,0.693356797184337,0.847250329960404,1.50673119225693,0.22085349758029,0.22085349758029,0.22085349758029,0.22085349758029,0.22085349758029,0.22085349758029,0.22085349758029,0.43246810382754,0.73559172899252,0.22085349758029,0.639507259128904,0.639507259128904,0.509458864936207,0.70937087549494,0.814606247250329,0.898196216454025,0.798064232292124,0.899868015838099,1.01935767707875,0.821293444786625,0.92846458424989,0.913066432028156,0.906379234491861,0.22085349758029,0.618389793224812,0.798064232292124,0.37941047074351,0.798064232292124,0.37941047074351,0.798064232292124,0.22085349758029,0.798064232292124,0.370611526616806,0.796656401231852,0.675406951165859,0.796656401231852,0.22085349758029,0.608886933567971,0.22085349758029,0.906643202815662,0.65332160140783,0.405807303123625,0.913770347558292,0.436603607567091,0.257193136823581,0.227980642322921,0.227980642322921,0.25006599208095,0.257193136823581,0.624549054113506,0.807831060272767,0.524505059392872,0.353101627804663,0.321337439507259,0.859040915090189,0.658161020677518,0.44408271007479,0.407567091948966,1.02384513858337,0.840035195776506,0.957853057633083,1.77873354066036,1.55714914210295,1.29626044874615,1.50778706555213,0.22085349758029,0.22085349758029,0.22085349758029,0.227980642322921,0.442586889573251,0.570699516058072,0.798064232292124,0.54307083150022,0.605543334799824,0.22085349758029,0.160932688077431,0.425692916849978,0.453145622525297,0.313418389793224,0.29476462824461,0.279190497140343,0.313418389793224,0.22085349758029,0.188121425428948,0.318873735151781,0.893532776066872,0.943422789265288,1.04425868895732,0.347294324681038,1.39674439067312,1.08675758908931,1.30259568851738,1.01038275406951,0.444170699516058,0.483589969203695,0.503475582930048,0.797536295644522,0.29863616366036,0.710690717113946
HEB_10_072,0.935415750109986,0.885261768587769,0.537175538935327,0.751253849538055,0.191728992520897,1.32793664760229,0.707171139463264,0.415046194456665,0.986977562692476,0.958380994280687,1.12353717553894,0.68165420149582,1.0542014958205,0.690629124505059,0.191728992520897,0.191728992520897,0.191728992520897,0.191728992520897,1.17105147382314,1.38829740431148,1.5620765508139,0.191728992520897,0.191728992520897,0.191728992520897,0.191728992520897,0.191728992520897,0.191728992520897,0.191728992520897,0.276638803343598,0.558644962604487,0.191728992520897,0.715970083589969,0.715970083589969,0.533128024637043,0.490189177298724,0.616542014958204,0.97465904091509,0.874527056753189,0.891860976682797,1.14861416630004,1.1089309282886,0.793752749670039,0.788913330400351,0.813902331720193,0.191728992520897,0.673735151781786,0.874527056753189,0.350285965684117,0.874527056753189,0.350285965684117,0.874527056753189,0.191728992520897,0.874527056753189,0.172547294324681,0.683062032556093,0.730752309722833,0.683062032556093,0.191728992520897,0.537527496700395,0.191728992520897,1.34210294764628,0.782578090629124,0.693444786625605,1.35978882534096,0.766476022877255,0.196392432908051,0.209414870215574,0.209414870215574,0.178706555213374,0.196392432908051,0.363132424109106,0.884293884733832,0.558732952045754,0.218389793224813,0.323889133304003,0.956621205455345,0.41786185657721,0.393840739111306,0.103915530136383,0.804663440387153,0.895380554333479,0.949846018477782,1.55714914210295,1.89373387150136,1.68948526176859,1.40475142982842,0.191728992520897,0.191728992520897,0.191728992520897,0.209414870215574,0.497932248130224,0.636603607567091,0.874527056753189,0.176066871975363,0.312450505939287,0.191728992520897,0.226836779586449,0.312098548174219,0.181170259568851,0.305411350637923,0.350109986801583,0.133919929608447,0.305411350637923,0.191728992520897,0.190673119225693,0.321425428948526,0.853849538055433,0.829828420589529,1.15239771227453,0.497668279806423,0.924153101627804,0.761988561372635,0.956709194896612,0.453321601407831,0.182754069511658,0.528376594808623,0.242058952925648,0.620589529256488,0.0794544654641441,0.301451825780906
HEB_10_074,0.917377914650242,0.423757149142103,0.846458424989001,0.627628684557853,0.27927848658161,1.62666080070391,0.921425428948526,0.291421029476462,1.22234931808183,0.834755829300484,1.86572811262648,0.885349758029036,1.35292564892213,0.904883413990321,0.27927848658161,0.27927848658161,0.27927848658161,0.27927848658161,1.1530136383634,1.15908490981082,1.45956885173779,0.27927848658161,0.27927848658161,0.27927848658161,0.27927848658161,0.27927848658161,0.27927848658161,0.27927848658161,0.533128024637043,0.688429388473383,0.27927848658161,0.381170259568851,0.381170259568851,0.33559172899252,0.672767267927848,0.682974043114826,0.428684557853057,0.391904971403431,0.683765948086229,0.993312802463705,0.921953365596128,0.796832380114386,0.665288165420149,0.39463264408271,0.27927848658161,0.338935327760668,0.391904971403431,0.29001319841619,0.391904971403431,0.29001319841619,0.391904971403431,0.27927848658161,0.391904971403431,0.238979322481302,0.306027276726792,0.353717553893532,0.306027276726792,0.27927848658161,0.329432468103827,0.27927848658161,0.94395072591289,0.437219533655961,0.780994280686317,0.961636603607567,0.854025516937967,0.283941926968763,0.296964364276286,0.296964364276286,0.266256049274087,0.283941926968763,0.397888253409591,0.401671799384073,0.34007919049714,0.654377474703035,0.348086229652442,0.44232292124945,0.695468543774746,0.301891772987241,0.254817421909371,0.638803343598768,0.402199736031676,0.40387153541575,1.29626044874615,1.68948526176859,1.98570766889433,1.26000879894413,0.27927848658161,0.27927848658161,0.27927848658161,0.296964364276286,0.310954685437747,0.344038715354157,0.391904971403431,0.263616366036075,0.600615926088869,0.27927848658161,0.398856137263528,0.357413110426748,0.226484821821381,0.30849098108227,0.437659480862296,0.432644082710074,0.30849098108227,0.27927848658161,0.700571931368235,0.324505059392872,1.21592608886934,1.65648922129344,1.3244170699516,0.585217773867135,1.28622965244171,0.384953805543334,1.31878574571051,1.22718873735152,0.650417949846018,0.415310162780466,0.572459304883413,0.708139023317201,0.63158820941487,0.906379234491861
HEB_10_077,0.64320281566212,0.783106027276726,0.413902331720193,0.68077430708315,0.364100307963044,0.676726792784865,0.457193136823581,0.524065112186537,0.610294764628244,0.676726792784865,0.683501979762428,0.727320721513418,0.487461504619445,0.694060712714474,0.364100307963044,0.364100307963044,0.364100307963044,0.364100307963044,0.530400351957765,0.927144742630884,1.54439067311922,0.364100307963044,0.364100307963044,0.364100307963044,0.364100307963044,0.364100307963044,0.364100307963044,0.364100307963044,0.343422789265288,0.54095908490981,0.364100307963044,0.740519137703475,0.740519137703475,0.578794544654641,0.44082710074791,0.598856137263528,0.893620765508138,0.793488781346238,0.768587769467663,0.655785305763308,0.83783545974483,0.564892212934447,0.623405191377034,0.732864056313242,0.364100307963044,0.698284205895292,0.793488781346238,0.417069951605807,0.793488781346238,0.417069951605807,0.793488781346238,0.364100307963044,0.793488781346238,0.344918609766828,0.707611086669599,0.755301363836339,0.707611086669599,0.364100307963044,0.635987681478222,0.364100307963044,0.880950285965683,0.754333479982402,0.506819181698196,0.89863616366036,0.474263088429388,0.368763748350198,0.381786185657721,0.381786185657721,0.351077870655521,0.368763748350198,0.398240211174659,0.834931808183017,0.688869335679718,0.232380114386273,0.454025516937967,0.833347998240211,0.400175978882534,0.460624725032996,0.27628684557853,0.723625164980202,0.83545974483062,0.868807743070831,1.50778706555213,1.40475142982842,1.26000879894413,1.61304836895388,0.364100307963044,0.364100307963044,0.364100307963044,0.381786185657721,0.52248130224373,0.608358996920369,0.793488781346238,0.401231852177738,0.389793224813022,0.364100307963044,0.356973163220413,0.315530136383633,0.311306643202815,0.393312802463704,0.353541575010998,0.26405631324241,0.393312802463704,0.364100307963044,0.236339639243291,0.388209414870215,1.03677958644963,0.727672679278486,1.07135943686758,0.479982402111746,1.24434667839859,0.892124945006598,1.2769027716674,0.921337439507259,0.217861856577211,0.711306643202815,0.319401671799384,0.560668719753629,0.167355917289925,0.558293004839419
HEB_10_086,0.274879014518257,0.414782226132864,0.510162780466344,0.449714034315882,0.840475142982842,0.350637923449186,0.722393312802463,0.683677958644962,0.305323361196656,0.593488781346238,0.441882974043114,0.739111306643202,0.625956885173779,0.748086229652441,0.840475142982842,0.840475142982842,0.840475142982842,0.840475142982842,0.637219533655961,0.432116146062472,0.352485701715794,0.840475142982842,0.840475142982842,0.840475142982842,0.840475142982842,0.840475142982842,0.840475142982842,0.840475142982842,0.629740431148262,0.320457545094588,0.840475142982842,0.520017597888253,0.520017597888253,0.632820061592609,0.378706555213374,0.29388473383194,0.398592168939727,0.425164980202375,0.273559172899252,0.466959964804223,0.448394192696876,0.217685877694677,0.255081390233172,0.364540255169379,0.840475142982842,0.520017597888253,0.425164980202375,0.745622525296964,0.425164980202375,0.745622525296964,0.425164980202375,0.840475142982842,0.425164980202375,0.779058512978442,0.444874615046194,0.492564892212934,0.444874615046194,0.840475142982842,0.616102067751869,0.840475142982842,0.385921689397272,0.502155741311042,0.750901891772987,0.382490101187857,0.73946326440827,0.824021117465903,0.837043554773427,0.837043554773427,0.827452705675318,0.824021117465903,0.568411790585129,0.434931808183018,0.595072591289045,0.592608886933568,0.803695556533215,0.401671799384073,0.43308402991641,0.725824901011878,0.752661680598328,0.22859656841179,0.424901011878574,0.373779146502419,0.22085349758029,0.191728992520897,0.27927848658161,0.364100307963044,0.947925626943691,0.840475142982842,0.840475142982842,0.837043554773427,0.639859216893972,0.567355917289925,0.425164980202375,0.750901891772987,0.507171139463264,0.840475142982842,0.769995600527936,0.707435107787065,0.74544654641443,0.785217773867135,0.74544654641443,0.740431148262208,0.785217773867135,0.840475142982842,0.670479542454905,0.780114386273647,0.710690717113946,0.486053673559173,0.555213374395072,0.787417509898812,0.221381434227892,0.418213814342279,0.2539375274967,0.531896172459304,0.578090629124505,0.617509898812142,0.510690717113946,0.297932248130224,0.643730752309722,0.570083589969203
HEB_10_093,0.274879014518257,0.414782226132864,0.510162780466344,0.449714034315882,0.840475142982842,0.350637923449186,0.722393312802463,0.683677958644962,0.305323361196656,0.593488781346238,0.441882974043114,0.739111306643202,0.625956885173779,0.748086229652441,0.840475142982842,0.840475142982842,0.840475142982842,0.840475142982842,0.637219533655961,0.432116146062472,0.352485701715794,0.840475142982842,0.840475142982842,0.840475142982842,0.840475142982842,0.840475142982842,0.840475142982842,0.840475142982842,0.629740431148262,0.320457545094588,0.840475142982842,0.520017597888253,0.520017597888253,0.632820061592609,0.378706555213374,0.29388473383194,0.398592168939727,0.425164980202375,0.273559172899252,0.466959964804223,0.448394192696876,0.217685877694677,0.255081390233172,0.364540255169379,0.840475142982842,0.520017597888253,0.425164980202375,0.745622525296964,0.425164980202375,0.745622525296964,0.425164980202375,0.840475142982842,0.425164980202375,0.779058512978442,0.444874615046194,0.492564892212934,0.444874615046194,0.840475142982842,0.616102067751869,0.840475142982842,0.385921689397272,0.502155741311042,0.750901891772987,0.382490101187857,0.73946326440827,0.824021117465903,0.837043554773427,0.837043554773427,0.827452705675318,0.824021117465903,0.568411790585129,0.434931808183018,0.595072591289045,0.592608886933568,0.803695556533215,0.401671799384073,0.43308402991641,0.725824901011878,0.752661680598328,0.22859656841179,0.424901011878574,0.373779146502419,0.22085349758029,0.191728992520897,0.27927848658161,0.364100307963044,0.840475142982842,0.947925626943691,0.840475142982842,0.837043554773427,0.639859216893972,0.567355917289925,0.425164980202375,0.750901891772987,0.507171139463264,0.840475142982842,0.769995600527936,0.707435107787065,0.74544654641443,0.785217773867135,0.74544654641443,0.740431148262208,0.785217773867135,0.840475142982842,0.670479542454905,0.780114386273647,0.710690717113946,0.486053673559173,0.555213374395072,0.787417509898812,0.221381434227892,0.418213814342279,0.2539375274967,0.531896172459304,0.578090629124505,0.617509898812142,0.510690717113946,0.297932248130224,0.643730752309722,0.570083589969203
HEB_10_097,0.274879014518257,0.414782226132864,0.510162780466344,0.449714034315882,0.840475142982842,0.350637923449186,0.722393312802463,0.683677958644962,0.305323361196656,0.593488781346238,0.441882974043114,0.739111306643202,0.625956885173779,0.748086229652441,0.840475142982842,0.840475142982842,0.840475142982842,0.840475142982842,0.637219533655961,0.432116146062472,0.352485701715794,0.840475142982842,0.840475142982842,0.840475142982842,0.840475142982842,0.840475142982842,0.840475142982842,0.840475142982842,0.629740431148262,0.320457545094588,0.840475142982842,0.520017597888253,0.520017597888253,0.632820061592609,0.378706555213374,0.29388473383194,0.398592168939727,0.425164980202375,0.273559172899252,0.466959964804223,0.448394192696876,0.217685877694677,0.255081390233172,0.364540255169379,0.840475142982842,0.520017597888253,0.425164980202375,0.745622525296964,0.425164980202375,0.745622525296964,0.425164980202375,0.840475142982842,0.425164980202375,0.779058512978442,0.444874615046194,0.492564892212934,0.444874615046194,0.840475142982842,0.616102067751869,0.840475142982842,0.385921689397272,0.502155741311042,0.750901891772987,0.382490101187857,0.73946326440827,0.824021117465903,0.837043554773427,0.837043554773427,0.827452705675318,0.824021117465903,0.568411790585129,0.434931808183018,0.595072591289045,0.592608886933568,0.803695556533215,0.401671799384073,0.43308402991641,0.725824901011878,0.752661680598328,0.22859656841179,0.424901011878574,0.373779146502419,0.22085349758029,0.191728992520897,0.27927848658161,0.364100307963044,0.840475142982842,0.840475142982842,0.947925626943691,0.837043554773427,0.639859216893972,0.567355917289925,0.425164980202375,0.750901891772987,0.507171139463264,0.840475142982842,0.769995600527936,0.707435107787065,0.74544654641443,0.785217773867135,0.74544654641443,0.740431148262208,0.785217773867135,0.840475142982842,0.670479542454905,0.780114386273647,0.710690717113946,0.486053673559173,0.555213374395072,0.787417509898812,0.221381434227892,0.418213814342279,0.2539375274967,0.531896172459304,0.578090629124505,0.617509898812142,0.510690717113946,0.297932248130224,0.643730752309722,0.570083589969203
HEB_10_100,0.271447426308842,0.411350637923449,0.506731192256929,0.446282446106467,0.837043554773427,0.368323801143862,0.74007919049714,0.680246370435547,0.312450505939287,0.590057193136823,0.459568851737791,0.735679718433787,0.643642762868455,0.755213374395072,0.837043554773427,0.837043554773427,0.837043554773427,0.837043554773427,0.633787945446546,0.449802023757149,0.37017157941047,0.837043554773427,0.837043554773427,0.837043554773427,0.837043554773427,0.837043554773427,0.837043554773427,0.837043554773427,0.626308842938847,0.317025956885173,0.837043554773427,0.516586009678838,0.516586009678838,0.629388473383193,0.375274967003959,0.290453145622525,0.395160580730312,0.42173339199296,0.270127584689837,0.474087109546854,0.444962604487461,0.214254289485262,0.251649802023757,0.361108666959964,0.837043554773427,0.516586009678838,0.42173339199296,0.742190937087549,0.42173339199296,0.742190937087549,0.42173339199296,0.837043554773427,0.42173339199296,0.775626924769027,0.441443026836779,0.489133304003519,0.441443026836779,0.837043554773427,0.612670479542454,0.837043554773427,0.382490101187857,0.509282886053673,0.758029036515618,0.389617245930488,0.736031676198856,0.831148262208534,0.844170699516057,0.844170699516057,0.824021117465903,0.831148262208534,0.564980202375714,0.431500219973603,0.59164100307963,0.589177298724153,0.800263968323801,0.398240211174659,0.429652441706995,0.722393312802463,0.749230092388913,0.225164980202376,0.421469423669159,0.370347558293004,0.227980642322921,0.209414870215574,0.296964364276286,0.381786185657721,0.837043554773427,0.837043554773427,0.837043554773427,0.950704691325349,0.636427628684557,0.56392432908051,0.42173339199296,0.758029036515618,0.503739551253849,0.837043554773427,0.777122745270567,0.70400351957765,0.742014958205015,0.78178618565772,0.742014958205015,0.736999560052793,0.78178618565772,0.837043554773427,0.66704795424549,0.776682798064232,0.728376594808622,0.503739551253849,0.572899252089749,0.794544654641442,0.217949846018477,0.414782226132864,0.250505939287285,0.52846458424989,0.57465904091509,0.614078310602727,0.507259128904531,0.294500659920809,0.640299164100308,0.566652001759788
HEB_10_104,0.581082270127584,0.72098548174219,0.562956445226572,0.50250769907611,0.639859216893972,0.403431588209414,0.521777386713594,0.736471623405191,0.358117025956885,0.625164980202375,0.241267047954245,0.538495380554333,0.42534095908491,0.547470303563572,0.639859216893972,0.639859216893972,0.639859216893972,0.639859216893972,0.542190937087549,0.653849538055433,0.65868895732512,0.639859216893972,0.639859216893972,0.639859216893972,0.639859216893972,0.639859216893972,0.639859216893972,0.639859216893972,0.429124505059392,0.373251209854817,0.639859216893972,0.572811262648482,0.572811262648482,0.685613726352837,0.431500219973603,0.600087989441267,0.704795424549054,0.731368235811702,0.579762428508579,0.266344038715354,0.416717993840739,0.523889133304003,0.561284645842498,0.670743510778706,0.639859216893972,0.82622085349758,0.731368235811702,0.798416190057193,0.731368235811702,0.798416190057193,0.731368235811702,0.639859216893972,0.731368235811702,0.578442586889573,0.751077870655521,0.798768147822261,0.751077870655521,0.639859216893972,0.668895732512098,0.639859216893972,0.523185217773867,0.576066871975362,0.550285965684118,0.519753629564452,0.538847338319401,0.623405191377034,0.636427628684557,0.636427628684557,0.626836779586449,0.623405191377034,0.684557853057633,0.67778266608007,0.647866256049274,0.582050153981522,0.603079630444346,0.7078750549934,0.23246810382754,0.778618565772107,0.552045754509459,0.534799824021117,0.731104267487901,0.679982402111746,0.442586889573251,0.497932248130224,0.310954685437747,0.52248130224373,0.639859216893972,0.639859216893972,0.639859216893972,0.636427628684557,1.02732746641964,0.789089309282886,0.731368235811702,0.550285965684118,0.644434667839859,0.639859216893972,0.653849538055433,0.506819181698196,0.544830620325561,0.584601847778266,0.544830620325561,0.539815222173339,0.584601847778266,0.639859216893972,0.469863616366036,0.579498460184777,0.510074791025076,0.285437747470303,0.650241970963484,0.586801583809942,0.527584689837219,0.724417069951605,0.560140783106027,0.331280246370435,0.483062032556093,0.670303563572371,0.542366915970083,0.604135503739551,0.443114826220853,0.369467663880334
HEB_10_106,0.719753629564452,0.859656841179058,0.553805543334799,0.641179058512978,0.567355917289925,0.37316322041355,0.449274087109546,0.685085789705235,0.327848658161021,0.573779146502419,0.168763748350198,0.465992080950286,0.352837659480862,0.474967003959524,0.567355917289925,0.567355917289925,0.567355917289925,0.567355917289925,0.469687637483502,0.623581170259568,0.628420589529256,0.567355917289925,0.567355917289925,0.567355917289925,0.567355917289925,0.567355917289925,0.567355917289925,0.567355917289925,0.504443466783985,0.511922569291685,0.567355917289925,0.711482622085349,0.711482622085349,0.718697756269247,0.549054113506379,0.590937087549494,0.843466783985921,0.87003959524857,0.718433787945446,0.436691597008359,0.555389353277606,0.641443026836779,0.699956005279366,0.809414870215574,0.567355917289925,0.817069951605807,0.87003959524857,0.725912890453145,0.87003959524857,0.725912890453145,0.87003959524857,0.567355917289925,0.87003959524857,0.527056753189617,0.784161900571931,0.831852177738671,0.784161900571931,0.567355917289925,0.649186097668279,0.567355917289925,0.661856577210734,0.71473823141223,0.47778266608007,0.658424989001319,0.466344038715354,0.550901891772987,0.56392432908051,0.56392432908051,0.554333479982402,0.550901891772987,0.612054553453585,0.816454025516937,0.638715354157501,0.509546854377474,0.530576330840299,0.846546414430268,0.434491860976683,0.706115266168059,0.479542454905411,0.673471183457985,0.848658161020677,0.818653761548614,0.570699516058072,0.636603607567091,0.344038715354157,0.608358996920369,0.567355917289925,0.567355917289925,0.567355917289925,0.56392432908051,0.789089309282886,0.934162641434527,0.87003959524857,0.47778266608007,0.571931368235811,0.567355917289925,0.581346238451385,0.518785745710514,0.514562252529696,0.596568411790585,0.556797184337879,0.467311922569291,0.596568411790585,0.567355917289925,0.439595248570171,0.591465024197096,0.437571491421029,0.212934447866256,0.577738671359436,0.514298284205895,0.497316322041355,0.694148702155741,0.529872415310162,0.258776946766388,0.410558732952045,0.640035195776506,0.490981082270127,0.573867135943686,0.370611526616806,0.296964364276287
HEB_10_107,0.957677078750549,1.09758029036516,0.55943686757589,0.879102507699076,0.425164980202375,0.442146942366916,0.307083150021997,0.648482182138143,0.396832380114386,0.537175538935327,0.0265728112626484,0.323801143862736,0.210646722393313,0.332776066871975,0.425164980202375,0.425164980202375,0.425164980202375,0.425164980202375,0.327496700395952,0.692564892212934,0.697404311482622,0.425164980202375,0.425164980202375,0.425164980202375,0.425164980202375,0.425164980202375,0.425164980202375,0.425164980202375,0.510074791025077,0.749846018477782,0.425164980202375,0.949406071271447,0.949406071271447,0.766564012318521,0.681390233172019,0.681038275406951,1.08139023317202,1.10796304443467,0.956357237131544,0.537351517817862,0.793312802463704,0.858249010118785,0.937879454465464,1.04733831940167,0.425164980202375,0.907171139463264,1.10796304443467,0.583721953365596,1.10796304443467,0.583721953365596,1.10796304443467,0.425164980202375,1.10796304443467,0.405983282006159,0.916498020237571,0.964188297404311,0.916498020237571,0.425164980202375,0.644258688957325,0.425164980202375,0.899780026396832,0.952661680598328,0.33559172899252,0.896348438187417,0.324153101627804,0.408710954685437,0.42173339199296,0.42173339199296,0.412142542894852,0.408710954685437,0.469863616366036,1.05437747470304,0.728816542014958,0.367355917289925,0.388385393752749,1.08446986361637,0.566827980642323,0.56392432908051,0.337351517817861,0.911394632644082,1.06546414430268,1.05657721073471,0.798064232292124,0.874527056753189,0.391904971403431,0.793488781346238,0.425164980202375,0.425164980202375,0.425164980202375,0.42173339199296,0.731368235811702,0.87003959524857,1.14907695361609,0.33559172899252,0.429740431148262,0.425164980202375,0.439155301363836,0.461064672239331,0.414606247250329,0.538847338319401,0.499076110866696,0.325120985481742,0.538847338319401,0.425164980202375,0.339639243290805,0.533743950725912,0.29538055433348,0.0707435107787066,0.435547734271887,0.372107347118345,0.56630004399472,0.763132424109106,0.598856137263528,0.116586009678838,0.268367795864496,0.709018917729872,0.454377474703035,0.642850857897052,0.228420589529256,0.154773427188737
HEB_10_114,0.185305763308403,0.325208974923009,0.420589529256489,0.360140783106027,0.750901891772987,0.282182138143422,0.6539375274967,0.594104707435107,0.521953365596128,0.503915530136383,0.669071711394632,0.702331720193576,0.578618565772107,0.669071711394632,0.750901891772987,0.750901891772987,0.750901891772987,0.750901891772987,0.547646282446106,0.363660360756709,0.389617245930488,0.750901891772987,0.750901891772987,0.750901891772987,0.750901891772987,0.750901891772987,0.750901891772987,0.750901891772987,0.687989441267048,0.526528816542015,0.750901891772987,0.430444346678398,0.430444346678398,0.543246810382754,0.5847778266608,0.499956005279366,0.309018917729872,0.33559172899252,0.310690717113946,0.683589969203695,0.358820941487021,0.423757149142103,0.418917729872415,0.443906731192257,0.750901891772987,0.430444346678398,0.33559172899252,0.656049274087109,0.33559172899252,0.656049274087109,0.33559172899252,0.750901891772987,0.33559172899252,0.858424989001319,0.524241091069071,0.402991641003079,0.524241091069071,0.750901891772987,0.610998680158381,0.750901891772987,0.296348438187417,0.423141223053233,0.671887373515178,0.303475582930048,0.649890013198416,0.787241531016277,0.758029036515618,0.758029036515618,0.780114386273647,0.787241531016277,0.774483062032555,0.345358556973163,0.526616805983282,0.671975362956445,0.714122305323361,0.312098548174219,0.639155301363836,0.657369115706115,0.937615486141663,0.434667839859217,0.335327760668719,0.36867575890893,0.54307083150022,0.176066871975363,0.263616366036075,0.401231852177738,0.750901891772987,0.750901891772987,0.750901891772987,0.758029036515618,0.550285965684118,0.47778266608007,0.33559172899252,1.08317342685106,0.766036075670919,0.750901891772987,0.690981082270127,0.786801583809942,0.909282886053673,0.695644522657281,0.655873295204575,0.798680158380994,0.695644522657281,0.750901891772987,0.623141223053233,0.690541135063792,0.695028596568411,0.71324241091069,0.486757589089309,0.708402991641003,0.533040035195776,0.708754949406071,0.438891333040035,0.843554773427188,0.784161900571931,0.527936647602287,0.716761988561372,0.50400351957765,0.807567091948965,0.828948526176858
HEB_10_115,0.701803783545974,0.440475142982842,0.768147822261328,0.390937087549494,0.507171139463264,0.524153101627804,0.515794104707435,0.519313682358117,0.83783545974483,0.439683238011438,0.826572811262648,0.458600967883853,0.503827540695116,0.414782226132863,0.507171139463264,0.507171139463264,0.507171139463264,0.507171139463264,0.46229652441707,0.352221733391993,0.526000879894412,0.507171139463264,0.507171139463264,0.507171139463264,0.507171139463264,0.507171139463264,0.507171139463264,0.507171139463264,0.761020677518697,0.789617245930488,0.507171139463264,0.271183457985041,0.271183457985041,0.468455785305763,0.93233611966564,1.07980642322921,0.466520017597888,0.429740431148262,0.763836339639243,0.429300483941927,0.199560052793665,0.940255169379674,0.85094588649362,0.601407831060272,0.507171139463264,0.524593048834139,0.429740431148262,0.665728112626484,0.429740431148262,0.665728112626484,0.429740431148262,0.507171139463264,0.429740431148262,0.614694236691597,0.618389793224813,0.497140343158821,0.618389793224813,0.507171139463264,0.599560052793664,0.507171139463264,0.221557413110426,0.274439067311922,0.417597888253409,0.218125824901012,0.406159260888693,0.532952045754509,0.503739551253849,0.503739551253849,0.536383633963924,0.532952045754509,1.1009238891333,0.407831060272767,0.399032116146062,1.04065112186538,0.533743950725912,0.437923449186097,0.817773867135943,0.698724153101627,0.757237131544214,0.97228332600088,0.461152661680598,0.526176858776946,0.605543334799824,0.312450505939287,0.600615926088869,0.389793224813022,0.507171139463264,0.507171139463264,0.507171139463264,0.503739551253849,0.644434667839859,0.571931368235811,0.429740431148262,0.766036075670919,1.30417521339244,0.507171139463264,0.647866256049274,0.564188297404311,0.66555213374395,0.451913770347558,0.454377474703035,0.745006599208095,0.451913770347558,0.507171139463264,0.80175978882534,0.446810382754069,0.430180378354597,0.870743510778706,0.602023757149142,0.454113506379234,1.11289045314562,0.866256049274087,1.01874175098988,1.07496700395952,1.10004399472063,0.368675758908931,1.02208534975803,1.0838539375275,0.986185657721073,1.07091948966124
HEB_10_117,0.274879014518257,0.414782226132864,0.510162780466344,0.449714034315882,0.840475142982842,0.350637923449186,0.722393312802463,0.683677958644962,0.305323361196656,0.593488781346238,0.441882974043114,0.739111306643202,0.625956885173779,0.748086229652441,0.840475142982842,0.840475142982842,0.840475142982842,0.840475142982842,0.637219533655961,0.432116146062472,0.352485701715794,0.840475142982842,0.840475142982842,0.840475142982842,0.840475142982842,0.840475142982842,0.840475142982842,0.840475142982842,0.629740431148262,0.320457545094588,0.840475142982842,0.520017597888253,0.520017597888253,0.632820061592609,0.378706555213374,0.29388473383194,0.398592168939727,0.425164980202375,0.273559172899252,0.466959964804223,0.448394192696876,0.217685877694677,0.255081390233172,0.364540255169379,0.840475142982842,0.520017597888253,0.425164980202375,0.745622525296964,0.425164980202375,0.745622525296964,0.425164980202375,0.840475142982842,0.425164980202375,0.779058512978442,0.444874615046194,0.492564892212934,0.444874615046194,0.840475142982842,0.616102067751869,0.840475142982842,0.385921689397272,0.502155741311042,0.750901891772987,0.382490101187857,0.73946326440827,0.824021117465903,0.837043554773427,0.837043554773427,0.827452705675318,0.824021117465903,0.568411790585129,0.434931808183018,0.595072591289045,0.592608886933568,0.803695556533215,0.401671799384073,0.43308402991641,0.725824901011878,0.752661680598328,0.22859656841179,0.424901011878574,0.373779146502419,0.22085349758029,0.191728992520897,0.27927848658161,0.364100307963044,0.840475142982842,0.840475142982842,0.840475142982842,0.837043554773427,0.639859216893972,0.567355917289925,0.425164980202375,0.750901891772987,0.507171139463264,0.947925626943691,0.769995600527936,0.707435107787065,0.74544654641443,0.785217773867135,0.74544654641443,0.740431148262208,0.785217773867135,0.840475142982842,0.670479542454905,0.780114386273647,0.710690717113946,0.486053673559173,0.555213374395072,0.787417509898812,0.221381434227892,0.418213814342279,0.2539375274967,0.531896172459304,0.578090629124505,0.617509898812142,0.510690717113946,0.297932248130224,0.643730752309722,0.570083589969203
HEB_10_120,0.415574131104267,0.428772547294324,0.60862296524417,0.527056753189617,0.769995600527936,0.512450505939287,0.673031236251649,0.697668279806423,0.456577210734712,0.565244170699516,0.519225692916849,0.668631764188297,0.639947206335239,0.688165420149582,0.769995600527936,0.769995600527936,0.769995600527936,0.769995600527936,0.566739991201055,0.467223933128024,0.387593488781346,0.769995600527936,0.769995600527936,0.769995600527936,0.769995600527936,0.769995600527936,0.769995600527936,0.769995600527936,0.664848218213814,0.461152661680598,0.769995600527936,0.534007919049714,0.534007919049714,0.604575450945886,0.477166739991201,0.434579850417949,0.412582490101187,0.439155301363836,0.414254289485261,0.407039155301364,0.388473383194016,0.358380994280686,0.385217773867136,0.37853057633084,0.769995600527936,0.534007919049714,0.439155301363836,0.675142982842059,0.439155301363836,0.675142982842059,0.439155301363836,0.769995600527936,0.439155301363836,0.708578970523537,0.458864936207655,0.506555213374395,0.458864936207655,0.769995600527936,0.587857457105147,0.769995600527936,0.399912010558732,0.526704795424549,0.690981082270127,0.407039155301363,0.668983721953365,0.764100307963044,0.777122745270567,0.777122745270567,0.756973163220413,0.764100307963044,0.614078310602727,0.448922129344478,0.609062912450506,0.648834139903211,0.73321601407831,0.415662120545534,0.489309282886053,0.655345358556973,0.682182138143422,0.348174219093708,0.438891333040035,0.38776946766388,0.160932688077431,0.226836779586449,0.398856137263528,0.356973163220413,0.769995600527936,0.769995600527936,0.769995600527936,0.777122745270567,0.653849538055433,0.581346238451385,0.439155301363836,0.690981082270127,0.647866256049274,0.769995600527936,0.961026930457223,0.647514298284205,0.674967003959524,0.71473823141223,0.696084469863616,0.733304003519577,0.71473823141223,0.769995600527936,0.726704795424549,0.709634843818741,0.661328640563132,0.563396392432908,0.558644962604487,0.727496700395952,0.362076550813902,0.432204135503739,0.39463264408271,0.588121425428948,0.634315882094148,0.631500219973603,0.598592168939727,0.438627364716234,0.699956005279366,0.626308842938847
HEB_10_124,0.437483501979762,0.471799384073911,0.503827540695116,0.548966124065112,0.707435107787065,0.344302683677958,0.589353277606687,0.550637923449186,0.467927848658161,0.460448746150462,0.604487461504619,0.648306203255609,0.577386713594368,0.615046194456665,0.707435107787065,0.707435107787065,0.707435107787065,0.707435107787065,0.546414430268367,0.299076110866696,0.219445666520017,0.707435107787065,0.707435107787065,0.707435107787065,0.707435107787065,0.707435107787065,0.707435107787065,0.707435107787065,0.750109986801583,0.609766827980642,0.707435107787065,0.555917289925209,0.555917289925209,0.584249890013198,0.668015838099428,0.414254289485261,0.434491860976682,0.461064672239331,0.478398592168939,0.671799384073911,0.494852617685877,0.50699516058073,0.523273207215134,0.506027276726792,0.707435107787065,0.386977562692477,0.461064672239331,0.612582490101187,0.461064672239331,0.612582490101187,0.461064672239331,0.707435107787065,0.461064672239331,0.814958205015398,0.48077430708315,0.359524857017158,0.48077430708315,0.707435107787065,0.567531896172459,0.707435107787065,0.421821381434228,0.538055433347998,0.61786185657721,0.418389793224813,0.606423229212494,0.73321601407831,0.70400351957765,0.70400351957765,0.736647602287725,0.73321601407831,0.604311482622085,0.470831500219973,0.48315002199736,0.670743510778706,0.712890453145622,0.479806423229212,0.764628244610646,0.613902331720193,0.788561372635283,0.433435987681478,0.418565772107347,0.494148702155741,0.425692916849978,0.312098548174219,0.357413110426748,0.315530136383633,0.707435107787065,0.707435107787065,0.707435107787065,0.70400351957765,0.506819181698196,0.518785745710514,0.461064672239331,0.786801583809942,0.564188297404311,0.707435107787065,0.647514298284205,1.08132071726328,0.865816102067751,0.821117465904091,0.908051033875934,0.755213374395072,0.821117465904091,0.707435107787065,0.748614166300044,0.837131544214694,0.577650681918169,0.648658161020677,0.48552573691157,0.654377474703035,0.383985921689397,0.432996040475143,0.35318961724593,0.694500659920809,0.740695116586009,0.484469863616366,0.588825340959084,0.460536735591729,0.764100307963044,0.732688077430708
HEB_10_131,0.264320281566212,0.404223493180818,0.415134183897932,0.439155301363836,0.74544654641443,0.255609326880774,0.627364716234052,0.58864936207655,0.463704355477342,0.498460184777826,0.600263968323801,0.644082710074791,0.530928288605367,0.653057633084029,0.74544654641443,0.74544654641443,0.74544654641443,0.74544654641443,0.542190937087549,0.33708754949406,0.257457105147382,0.74544654641443,0.74544654641443,0.74544654641443,0.74544654641443,0.74544654641443,0.74544654641443,0.74544654641443,0.745886493620765,0.563308402991641,0.74544654641443,0.509458864936207,0.509458864936207,0.58002639683238,0.621557413110426,0.452265728112626,0.388033435987681,0.414606247250329,0.389705235371755,0.69925208974923,0.43783545974483,0.439419269687637,0.497932248130224,0.501803783545974,0.74544654641443,0.424989001319841,0.414606247250329,0.650593928728552,0.414606247250329,0.650593928728552,0.414606247250329,0.74544654641443,0.414606247250329,0.852969643642763,0.518785745710515,0.397536295644522,0.518785745710515,0.74544654641443,0.605543334799823,0.74544654641443,0.375362956445226,0.491597008358997,0.655873295204575,0.371931368235811,0.644434667839859,0.771227452705675,0.742014958205015,0.742014958205015,0.77465904091509,0.771227452705675,0.726792784865816,0.424373075230972,0.521161460624725,0.624285085789705,0.708666959964804,0.391113066432028,0.675934887813462,0.651913770347558,0.911042674879014,0.471447426308843,0.393224813022437,0.44769027716674,0.453145622525297,0.181170259568851,0.226484821821381,0.311306643202815,0.74544654641443,0.74544654641443,0.74544654641443,0.742014958205015,0.544830620325561,0.514562252529696,0.414606247250329,0.909282886053673,0.66555213374395,0.74544654641443,0.674967003959524,0.865816102067751,1.02732746641964,0.77465904091509,0.734887813462384,0.772107347118345,0.77465904091509,0.74544654641443,0.617685877694676,0.769555653321601,0.615662120545534,0.644434667839859,0.46018477782666,0.6923889133304,0.379762428508579,0.555477342718873,0.306731192256929,0.690277166739991,0.736471623405191,0.52248130224373,0.669071711394632,0.45631324241091,0.759876814782226,0.72846458424989
HEB_10_132,0.388561372635283,0.52846458424989,0.454905411350638,0.563396392432908,0.785217773867135,0.29538055433348,0.667135943686757,0.628420589529256,0.25006599208095,0.538231412230532,0.386625604927408,0.683853937527496,0.570699516058073,0.692828860536735,0.785217773867135,0.785217773867135,0.785217773867135,0.785217773867135,0.581962164540255,0.376858776946766,0.297228332600088,0.785217773867135,0.785217773867135,0.785217773867135,0.785217773867135,0.785217773867135,0.785217773867135,0.785217773867135,0.743422789265288,0.434139903211614,0.785217773867135,0.633699956005279,0.633699956005279,0.662032556093268,0.4923889133304,0.238627364716234,0.512274527056753,0.538847338319401,0.387241531016278,0.559524857017158,0.562076550813902,0.289133304003519,0.368763748350198,0.478222613286405,0.785217773867135,0.464760228772547,0.538847338319401,0.690365156181258,0.538847338319401,0.690365156181258,0.538847338319401,0.785217773867135,0.538847338319401,0.723801143862736,0.389617245930488,0.437307523097228,0.389617245930488,0.785217773867135,0.560844698636163,0.785217773867135,0.499604047514298,0.615838099428068,0.695644522657281,0.496172459304883,0.684205895292564,0.768763748350197,0.78178618565772,0.78178618565772,0.772195336559612,0.768763748350197,0.513154421469423,0.548614166300044,0.539815222173339,0.537351517817862,0.748438187417509,0.515354157501099,0.546766388033436,0.670567531896172,0.697404311482622,0.342278926528816,0.496348438187417,0.487461504619445,0.313418389793224,0.305411350637923,0.30849098108227,0.393312802463704,0.785217773867135,0.785217773867135,0.785217773867135,0.78178618565772,0.584601847778266,0.596568411790585,0.538847338319401,0.695644522657281,0.451913770347558,0.785217773867135,0.71473823141223,0.821117465904091,0.77465904091509,0.991861311453715,0.859128904531456,0.685173779146502,0.898900131984161,0.785217773867135,0.699692036955565,0.893796744390673,0.65543334799824,0.430796304443466,0.499956005279366,0.732160140783106,0.166124065112186,0.362956445226572,0.198680158380994,0.476638803343598,0.522833260008799,0.562252529696436,0.45543334799824,0.242674879014518,0.588473383194016,0.514826220853497
HEB_10_133,0.51772987241531,0.509810822701275,0.584073911130664,0.608095028596568,0.74544654641443,0.424549054113506,0.627364716234051,0.58864936207655,0.379234491860976,0.498460184777826,0.515794104707434,0.686317641882974,0.636515618125824,0.653057633084029,0.74544654641443,0.74544654641443,0.74544654641443,0.74544654641443,0.584425868895732,0.33708754949406,0.257457105147382,0.74544654641443,0.74544654641443,0.74544654641443,0.74544654641443,0.74544654641443,0.74544654641443,0.74544654641443,0.703651561812582,0.521073471183458,0.74544654641443,0.593928728552573,0.593928728552573,0.622261328640563,0.579322481302243,0.325560932688077,0.472503299604047,0.499076110866696,0.474175098988121,0.540871095468544,0.543422789265288,0.418301803783546,0.413462384513858,0.4384513858337,0.74544654641443,0.424989001319841,0.499076110866696,0.650593928728552,0.499076110866696,0.650593928728552,0.499076110866696,0.74544654641443,0.499076110866696,0.68402991641003,0.349846018477782,0.397536295644522,0.349846018477782,0.74544654641443,0.521073471183458,0.74544654641443,0.459832820061592,0.576066871975362,0.655873295204575,0.456401231852177,0.644434667839859,0.728992520897492,0.742014958205015,0.742014958205015,0.732424109106907,0.728992520897492,0.473383194016718,0.508842938847338,0.500043994720633,0.666520017597888,0.750901891772987,0.517817861856577,0.675934887813462,0.630796304443466,0.657633084029916,0.302507699076111,0.456577210734711,0.44769027716674,0.29476462824461,0.350109986801583,0.437659480862296,0.353541575010998,0.74544654641443,0.74544654641443,0.74544654641443,0.742014958205015,0.544830620325561,0.556797184337879,0.499076110866696,0.655873295204575,0.454377474703035,0.74544654641443,0.696084469863616,0.908051033875934,0.734887813462384,0.859128904531456,1.05908820221002,0.729872415310162,0.859128904531456,0.74544654641443,0.828860536735591,0.875142982842058,0.615662120545534,0.559964804223493,0.544654641443026,0.6923889133304,0.295292564892213,0.323185217773867,0.32784865816102,0.605807303123625,0.652001759788825,0.52248130224373,0.479014518257809,0.371843378794544,0.717641882974043,0.643994720633524
HEB_10_135,0.428244610646722,0.335855697316322,0.663528376594808,0.476374835019797,0.740431148262208,0.50400351957765,0.685701715794104,0.583633963924329,0.606511218653761,0.493444786625604,0.743070831500219,0.66018477782666,0.673735151781786,0.648042234931808,0.740431148262208,0.740431148262208,0.740431148262208,0.740431148262208,0.558293004839419,0.332072151341839,0.25244170699516,0.740431148262208,0.740431148262208,0.740431148262208,0.740431148262208,0.740431148262208,0.740431148262208,0.740431148262208,0.740871095468543,0.600527936647602,0.740431148262208,0.41997360316762,0.41997360316762,0.532776066871975,0.658776946766388,0.573955125384954,0.298548174219093,0.325120985481742,0.405807303123625,0.525296964364276,0.401143862736471,0.518873735151781,0.461240651121865,0.380642322921249,0.740431148262208,0.41997360316762,0.325120985481742,0.64557853057633,0.325120985481742,0.64557853057633,0.325120985481742,0.740431148262208,0.325120985481742,0.763484381874175,0.429300483941927,0.392520897492301,0.429300483941927,0.740431148262208,0.558293004839419,0.740431148262208,0.285877694676638,0.402111746590409,0.650857897052353,0.282446106467224,0.639419269687637,0.745094588649362,0.736999560052793,0.736999560052793,0.748526176858776,0.745094588649362,0.700659920809502,0.334887813462384,0.505587329520457,0.830444346678398,0.724769027716674,0.322745270567531,0.734271887373515,0.63633963924329,0.821557413110426,0.445314562252529,0.324857017157941,0.315970083589969,0.279190497140343,0.133919929608447,0.432644082710074,0.26405631324241,0.740431148262208,0.740431148262208,0.740431148262208,0.736999560052793,0.539815222173339,0.467311922569291,0.325120985481742,0.798680158380994,0.745006599208095,0.740431148262208,0.733304003519577,0.755213374395072,0.772107347118345,0.685173779146502,0.729872415310162,0.948322636141071,0.685173779146502,0.740431148262208,0.844962604487461,0.690629124505059,0.610646722393312,0.787241531016277,0.497404311482622,0.687373515178178,0.522569291684997,0.45543334799824,0.491772987241531,0.833084029916409,0.87927848658161,0.517465904091509,0.759084909810822,0.599120105587329,0.923801143862736,0.871271447426308
HEB_10_137,0.388561372635283,0.52846458424989,0.454905411350638,0.563396392432908,0.785217773867135,0.29538055433348,0.667135943686757,0.628420589529256,0.25006599208095,0.538231412230532,0.386625604927408,0.683853937527496,0.570699516058073,0.692828860536735,0.785217773867135,0.785217773867135,0.785217773867135,0.785217773867135,0.581962164540255,0.376858776946766,0.297228332600088,0.785217773867135,0.785217773867135,0.785217773867135,0.785217773867135,0.785217773867135,0.785217773867135,0.785217773867135,0.743422789265288,0.434139903211614,0.785217773867135,0.633699956005279,0.633699956005279,0.662032556093268,0.4923889133304,0.238627364716234,0.512274527056753,0.538847338319401,0.387241531016278,0.559524857017158,0.562076550813902,0.289133304003519,0.368763748350198,0.478222613286405,0.785217773867135,0.464760228772547,0.538847338319401,0.690365156181258,0.538847338319401,0.690365156181258,0.538847338319401,0.785217773867135,0.538847338319401,0.723801143862736,0.389617245930488,0.437307523097228,0.389617245930488,0.785217773867135,0.560844698636163,0.785217773867135,0.499604047514298,0.615838099428068,0.695644522657281,0.496172459304883,0.684205895292564,0.768763748350197,0.78178618565772,0.78178618565772,0.772195336559612,0.768763748350197,0.513154421469423,0.548614166300044,0.539815222173339,0.537351517817862,0.748438187417509,0.515354157501099,0.546766388033436,0.670567531896172,0.697404311482622,0.342278926528816,0.496348438187417,0.487461504619445,0.313418389793224,0.305411350637923,0.30849098108227,0.393312802463704,0.785217773867135,0.785217773867135,0.785217773867135,0.78178618565772,0.584601847778266,0.596568411790585,0.538847338319401,0.695644522657281,0.451913770347558,0.785217773867135,0.71473823141223,0.821117465904091,0.77465904091509,0.898900131984161,0.859128904531456,0.685173779146502,0.991861311453715,0.785217773867135,0.699692036955565,0.893796744390673,0.65543334799824,0.430796304443466,0.499956005279366,0.732160140783106,0.166124065112186,0.362956445226572,0.198680158380994,0.476638803343598,0.522833260008799,0.562252529696436,0.45543334799824,0.242674879014518,0.588473383194016,0.514826220853497
HEB_10_138,0.274879014518257,0.414782226132864,0.510162780466344,0.449714034315882,0.840475142982842,0.350637923449186,0.722393312802463,0.683677958644962,0.305323361196656,0.593488781346238,0.441882974043114,0.739111306643202,0.625956885173779,0.748086229652441,0.840475142982842,0.840475142982842,0.840475142982842,0.840475142982842,0.637219533655961,0.432116146062472,0.352485701715794,0.840475142982842,0.840475142982842,0.840475142982842,0.840475142982842,0.840475142982842,0.840475142982842,0.840475142982842,0.629740431148262,0.320457545094588,0.840475142982842,0.520017597888253,0.520017597888253,0.632820061592609,0.378706555213374,0.29388473383194,0.398592168939727,0.425164980202375,0.273559172899252,0.466959964804223,0.448394192696876,0.217685877694677,0.255081390233172,0.364540255169379,0.840475142982842,0.520017597888253,0.425164980202375,0.745622525296964,0.425164980202375,0.745622525296964,0.425164980202375,0.840475142982842,0.425164980202375,0.779058512978442,0.444874615046194,0.492564892212934,0.444874615046194,0.840475142982842,0.616102067751869,0.840475142982842,0.385921689397272,0.502155741311042,0.750901891772987,0.382490101187857,0.73946326440827,0.824021117465903,0.837043554773427,0.837043554773427,0.827452705675318,0.824021117465903,0.568411790585129,0.434931808183018,0.595072591289045,0.592608886933568,0.803695556533215,0.401671799384073,0.43308402991641,0.725824901011878,0.752661680598328,0.22859656841179,0.424901011878574,0.373779146502419,0.22085349758029,0.191728992520897,0.27927848658161,0.364100307963044,0.840475142982842,0.840475142982842,0.840475142982842,0.837043554773427,0.639859216893972,0.567355917289925,0.425164980202375,0.750901891772987,0.507171139463264,0.840475142982842,0.769995600527936,0.707435107787065,0.74544654641443,0.785217773867135,0.74544654641443,0.740431148262208,0.785217773867135,0.947925626943691,0.670479542454905,0.780114386273647,0.710690717113946,0.486053673559173,0.555213374395072,0.787417509898812,0.221381434227892,0.418213814342279,0.2539375274967,0.531896172459304,0.578090629124505,0.617509898812142,0.510690717113946,0.297932248130224,0.643730752309722,0.570083589969203
HEB_10_139,0.738407391113066,0.371491421029476,0.889221293444786,0.617597888253409,0.670479542454905,0.729696436427628,0.679102507699076,0.513682358117026,0.726616805983282,0.423493180818302,0.86317641882974,0.611350637923449,0.751605807303123,0.578090629124505,0.670479542454905,0.670479542454905,0.670479542454905,0.670479542454905,0.509458864936207,0.262120545534536,0.182490101187857,0.670479542454905,0.670479542454905,0.670479542454905,0.670479542454905,0.670479542454905,0.670479542454905,0.670479542454905,0.882094148702155,0.783985921689397,0.670479542454905,0.434491860976682,0.434491860976682,0.505059392872855,0.842234931808183,0.672943246810382,0.313066432028156,0.339639243290805,0.568147822261328,0.434227892652881,0.468455785305763,0.702331720193576,0.57078750549934,0.363484381874175,0.670479542454905,0.350021997360316,0.339639243290805,0.575626924769027,0.339639243290805,0.575626924769027,0.339639243290805,0.670479542454905,0.339639243290805,0.609062912450506,0.274879014518258,0.322569291684997,0.274879014518258,0.670479542454905,0.446106467223933,0.670479542454905,0.300395952485701,0.416630004399471,0.58090629124505,0.296964364276287,0.569467663880334,0.654025516937967,0.66704795424549,0.66704795424549,0.657457105147382,0.654025516937967,0.630708315002199,0.349406071271447,0.425076990761108,1.01390233172019,0.675934887813462,0.358380994280686,0.938847338319401,0.555829300483941,0.667135943686757,0.56542014958205,0.318257809062912,0.288253409590849,0.188121425428948,0.190673119225693,0.700571931368235,0.236339639243291,0.670479542454905,0.670479542454905,0.670479542454905,0.66704795424549,0.469863616366036,0.439595248570171,0.339639243290805,0.623141223053233,0.80175978882534,0.670479542454905,0.726704795424549,0.748614166300044,0.617685877694676,0.699692036955565,0.828860536735591,0.844962604487461,0.699692036955565,0.670479542454905,1.16866274068683,0.715706115266168,0.540695116586009,0.907347118345798,0.469687637483502,0.617421909370875,0.642674879014518,0.290453145622525,0.654113506379234,0.95318961724593,0.99938407391113,0.447514298284205,0.826396832380114,0.71922569291685,1.06502419709635,0.991377034755829
HEB_10_140,0.404575450945886,0.523361196656401,0.47091948966124,0.568851737791465,0.780114386273647,0.311394632644082,0.662032556093268,0.623317201935767,0.266080070391553,0.533128024637043,0.402639683238011,0.699868015838099,0.586713594368675,0.687725472943246,0.780114386273647,0.780114386273647,0.780114386273647,0.780114386273647,0.597976242850857,0.371755389353277,0.292124945006599,0.780114386273647,0.780114386273647,0.780114386273647,0.780114386273647,0.780114386273647,0.780114386273647,0.780114386273647,0.738319401671799,0.429036515618126,0.780114386273647,0.62859656841179,0.62859656841179,0.656929168499779,0.487285525736911,0.233523977122745,0.507171139463264,0.533743950725912,0.382138143422789,0.564980202375715,0.556973163220413,0.305147382314122,0.374219093708755,0.473119225692916,0.780114386273647,0.459656841179058,0.533743950725912,0.685261768587769,0.533743950725912,0.685261768587769,0.533743950725912,0.780114386273647,0.533743950725912,0.718697756269247,0.384513858336999,0.432204135503739,0.384513858336999,0.780114386273647,0.555741311042674,0.780114386273647,0.494500659920809,0.610734711834579,0.690541135063792,0.491069071711394,0.679102507699076,0.763660360756709,0.776682798064232,0.776682798064232,0.767091948966123,0.763660360756709,0.508051033875934,0.543510778706555,0.53471183457985,0.553365596128464,0.753893532776066,0.531368235811702,0.562780466344038,0.665464144302683,0.692300923889133,0.337175538935327,0.491245050593928,0.482358117025956,0.318873735151781,0.321425428948526,0.324505059392872,0.388209414870215,0.780114386273647,0.780114386273647,0.780114386273647,0.776682798064232,0.579498460184777,0.591465024197096,0.533743950725912,0.690541135063792,0.446810382754069,0.780114386273647,0.709634843818741,0.837131544214694,0.769555653321601,0.893796744390673,0.875142982842058,0.690629124505059,0.893796744390673,0.780114386273647,0.715706115266168,0.992125984251969,0.650329960404751,0.446810382754069,0.505411350637923,0.727056753189617,0.182138143422789,0.357853057633084,0.214694236691597,0.492652881654201,0.538847338319401,0.557149142102947,0.450329960404751,0.258688957325121,0.604487461504619,0.5308402991641
HEB_10_141,0.145094588649362,0.284997800263968,0.380378354597448,0.319929608446986,0.710690717113946,0.685437747470303,1.03607567091949,0.553893532776066,0.428948526176858,0.548174219093708,1.15679718433788,0.936647602287725,0.960756709194896,1.10400351957765,0.710690717113946,0.710690717113946,0.710690717113946,0.710690717113946,0.845314562252529,0.851385833699956,1.29969203695556,0.710690717113946,0.710690717113946,0.710690717113946,0.710690717113946,0.710690717113946,0.710690717113946,0.710690717113946,0.499956005279366,0.190673119225693,0.710690717113946,0.390233172019357,0.390233172019357,0.503035635723713,0.248922129344478,0.164100307963044,0.268807743070831,0.29538055433348,0.143774747030356,0.590585129784425,0.360844698636163,0.087901451825781,0.125296964364276,0.234755829300484,0.710690717113946,0.390233172019357,0.29538055433348,0.615838099428068,0.29538055433348,0.615838099428068,0.29538055433348,0.710690717113946,0.29538055433348,0.649274087109546,0.315090189177298,0.362780466344038,0.315090189177298,0.710690717113946,0.486317641882974,0.710690717113946,0.425076990761108,0.393488781346238,0.74782226132864,0.442762868455785,0.778618565772107,0.715354157501099,0.728376594808622,0.728376594808622,0.697668279806423,0.715354157501099,0.438627364716234,0.305147382314122,0.465288165420149,0.462824461064672,0.67391113066432,0.271887373515178,0.303299604047514,0.596040475142982,0.622877254729432,0.0988121425428948,0.295116586009678,0.243994720633524,0.893532776066872,0.853849538055433,1.21592608886934,1.03677958644963,0.710690717113946,0.710690717113946,0.710690717113946,0.728376594808622,0.510074791025076,0.437571491421029,0.29538055433348,0.695028596568411,0.430180378354597,0.710690717113946,0.661328640563132,0.577650681918169,0.615662120545534,0.65543334799824,0.615662120545534,0.610646722393312,0.65543334799824,0.710690717113946,0.540695116586009,0.650329960404751,1.55468801693906,1.36990761108667,1.41794984601848,0.678750549934007,0.746238451385833,0.39401671799384,0.778794544654641,1.05675318961725,0.448306203255609,0.593312802463704,0.38090629124505,0.168147822261328,0.513946326440826,0.725384953805543
HEB_10_142,0.596216454025517,0.102595688517378,0.831500219973603,0.412054553453585,0.486053673559173,1.15767707875055,0.959260888693356,0.329256489221293,1.21794984601848,0.408007039155301,1.9457985041795,0.870391553013638,1.15846898372195,0.900483941926968,0.486053673559173,0.486053673559173,0.486053673559173,0.486053673559173,0.831852177738671,0.626748790145182,0.969467663880334,0.486053673559173,0.486053673559173,0.486053673559173,0.486053673559173,0.486053673559173,0.486053673559173,0.486053673559173,0.739903211614605,0.768499780026397,0.486053673559173,0.165596128464584,0.165596128464584,0.278398592168939,0.826748790145183,0.741926968763749,0.0441706995160582,0.0707435107787066,0.425956885173779,0.851649802023757,0.410734711834579,0.792432908051035,0.597536295644522,0.242410910690717,0.486053673559173,0.165596128464584,0.0707435107787066,0.391201055873295,0.0707435107787066,0.391201055873295,0.0707435107787066,0.486053673559173,0.0707435107787066,0.593576770787505,0.259392872855257,0.138143422789265,0.259392872855257,0.486053673559173,0.346150461944566,0.486053673559173,0.284909810822701,0.211086669599648,0.607655081390233,0.302595688517378,0.6384513858337,0.532952045754509,0.503739551253849,0.503739551253849,0.515266168059832,0.532952045754509,0.699692036955565,0.0805103387593489,0.261768587769467,0.95618125824901,0.491509018917729,0.0894852617685878,0.923361196656402,0.392520897492301,0.736119665640123,0.549934007919049,0.0704795424549055,0.103827540695117,0.943422789265288,0.829828420589529,1.65648922129344,0.727672679278486,0.486053673559173,0.486053673559173,0.486053673559173,0.503739551253849,0.285437747470303,0.212934447866256,0.0707435107787066,0.71324241091069,0.870743510778706,0.486053673559173,0.563396392432908,0.648658161020677,0.644434667839859,0.430796304443466,0.559964804223493,0.787241531016277,0.430796304443466,0.486053673559173,0.907347118345798,0.446810382754069,1.36990761108667,1.93938992920003,1.34113506379234,0.454113506379234,1.26071271447426,0.338319401671799,1.16656401231852,1.57122745270568,1.0683677958645,0.36867575890893,0.89538055433348,0.788209414870216,1.09177298724153,1.2926528816542
HEB_10_150,0.411966564012318,0.435723713154421,0.499428068631764,0.280598328200616,0.555213374395072,0.688341399032116,0.880598328200615,0.525120985481742,0.569115706115266,0.582754069511658,1.12802463704355,0.791728992520897,0.879190497140343,0.948526176858776,0.555213374395072,0.555213374395072,0.555213374395072,0.555213374395072,0.964364276286845,0.885965684117906,1.46097668279806,0.555213374395072,0.555213374395072,0.555213374395072,0.555213374395072,0.555213374395072,0.555213374395072,0.555213374395072,0.344478662560492,0.140783106027277,0.555213374395072,0.276990761108667,0.276990761108667,0.49538055433348,0.30461944566652,0.494324681038275,0.535679718433787,0.435547734271887,0.473999120105587,0.48790145182578,0.258161020677518,0.354773427188737,0.328816542014958,0.374923009238891,0.555213374395072,0.530400351957765,0.435547734271887,0.713770347558293,0.435547734271887,0.713770347558293,0.435547734271887,0.555213374395072,0.435547734271887,0.493796744390673,0.455257369115706,0.502947646282446,0.455257369115706,0.555213374395072,0.60536735591729,0.555213374395072,0.396304443466784,0.301363836339639,0.592344918609766,0.41399032116146,0.623141223053233,0.559876814782226,0.572899252089749,0.572899252089749,0.542190937087549,0.559876814782226,0.70549934007919,0.445314562252529,0.415398152221733,0.581874175098988,0.666256049274087,0.496524417069951,0.232292124945006,0.757325120985481,0.467399912010558,0.365684117905851,0.49863616366036,0.51086669599648,1.04425868895732,1.15239771227453,1.3244170699516,1.07135943686758,0.555213374395072,0.555213374395072,0.555213374395072,0.572899252089749,0.650241970963484,0.577738671359436,0.435547734271887,0.486757589089309,0.602023757149142,0.555213374395072,0.558644962604487,0.48552573691157,0.46018477782666,0.499956005279366,0.544654641443026,0.497404311482622,0.499956005279366,0.555213374395072,0.469687637483502,0.505411350637923,1.41794984601848,1.34113506379234,1.63051677363859,0.523273207215134,0.991992960844698,0.555301363836339,1.02454905411351,0.985745710514738,0.546238451385833,0.480070391553013,0.383809942806863,0.519489661240651,0.442938847338319,0.728288605367355
HEB_10_155,0.221821381434228,0.361724593048834,0.457105147382314,0.396656401231852,0.787417509898812,0.656577210734711,0.796040475142982,0.630620325560932,0.389529256489221,0.878310602727672,0.74782226132864,0.812758468983722,0.931896172459304,0.874527056753189,0.787417509898812,0.787417509898812,0.787417509898812,0.787417509898812,0.922041355037395,0.738055433347998,0.447250329960404,0.787417509898812,0.787417509898812,0.787417509898812,0.787417509898812,0.787417509898812,0.787417509898812,0.787417509898812,0.576682798064232,0.267399912010559,0.787417509898812,0.466959964804223,0.466959964804223,0.579762428508579,0.325648922129344,0.24082710074791,0.345534535855697,0.372107347118345,0.220501539815222,0.762340519137703,0.690981082270127,0.164628244610647,0.202023757149142,0.311482622085349,0.787417509898812,0.466959964804223,0.372107347118345,0.692564892212934,0.372107347118345,0.692564892212934,0.372107347118345,0.787417509898812,0.372107347118345,0.726000879894412,0.391816981962164,0.439507259128904,0.391816981962164,0.787417509898812,0.563044434667839,0.787417509898812,0.670743510778706,0.459656841179058,1.02516498020238,0.677870655521337,1.0242850857897,0.781522217333919,0.794544654641442,0.794544654641442,0.774395072591288,0.781522217333919,0.515354157501099,0.381874175098988,0.542014958205015,0.539551253849538,0.750637923449186,0.348614166300044,0.38002639683238,0.672767267927848,0.699604047514298,0.175538935327761,0.371843378794544,0.320721513418389,0.347294324681038,0.497668279806423,0.585217773867135,0.479982402111746,0.787417509898812,0.787417509898812,0.787417509898812,0.794544654641442,0.586801583809942,0.514298284205895,0.372107347118345,0.708402991641003,0.454113506379234,0.787417509898812,0.727496700395952,0.654377474703035,0.6923889133304,0.732160140783106,0.6923889133304,0.687373515178178,0.732160140783106,0.787417509898812,0.617421909370875,0.727056753189617,0.678750549934007,0.454113506379234,0.523273207215134,1.1142724806458,0.168323801143863,0.365156181258249,0.20087989441267,0.478838539375275,0.525032996040475,0.564452265728112,0.457633084029916,0.244874615046194,0.590673119225693,0.517025956885173
HEB_10_171,0.965068191816981,0.598152221733391,0.820237571491421,0.590849098108227,0.221381434227892,0.787417509898811,0.230004399472063,0.44469863616366,1.16445226572811,0.396744390673119,1.04760228772547,0.5001319841619,0.30250769907611,0.38240211174659,0.221381434227892,0.221381434227892,0.221381434227892,0.221381434227892,0.271535415750109,0.573251209854817,1.38055433347998,0.221381434227892,0.221381434227892,0.221381434227892,0.221381434227892,0.221381434227892,0.221381434227892,0.221381434227892,0.475230972283326,1.01064672239331,0.221381434227892,0.4077430708315,0.4077430708315,0.393840739111306,0.942190937087549,1.36418829740431,0.666432028156621,0.56630004399472,1.04821821381434,0.333567971843378,0.357237131544214,1.20351957765068,1.05085789705235,0.737967443906731,0.221381434227892,0.661152661680598,0.56630004399472,0.379938407391113,0.56630004399472,0.379938407391113,0.56630004399472,0.221381434227892,0.56630004399472,0.328904531456225,0.754949406071271,0.633699956005279,0.754949406071271,0.221381434227892,0.588297404311482,0.221381434227892,0.358117025956885,0.41099868015838,0.131808183018038,0.35468543774747,0.120369555653321,0.247162340519137,0.217949846018477,0.217949846018477,0.250593928728552,0.247162340519137,0.878486581610206,0.576066871975362,0.567267927848658,0.881566212054553,0.353541575010998,0.648394192696876,0.869863616366036,0.444610646722393,0.471447426308843,1.17219533655961,0.629388473383193,0.726088869335679,1.39674439067312,0.924153101627804,1.28622965244171,1.24434667839859,0.221381434227892,0.221381434227892,0.221381434227892,0.217949846018477,0.527584689837219,0.497316322041355,0.56630004399472,0.533040035195776,1.11289045314562,0.221381434227892,0.362076550813902,0.383985921689397,0.379762428508579,0.166124065112186,0.295292564892213,0.522569291684997,0.166124065112186,0.221381434227892,0.642674879014518,0.182138143422789,0.746238451385833,1.26071271447426,0.991992960844698,0.168323801143863,1.89069013432145,1.17175538935328,2,1.62331720193577,0.972635283765948,0.610822701275846,0.989705235371755,1.41047074351078,0.827100747910251,1.26027276726793
HEB_10_172,0.612846458424989,0.752749670039595,0.468015838099428,0.534271887373515,0.418213814342279,0.435195776506819,0.3001319841619,0.641531016278046,0.791113066432028,0.593576770787505,0.294148702155741,0.422437307523097,0.224813022437307,0.325824901011878,0.418213814342279,0.418213814342279,0.418213814342279,0.418213814342279,0.426132864056313,0.685613726352837,1.02833260008799,0.418213814342279,0.418213814342279,0.418213814342279,0.418213814342279,0.418213814342279,0.418213814342279,0.418213814342279,0.344742630884294,0.679542454905411,0.418213814342279,0.604575450945886,0.604575450945886,0.590673119225693,0.611086669599648,1.03308402991641,0.863264408271007,0.763132424109106,0.854377474703035,0.488165420149582,0.448482182138143,0.830180378354597,0.825340959084909,0.860888693356797,0.418213814342279,0.857985041794984,0.763132424109106,0.576770787505499,0.763132424109106,0.576770787505499,0.763132424109106,0.418213814342279,0.763132424109106,0.50461944566652,0.930664320281566,0.830532336119665,0.930664320281566,0.418213814342279,0.774571051473823,0.418213814342279,0.554949406071271,0.607831060272767,0.328640563132424,0.551517817861856,0.317201935767707,0.443994720633524,0.414782226132864,0.414782226132864,0.447426308842938,0.443994720633524,0.864144302683677,0.772899252089749,0.764100307963044,0.518785745710514,0.508139023317202,0.802991641003079,0.496524417069951,0.641443026836779,0.583809942806863,0.96779586449626,0.82622085349758,0.901803783545974,1.08675758908931,0.761988561372635,0.384953805543334,0.892124945006598,0.418213814342279,0.418213814342279,0.418213814342279,0.414782226132864,0.724417069951605,0.694148702155741,0.763132424109106,0.708754949406071,0.866256049274087,0.418213814342279,0.432204135503739,0.432996040475143,0.555477342718873,0.362956445226572,0.323185217773867,0.45543334799824,0.362956445226572,0.418213814342279,0.290453145622525,0.357853057633084,0.39401671799384,0.338319401671799,0.555301363836339,0.365156181258249,1.17175538935328,1.33712697677496,1.07760668719754,0.700923889133304,0.599296084469863,0.702067751869775,0.721953365596128,1.03713154421469,0.453761548614166,0.654641443026836
HEB_10_173,0.997624285085789,0.630708315002199,0.852793664760228,0.623405191377034,0.2539375274967,0.819973603167619,0.262560492740871,0.477254729432468,1.07030356357237,0.429300483941927,0.953453585569731,0.532688077430708,0.324505059392872,0.414958205015398,0.2539375274967,0.2539375274967,0.2539375274967,0.2539375274967,0.304091509018917,0.605807303123625,1.41311042674879,0.2539375274967,0.2539375274967,0.2539375274967,0.2539375274967,0.2539375274967,0.2539375274967,0.2539375274967,0.444434667839859,0.916498020237571,0.2539375274967,0.440299164100307,0.440299164100307,0.426396832380114,0.848042234931808,1.27003959524857,0.698988121425428,0.598856137263528,1.02798064232292,0.239419269687637,0.389793224813022,1.10937087549494,0.977826660800704,0.696612406511218,0.2539375274967,0.693708754949405,0.598856137263528,0.41249450065992,0.598856137263528,0.41249450065992,0.598856137263528,0.2539375274967,0.598856137263528,0.298108227012758,0.724153101627804,0.666256049274087,0.724153101627804,0.2539375274967,0.589177298724153,0.2539375274967,0.390673119225692,0.443554773427188,0.164364276286845,0.387241531016277,0.152925648922129,0.258600967883854,0.250505939287285,0.250505939287285,0.262032556093268,0.258600967883854,0.784337879454465,0.60862296524417,0.58926528816542,0.840211174659041,0.386097668279806,0.680950285965684,0.775714914210294,0.466608007039155,0.387857457105147,1.07804663440387,0.661944566652001,0.737527496700395,1.30259568851738,0.956709194896612,1.31878574571051,1.2769027716674,0.2539375274967,0.2539375274967,0.2539375274967,0.250505939287285,0.560140783106027,0.529872415310162,0.598856137263528,0.438891333040035,1.01874175098988,0.2539375274967,0.39463264408271,0.35318961724593,0.306731192256929,0.198680158380994,0.32784865816102,0.491772987241531,0.198680158380994,0.2539375274967,0.654113506379234,0.214694236691597,0.778794544654641,1.16656401231852,1.02454905411351,0.20087989441267,2,1.07760668719754,1.79673129094158,1.52916849978003,0.878486581610207,0.643378794544654,0.895556533216014,1.31632204135504,0.754069511658601,1.16612406511219
HEB_10_174,0.515354157501099,0.14843818741751,0.750637923449186,0.394544654641443,0.531896172459304,0.591113066432028,0.540519137703475,0.375098988121425,0.947030356357237,0.33770347558293,1.35811702595688,0.810646722393312,0.613022437307523,0.692916849978002,0.531896172459304,0.531896172459304,0.531896172459304,0.531896172459304,0.465904091509018,0.208007039155301,0.909722833260009,0.531896172459304,0.531896172459304,0.531896172459304,0.531896172459304,0.531896172459304,0.531896172459304,0.531896172459304,0.785745710514738,0.814342278926529,0.531896172459304,0.211438627364716,0.211438627364716,0.324241091069071,0.872591289045314,0.893356797184338,0.195600527936647,0.116586009678838,0.577386713594368,0.475142982842059,0.245402551693796,0.7538055433348,0.601143862736471,0.288253409590849,0.531896172459304,0.211438627364716,0.116586009678838,0.437043554773427,0.116586009678838,0.437043554773427,0.116586009678838,0.531896172459304,0.116586009678838,0.639419269687637,0.305235371755389,0.183985921689397,0.305235371755389,0.531896172459304,0.497580290365156,0.531896172459304,0.0773427188737352,0.193576770787505,0.44232292124945,0.0739111306643203,0.430884293884733,0.55767707875055,0.52846458424989,0.52846458424989,0.561108666959964,0.55767707875055,0.851121865376154,0.179146502419709,0.360404751429828,1.00202375714914,0.642938847338319,0.188121425428948,0.969203695556533,0.491157061152661,0.781962164540255,0.701363836339639,0.169115706115266,0.255257369115706,1.01038275406951,0.453321601407831,1.22718873735152,0.921337439507259,0.531896172459304,0.531896172459304,0.531896172459304,0.52846458424989,0.331280246370435,0.258776946766388,0.116586009678838,0.843554773427188,1.07496700395952,0.531896172459304,0.588121425428948,0.694500659920809,0.690277166739991,0.476638803343598,0.605807303123625,0.833084029916409,0.476638803343598,0.531896172459304,0.95318961724593,0.492652881654201,1.05675318961725,1.57122745270568,0.985745710514738,0.478838539375275,1.62331720193577,0.700923889133304,1.52916849978003,1.76219149076954,1.16700395952486,0.414518257809062,0.941223053233612,0.939639243290805,1.13761548614166,1.54967003959525
HEB_10_175,0.667135943686757,0.300219973603167,0.849626044874614,0.440739111306643,0.578090629124505,0.637307523097228,0.586713594368675,0.442410910690717,0.950989881214254,0.415574131104267,1.02419709634844,0.518961724593048,0.659216893972723,0.485701715794104,0.578090629124505,0.578090629124505,0.578090629124505,0.578090629124505,0.522657281126264,0.23308402991641,0.259040915090189,0.578090629124505,0.578090629124505,0.578090629124505,0.578090629124505,0.578090629124505,0.578090629124505,0.578090629124505,0.831940167179938,0.860536735591729,0.578090629124505,0.257633084029916,0.257633084029916,0.4232292124945,0.971579410470743,1.00290365156181,0.305147382314122,0.268367795864496,0.686933567971843,0.521337439507259,0.291597008358997,0.905587329520457,0.752925648922129,0.440035195776506,0.578090629124505,0.363220413550374,0.268367795864496,0.588825340959085,0.268367795864496,0.588825340959085,0.268367795864496,0.578090629124505,0.268367795864496,0.685613726352837,0.457017157941047,0.335767707875055,0.457017157941047,0.578090629124505,0.554333479982402,0.578090629124505,0.144654641443027,0.250329960404751,0.48851737791465,0.141223053233612,0.477078750549934,0.60387153541575,0.57465904091509,0.57465904091509,0.607303123625165,0.60387153541575,0.960668719753629,0.278134623845138,0.385481742190937,1.12212934447866,0.646898372195336,0.318785745710514,1.01539815222173,0.621821381434227,0.828156621205455,0.810910690717114,0.299780026396832,0.36480422349318,0.444170699516058,0.182754069511658,0.650417949846018,0.217861856577211,0.578090629124505,0.578090629124505,0.578090629124505,0.57465904091509,0.483062032556093,0.410558732952045,0.268367795864496,0.784161900571931,1.10004399472063,0.578090629124505,0.634315882094148,0.740695116586009,0.736471623405191,0.522833260008799,0.652001759788825,0.87927848658161,0.522833260008799,0.578090629124505,0.99938407391113,0.538847338319401,0.448306203255609,1.0683677958645,0.546238451385833,0.525032996040475,0.972635283765948,0.599296084469863,0.878486581610207,1.16700395952486,1.25203467213657,0.355125384953805,1.04021117465904,1.04918609766828,1.18380994280686,1.2157501099868
HEB_10_176,0.558732952045754,0.69863616366036,0.540607127144742,0.733567971843378,0.617509898812142,0.634491860976682,0.499428068631764,0.756357237131544,0.589177298724153,0.623933128024637,0.324505059392872,0.54782226132864,0.402991641003079,0.577914650241971,0.617509898812142,0.617509898812142,0.617509898812142,0.617509898812142,0.414254289485261,0.758205015398152,0.741926968763748,0.617509898812142,0.617509898812142,0.617509898812142,0.617509898812142,0.617509898812142,0.617509898812142,0.617509898812142,0.406775186977562,0.604311482622085,0.617509898812142,0.803871535415749,0.803871535415749,0.663264408271007,0.409150901891773,0.577738671359437,0.682446106467223,0.709018917729872,0.557413110426748,0.412934447866256,0.647778266608007,0.501539815222173,0.538935327760668,0.648394192696876,0.617509898812142,0.80387153541575,0.709018917729872,0.522657281126264,0.709018917729872,0.522657281126264,0.709018917729872,0.617509898812142,0.709018917729872,0.556093268807743,0.728728552573691,0.776418829740431,0.728728552573691,0.617509898812142,0.646546414430268,0.617509898812142,0.669775626924769,0.786009678838539,0.527936647602287,0.666344038715354,0.516498020237571,0.601055873295204,0.614078310602727,0.614078310602727,0.604487461504619,0.601055873295204,0.408798944126704,0.718785745710514,0.878926528816541,0.369643642762868,0.580730312362516,0.68552573691157,0.421293444786625,0.502859656841179,0.529696436427628,0.512450505939287,0.708754949406071,0.657633084029916,0.483589969203695,0.528376594808623,0.415310162780466,0.711306643202815,0.617509898812142,0.617509898812142,0.617509898812142,0.614078310602727,0.670303563572371,0.640035195776506,0.709018917729872,0.527936647602287,0.368675758908931,0.617509898812142,0.631500219973603,0.484469863616366,0.52248130224373,0.562252529696436,0.52248130224373,0.517465904091509,0.562252529696436,0.617509898812142,0.447514298284205,0.557149142102947,0.593312802463704,0.36867575890893,0.480070391553013,0.564452265728112,0.610822701275846,0.702067751869775,0.643378794544654,0.414518257809062,0.355125384953805,1.03341494077946,0.541135063792345,0.581786185657721,0.420765508139023,0.389353277606687
HEB_10_182,0.747558293004839,0.475670919489661,0.803343598768147,0.573955125384954,0.510690717113946,0.71772987241531,0.519313682358117,0.522833260008799,0.968059832820061,0.44320281566212,0.851209854817422,0.409326880774307,0.517905851297844,0.418301803783545,0.510690717113946,0.510690717113946,0.510690717113946,0.510690717113946,0.360228772547294,0.419093708754949,0.381698196216454,0.510690717113946,0.510690717113946,0.510690717113946,0.510690717113946,0.510690717113946,0.510690717113946,0.510690717113946,0.76454025516938,0.983194016717994,0.510690717113946,0.443642762868456,0.443642762868456,0.482534095908491,0.967531896172459,1.0622085349758,0.427804663440387,0.454377474703035,0.746238451385833,0.517289925208975,0.424813022437307,0.986009678838539,0.88614166300044,0.626044874615046,0.510690717113946,0.549230092388913,0.454377474703035,0.521425428948526,0.454377474703035,0.521425428948526,0.454377474703035,0.510690717113946,0.454377474703035,0.618213814342279,0.643026836779586,0.521777386713594,0.643026836779586,0.510690717113946,0.550285965684117,0.510690717113946,0.330664320281566,0.436339639243291,0.421117465904091,0.327232732072151,0.409678838539375,0.536471623405191,0.507259128904531,0.507259128904531,0.539903211614606,0.536471623405191,0.861592608886933,0.43246810382754,0.539815222173339,0.949142102947646,0.484469863616366,0.430884293884733,0.947998240211175,0.522745270567532,0.760756709194896,0.933567971843378,0.454113506379234,0.487461504619445,0.503475582930048,0.242058952925648,0.572459304883413,0.319401671799384,0.510690717113946,0.510690717113946,0.510690717113946,0.507259128904531,0.542366915970083,0.490981082270127,0.454377474703035,0.716761988561372,1.02208534975803,0.510690717113946,0.598592168939727,0.588825340959084,0.669071711394632,0.45543334799824,0.479014518257809,0.759084909810822,0.45543334799824,0.510690717113946,0.826396832380114,0.450329960404751,0.38090629124505,0.89538055433348,0.383809942806863,0.457633084029916,0.989705235371755,0.721953365596128,0.895556533216014,0.941223053233612,1.04021117465904,0.541135063792345,1.11890425461523,1.06625604927409,1.01082270127585,0.97941047074351
HEB_10_184,1.04161900571931,0.674703035635723,0.896788385393752,0.667399912010558,0.297932248130224,0.863968323801143,0.306555213374395,0.521249450065992,1.24100307963044,0.473295204575451,0.744038715354158,0.238803343598768,0.379058512978442,0.205543334799824,0.297932248130224,0.297932248130224,0.297932248130224,0.297932248130224,0.348086229652441,0.565332160140783,0.696876374835019,0.297932248130224,0.297932248130224,0.297932248130224,0.297932248130224,0.297932248130224,0.297932248130224,0.297932248130224,0.551781786185657,1.08719753629564,0.297932248130224,0.484293884733832,0.484293884733832,0.470391553013638,1.01874175098988,1.44073911130664,0.742982842058952,0.642850857897052,1.12476902771667,0.41011878574571,0.433787945446546,1.28007039155301,1.12740871095468,0.814518257809062,0.297932248130224,0.73770347558293,0.642850857897052,0.456489221293444,0.642850857897052,0.456489221293444,0.642850857897052,0.297932248130224,0.642850857897052,0.405455345358557,0.831500219973603,0.710250769907611,0.831500219973603,0.297932248130224,0.664848218213814,0.297932248130224,0.434667839859217,0.487549494060712,0.20835899692037,0.431236251649802,0.196920369555653,0.323713154421469,0.294500659920809,0.294500659920809,0.327144742630884,0.323713154421469,0.955037395512538,0.652617685877694,0.64381874175099,0.958117025956885,0.43009238891333,0.724945006599208,0.946414430268367,0.521161460624725,0.547998240211174,1.24874615046194,0.705939287285525,0.802639683238011,0.797536295644522,0.620589529256488,0.708139023317201,0.560668719753629,0.297932248130224,0.297932248130224,0.297932248130224,0.294500659920809,0.604135503739551,0.573867135943686,0.642850857897052,0.50400351957765,1.0838539375275,0.297932248130224,0.438627364716234,0.460536735591729,0.45631324241091,0.242674879014518,0.371843378794544,0.599120105587329,0.242674879014518,0.297932248130224,0.71922569291685,0.258688957325121,0.168147822261328,0.788209414870216,0.519489661240651,0.244874615046194,1.41047074351078,1.03713154421469,1.31632204135504,0.939639243290805,1.04918609766828,0.581786185657721,1.06625604927409,1.43412955733475,0.903651561812582,0.998944126704795
HEB_10_187,0.627188737351517,0.260272767267927,0.862472503299604,0.506379234491861,0.643730752309722,0.702947646282446,0.652353717553893,0.486933567971843,0.911042674879014,0.396744390673119,1.04760228772547,0.584601847778266,0.724857017157941,0.551341838979322,0.643730752309722,0.643730752309722,0.643730752309722,0.643730752309722,0.482710074791025,0.235371755389353,0.155741311042675,0.643730752309722,0.643730752309722,0.643730752309722,0.643730752309722,0.643730752309722,0.643730752309722,0.643730752309722,0.876462824461064,0.883941926968764,0.643730752309722,0.323273207215134,0.323273207215134,0.436075670919489,0.942190937087549,0.857369115706115,0.201847778266608,0.228420589529256,0.562516498020237,0.544742630884294,0.357237131544214,0.823405191377034,0.670743510778706,0.357853057633084,0.643730752309722,0.323273207215134,0.228420589529256,0.548878134623845,0.228420589529256,0.548878134623845,0.228420589529256,0.643730752309722,0.228420589529256,0.709018917729872,0.374835019797624,0.295820501539815,0.374835019797624,0.643730752309722,0.482710074791025,0.643730752309722,0.189177298724153,0.305411350637923,0.554157501099868,0.185745710514738,0.542718873735151,0.627276726792785,0.640299164100308,0.640299164100308,0.630708315002199,0.627276726792785,0.815134183897932,0.238187417509899,0.398328200615926,1.09274087109547,0.649186097668279,0.247162340519137,1.03880334359877,0.529080510338759,0.85156181258249,0.665376154861416,0.228156621205455,0.219269687637483,0.29863616366036,0.0794544654641441,0.63158820941487,0.167355917289925,0.643730752309722,0.643730752309722,0.643730752309722,0.640299164100308,0.443114826220853,0.370611526616806,0.228420589529256,0.807567091948965,0.986185657721073,0.643730752309722,0.699956005279366,0.764100307963044,0.759876814782226,0.588473383194016,0.717641882974043,0.923801143862736,0.588473383194016,0.643730752309722,1.06502419709635,0.604487461504619,0.513946326440826,1.09177298724153,0.442938847338319,0.590673119225693,0.827100747910251,0.453761548614166,0.754069511658601,1.13761548614166,1.18380994280686,0.420765508139023,1.01082270127585,0.903651561812582,1.25547541851386,1.17580290365156
HEB_10_190,0.553541575010998,0.186625604927408,0.788825340959084,0.432732072151341,0.570083589969203,0.629300483941926,0.578706555213374,0.413286405631324,1.00633523977123,0.386449626044874,1.17457105147382,0.669335679718433,0.651209854817421,0.593840739111306,0.570083589969203,0.570083589969203,0.570083589969203,0.570083589969203,0.514650241970963,0.182842058952925,0.546678398592169,0.570083589969203,0.570083589969203,0.570083589969203,0.570083589969203,0.570083589969203,0.570083589969203,0.570083589969203,0.823933128024636,0.852529696436428,0.570083589969203,0.249626044874615,0.249626044874615,0.36242850857897,0.910778706555213,0.952661680598328,0.254905411350638,0.154773427188737,0.636691597008358,0.513330400351957,0.283589969203695,0.791992960844698,0.63933128024637,0.326440827100748,0.570083589969203,0.249626044874615,0.154773427188737,0.475230972283326,0.154773427188737,0.475230972283326,0.154773427188737,0.570083589969203,0.154773427188737,0.677606687197536,0.343422789265288,0.222173339199296,0.343422789265288,0.570083589969203,0.556885173779146,0.570083589969203,0.115530136383634,0.231764188297404,0.480510338759348,0.112098548174219,0.469071711394632,0.595864496260448,0.566652001759788,0.566652001759788,0.599296084469863,0.595864496260448,0.910426748790144,0.227892652881654,0.409150901891773,1.04021117465904,0.702243730752309,0.236867575890893,1.00739111306643,0.539903211614606,0.820149582050153,0.760668719753629,0.21786185657721,0.314562252529696,0.710690717113946,0.301451825780906,0.906379234491861,0.558293004839419,0.570083589969203,0.570083589969203,0.570083589969203,0.566652001759788,0.369467663880334,0.296964364276287,0.154773427188737,0.828948526176858,1.07091948966124,0.570083589969203,0.626308842938847,0.732688077430708,0.72846458424989,0.514826220853497,0.643994720633524,0.871271447426308,0.514826220853497,0.570083589969203,0.991377034755829,0.5308402991641,0.725384953805543,1.2926528816542,0.728288605367355,0.517025956885173,1.26027276726793,0.654641443026836,1.16612406511219,1.54967003959525,1.2157501099868,0.389353277606687,0.97941047074351,0.998944126704795,1.17580290365156,1.39879573876795
